tender_id,category,customer,customer_bin,trade_method,publish_date,end_date,window_days,n_bidders,winner_supplier,winner_bin,amount_tg,status,is_captured_ground_truth
400000,Транспортные услуги,Заказчик_0174,628964171749,Электронный аукцион,2023-03-22,2023-04-03,12,3,Поставщик_0254,249692497310,1312686.71,Завершен,False
400001,Продукты питания,Заказчик_0083,349806593311,Электронный аукцион,2024-11-27,2024-12-09,12,3,Поставщик_0650,226837630452,540845.62,Завершен,False
400002,Медицинское оборудование,Заказчик_0053,105295618485,Запрос ценовых предложений,2023-12-29,2024-01-09,11,3,Поставщик_0560,600427856280,8455262.34,Завершен,False
400003,Ремонт зданий,Заказчик_0192,709445965738,Электронный аукцион,2025-01-10,2025-01-23,13,5,Поставщик_0176,636150818240,5800081.51,Итоги подведены,False
400004,Стройматериалы,Заказчик_0085,228319081121,Электронный аукцион,2024-05-06,2024-05-17,11,5,Поставщик_0551,195769373384,2692103.52,Итоги подведены,False
400005,Канцелярские товары,Заказчик_0081,893419340814,Из одного источника по несостоявшимся закупкам,2023-05-19,2023-05-25,6,3,Поставщик_0103,081878752772,317450.86,Итоги подведены,False
400006,Стройматериалы,Заказчик_0163,155720026558,Электронный аукцион,2023-03-29,2023-04-10,12,5,Поставщик_0636,644148931402,2699931.15,Завершен,False
400007,Медицинское оборудование,Заказчик_0193,560763609637,Электронный аукцион,2023-10-09,2023-10-16,7,6,Поставщик_0271,917418753163,7029060.15,Итоги подведены,False
400008,Охранные услуги,Заказчик_0089,395460786772,Электронный аукцион,2024-08-11,2024-08-20,9,5,Поставщик_0448,231433408630,1715408.92,Итоги подведены,False
400009,Медицинское оборудование,Заказчик_0043,200593676791,Электронный аукцион,2024-02-28,2024-03-13,14,3,Поставщик_0114,566757091730,6916605.48,Завершен,False
400010,IT-услуги,Заказчик_0129,967512170538,Запрос ценовых предложений,2025-04-05,2025-04-15,10,6,Поставщик_0573,786259204650,4278390.09,Завершен,False
400011,Клининг,Заказчик_0137,362813537454,Открытый конкурс,2023-09-22,2023-10-06,14,3,Поставщик_0633,682099770995,621654.62,Завершен,False
400012,Канцелярские товары,Заказчик_0023,152672624980,Открытый конкурс,2024-03-22,2024-03-27,5,3,Поставщик_0612,305653841439,261573.74,Итоги подведены,False
400013,Ремонт зданий,Заказчик_0067,415355431652,Открытый конкурс,2024-02-06,2024-02-13,7,7,Поставщик_0348,238397186701,5508362.34,Завершен,False
400014,Ремонт зданий,Заказчик_0034,638762102480,Из одного источника,2024-02-07,2024-02-16,9,2,Поставщик_0106,115345152371,5968829.35,Итоги подведены,False
400015,IT-услуги,Заказчик_0157,319262117645,Запрос ценовых предложений,2025-03-23,2025-04-05,13,7,Поставщик_0084,986105712292,4769759.25,Завершен,False
400016,Канцелярские товары,Заказчик_0113,268518827291,Из одного источника по несостоявшимся закупкам,2023-06-11,2023-06-19,8,2,Поставщик_0251,377751361568,299073.34,Завершен,False
400017,IT-услуги,Заказчик_0006,836394225258,Электронный аукцион,2024-03-20,2024-03-26,6,4,Поставщик_0711,363987954794,5448199.02,Отменен,False
400018,Канцелярские товары,Заказчик_0057,045227746976,Электронный аукцион,2024-02-25,2024-03-10,14,1,Поставщик_0221,526783920968,291803.02,Завершен,False
400019,IT-услуги,Заказчик_0062,298543394596,Из одного источника,2024-12-05,2024-12-13,8,3,Поставщик_0626,618076893639,4900840.5,Завершен,False
400020,Охранные услуги,Заказчик_0106,132435760062,Запрос ценовых предложений,2023-09-14,2023-09-25,11,4,Поставщик_0581,235737948478,2036120.05,Завершен,False
400021,Медицинское оборудование,Заказчик_0132,113739882651,Запрос ценовых предложений,2023-01-20,2023-01-28,8,4,Поставщик_0642,380264830214,6874825.11,Завершен,False
400022,Ремонт зданий,Заказчик_0191,742687446267,Открытый конкурс,2024-05-07,2024-05-15,8,5,Поставщик_0372,944811679801,5483947.64,Итоги подведены,False
400023,IT-услуги,Заказчик_0110,880371318781,Электронный аукцион,2023-11-30,2023-12-05,5,1,Поставщик_0240,906447641554,4793871.33,Завершен,False
400024,Транспортные услуги,Заказчик_0019,190156218256,Из одного источника,2023-05-17,2023-06-05,19,7,Поставщик_0137,267474352337,1048340.0,Завершен,False
400025,Канцелярские товары,Заказчик_0137,362813537454,Запрос ценовых предложений,2025-03-13,2025-03-24,11,3,Поставщик_0098,571368539972,317333.45,Отменен,False
400026,Клининг,Заказчик_0181,093957730128,Электронный аукцион,2024-11-03,2024-11-13,10,3,Поставщик_0321,485926593358,731045.85,Завершен,False
400027,Мебель,Заказчик_0058,694569801375,Запрос ценовых предложений,2023-06-11,2023-06-23,12,2,Поставщик_0734,331897353844,907414.01,Итоги подведены,False
400028,Клининг,Заказчик_0057,045227746976,Электронный аукцион,2023-01-17,2023-01-27,10,3,Поставщик_0588,727453636489,629960.74,Итоги подведены,False
400029,Охранные услуги,Заказчик_0158,456227804705,Электронный аукцион,2024-09-01,2024-09-10,9,3,Поставщик_0605,427937196986,2163781.28,Завершен,False
400030,Медицинское оборудование,Заказчик_0005,965687203229,Запрос ценовых предложений,2025-05-25,2025-06-06,12,5,Поставщик_0572,516919540856,7910396.08,Завершен,False
400031,Транспортные услуги,Заказчик_0122,138783944958,Из одного источника по несостоявшимся закупкам,2023-09-28,2023-10-22,24,1,Поставщик_0151,625246342738,1145734.3,Опубликован,False
400032,Транспортные услуги,Заказчик_0016,294850989981,Из одного источника,2023-05-30,2023-06-07,8,4,Поставщик_0282,723262034517,1052743.2,Завершен,False
400033,Продукты питания,Заказчик_0182,383719759048,Запрос ценовых предложений,2024-06-20,2024-06-27,7,5,Поставщик_0441,249590173425,476571.45,Итоги подведены,False
400034,Медицинское оборудование,Заказчик_0101,937882116761,Открытый конкурс,2023-04-13,2023-05-04,21,3,Поставщик_0462,246269807693,8292028.56,Завершен,False
400035,IT-услуги,Заказчик_0084,846650721507,Открытый конкурс,2024-08-09,2024-08-22,13,1,Поставщик_0520,270152889984,4993042.08,Итоги подведены,False
400036,Медицинское оборудование,Заказчик_0196,444633818661,Электронный аукцион,2023-06-23,2023-07-04,11,3,Поставщик_0697,317045030329,7369440.16,Завершен,False
400037,Продукты питания,Заказчик_0156,370660134587,Открытый конкурс,2025-01-12,2025-01-25,13,1,Поставщик_0772,923184834773,431924.43,Завершен,False
400038,Стройматериалы,Заказчик_0198,615372780181,Из одного источника,2025-01-17,2025-01-25,8,4,Поставщик_0628,628834501796,3206253.71,Опубликован,False
400039,Ремонт зданий,Заказчик_0186,053323099951,Открытый конкурс,2023-02-18,2023-03-12,22,1,Поставщик_0199,883751991993,5455117.31,Завершен,False
400040,Мебель,Заказчик_0198,615372780181,Из одного источника по несостоявшимся закупкам,2024-08-01,2024-08-14,13,1,Поставщик_0183,933280862559,943403.53,Итоги подведены,False
400041,Продукты питания,Заказчик_0166,287356331623,Из одного источника,2024-05-29,2024-06-01,3,2,Поставщик_0746,277946131833,540605.23,Завершен,False
400042,Стройматериалы,Заказчик_0024,420762754008,Из одного источника,2025-01-23,2025-02-04,12,6,Поставщик_0587,992848906008,2952051.03,Итоги подведены,False
400043,Ремонт зданий,Заказчик_0104,865457848634,Электронный аукцион,2025-01-29,2025-02-01,3,4,Поставщик_0485,756919489091,5309652.62,Завершен,False
400044,Транспортные услуги,Заказчик_0046,178619734353,Открытый конкурс,2023-05-29,2023-06-09,11,2,Поставщик_0363,826646713440,1118248.67,Завершен,False
400045,Ремонт зданий,Заказчик_0064,196215509941,Электронный аукцион,2024-01-11,2024-01-31,20,5,Поставщик_0188,522310503057,5903152.18,Завершен,False
400046,Канцелярские товары,Заказчик_0058,694569801375,Электронный аукцион,2024-03-16,2024-03-27,11,5,Поставщик_0662,345590235858,307109.86,Завершен,False
400047,Транспортные услуги,Заказчик_0115,986712861740,Из одного источника по несостоявшимся закупкам,2024-08-10,2024-08-21,11,3,Поставщик_0536,969870091633,1300781.95,Завершен,False
400048,Мебель,Заказчик_0015,769043821442,Из одного источника,2025-05-13,2025-05-21,8,7,Поставщик_0060,512534346021,1004041.43,Завершен,False
400049,Стройматериалы,Заказчик_0043,200593676791,Открытый конкурс,2025-05-12,2025-05-21,9,6,Поставщик_0541,928019730937,2999695.08,Опубликован,False
400050,Транспортные услуги,Заказчик_0098,137588080098,Электронный аукцион,2025-01-30,2025-02-15,16,1,Поставщик_0581,235737948478,1217358.99,Завершен,False
400051,Стройматериалы,Заказчик_0044,011652671671,Открытый конкурс,2023-04-18,2023-04-29,11,5,Поставщик_0635,900785867507,2823144.01,Завершен,False
400052,Клининг,Заказчик_0055,539176725448,Из одного источника,2023-10-09,2023-10-17,8,3,Поставщик_0099,994147727879,722695.0,Итоги подведены,False
400053,Медицинское оборудование,Заказчик_0153,051929549841,Электронный аукцион,2023-05-22,2023-06-01,10,7,Поставщик_0181,194339337476,8501067.36,Итоги подведены,False
400054,Медицинское оборудование,Заказчик_0129,967512170538,Открытый конкурс,2023-04-21,2023-04-24,3,2,Поставщик_0455,161205892073,7708635.92,Опубликован,False
400055,Продукты питания,Заказчик_0137,362813537454,Из одного источника по несостоявшимся закупкам,2023-04-20,2023-05-03,13,3,Поставщик_0123,947327724535,539805.24,Итоги подведены,False
400056,IT-услуги,Заказчик_0074,356428134255,Открытый конкурс,2024-05-05,2024-05-13,8,4,Поставщик_0699,964487800817,5498880.91,Завершен,False
400057,Клининг,Заказчик_0042,061403237378,Из одного источника,2023-04-10,2023-04-21,11,3,Поставщик_0509,232418148134,637144.91,Завершен,False
400058,Медицинское оборудование,Заказчик_0156,370660134587,Из одного источника,2025-02-07,2025-02-23,16,3,Поставщик_0465,980065671371,6810859.67,Итоги подведены,False
400059,Клининг,Заказчик_0099,557410386890,Из одного источника по несостоявшимся закупкам,2024-11-30,2024-12-10,10,4,Поставщик_0119,431616934635,735168.67,Завершен,False
400060,Стройматериалы,Заказчик_0086,600723107574,Открытый конкурс,2023-04-19,2023-05-07,18,2,Поставщик_0144,898856957794,2701336.58,Завершен,False
400061,Охранные услуги,Заказчик_0048,544728808246,Из одного источника по несостоявшимся закупкам,2024-11-25,2024-12-11,16,4,Поставщик_0042,158690795519,1835379.38,Завершен,False
400062,Охранные услуги,Заказчик_0168,413748378959,Запрос ценовых предложений,2024-04-15,2024-04-29,14,1,Поставщик_0605,427937196986,2008154.48,Опубликован,False
400063,Клининг,Заказчик_0023,152672624980,Запрос ценовых предложений,2025-06-01,2025-06-07,6,3,Поставщик_0328,112845460112,627118.32,Итоги подведены,False
400064,Мебель,Заказчик_0147,252922273397,Запрос ценовых предложений,2024-06-16,2024-06-20,4,4,Поставщик_0534,881111936199,925335.66,Завершен,False
400065,Клининг,Заказчик_0164,232971847802,Открытый конкурс,2024-02-17,2024-03-09,21,4,Поставщик_0328,112845460112,665706.02,Завершен,False
400066,Канцелярские товары,Заказчик_0074,356428134255,Из одного источника,2023-04-27,2023-05-04,7,1,Поставщик_0436,051841154098,277852.85,Завершен,False
400067,Ремонт зданий,Заказчик_0021,049902298831,Электронный аукцион,2023-04-18,2023-04-24,6,4,Поставщик_0503,457459864697,5982459.37,Завершен,False
400068,Клининг,Заказчик_0123,706853063646,Запрос ценовых предложений,2025-04-08,2025-04-17,9,3,Поставщик_0313,187275276446,694010.08,Завершен,False
400069,IT-услуги,Заказчик_0197,921159241640,Запрос ценовых предложений,2023-02-02,2023-02-26,24,5,Поставщик_0056,845848409759,5032515.6,Завершен,False
400070,Продукты питания,Заказчик_0048,544728808246,Из одного источника,2025-05-15,2025-05-30,15,6,Поставщик_0314,442712461000,529672.8,Итоги подведены,False
400071,Мебель,Заказчик_0138,309592304864,Открытый конкурс,2024-04-06,2024-04-16,10,2,Поставщик_0321,485926593358,933532.51,Итоги подведены,False
400072,Клининг,Заказчик_0007,329500167403,Открытый конкурс,2024-10-19,2024-10-23,4,1,Поставщик_0310,750312639452,739755.35,Завершен,False
400073,Транспортные услуги,Заказчик_0137,362813537454,Открытый конкурс,2023-10-10,2023-10-11,1,2,Поставщик_0700,814806005916,1055901.77,Итоги подведены,False
400074,Клининг,Заказчик_0134,006567464629,Из одного источника по несостоявшимся закупкам,2024-03-27,2024-04-11,15,6,Поставщик_0520,270152889984,596877.34,Завершен,False
400075,Продукты питания,Заказчик_0054,441094840601,Открытый конкурс,2025-05-12,2025-06-01,20,2,Поставщик_0190,906433503969,529538.04,Итоги подведены,False
400076,Транспортные услуги,Заказчик_0018,571295570558,Запрос ценовых предложений,2025-05-12,2025-05-24,12,4,Поставщик_0507,968046436330,1044014.79,Завершен,False
400077,Мебель,Заказчик_0003,868570220212,Открытый конкурс,2024-05-15,2024-05-24,9,2,Поставщик_0390,598768757751,895231.66,Завершен,False
400078,Стройматериалы,Заказчик_0074,356428134255,Открытый конкурс,2025-04-26,2025-04-27,1,2,Поставщик_0246,128011514827,2989833.88,Завершен,False
400079,Транспортные услуги,Заказчик_0045,891036937066,Из одного источника,2023-02-10,2023-02-23,13,1,Поставщик_0233,338574752609,1273076.52,Завершен,False
400080,Ремонт зданий,Заказчик_0011,890407714528,Открытый конкурс,2024-05-15,2024-05-30,15,2,Поставщик_0613,744440594763,5649912.58,Завершен,False
400081,IT-услуги,Заказчик_0108,933786876564,Запрос ценовых предложений,2024-08-07,2024-08-12,5,7,Поставщик_0727,273474772669,5312842.87,Итоги подведены,False
400082,IT-услуги,Заказчик_0052,571247952112,Из одного источника,2024-06-08,2024-06-20,12,2,Поставщик_0669,806013962187,5396672.09,Итоги подведены,False
400083,IT-услуги,Заказчик_0104,865457848634,Запрос ценовых предложений,2024-03-24,2024-04-01,8,2,Поставщик_0425,674249502283,4281028.91,Итоги подведены,False
400084,Ремонт зданий,Заказчик_0071,069974068469,Из одного источника по несостоявшимся закупкам,2024-09-13,2024-09-20,7,2,Поставщик_0194,060328680862,5517033.16,Итоги подведены,False
400085,Охранные услуги,Заказчик_0064,196215509941,Запрос ценовых предложений,2024-02-08,2024-02-14,6,10,Поставщик_0641,238196641402,2066206.75,Завершен,False
400086,Продукты питания,Заказчик_0178,823345926868,Из одного источника по несостоявшимся закупкам,2024-08-07,2024-08-12,5,6,Поставщик_0131,981867816273,440483.72,Завершен,False
400087,Канцелярские товары,Заказчик_0018,571295570558,Запрос ценовых предложений,2024-05-12,2024-05-20,8,7,Поставщик_0118,178899452007,296659.63,Завершен,False
400088,Охранные услуги,Заказчик_0017,424039274499,Открытый конкурс,2023-08-28,2023-09-11,14,1,Поставщик_0335,393920822896,1886351.17,Завершен,False
400089,IT-услуги,Заказчик_0174,628964171749,Запрос ценовых предложений,2025-04-12,2025-04-17,5,3,Поставщик_0711,363987954794,5331820.69,Завершен,False
400090,Клининг,Заказчик_0073,291422089614,Открытый конкурс,2023-12-21,2023-12-30,9,1,Поставщик_0583,869301373063,703832.11,Завершен,False
400091,Стройматериалы,Заказчик_0101,937882116761,Из одного источника по несостоявшимся закупкам,2024-12-21,2024-12-29,8,1,Поставщик_0206,560233844605,2935972.01,Отменен,False
400092,Клининг,Заказчик_0127,352249294184,Открытый конкурс,2024-04-22,2024-05-01,9,5,Поставщик_0530,915786308760,744335.32,Отменен,False
400093,Охранные услуги,Заказчик_0122,138783944958,Открытый конкурс,2023-01-27,2023-02-10,14,4,Поставщик_0234,545458190187,1742405.8,Опубликован,False
400094,Ремонт зданий,Заказчик_0047,881968747928,Открытый конкурс,2024-02-09,2024-02-12,3,4,Поставщик_0710,341084543823,5962307.89,Итоги подведены,False
400095,Канцелярские товары,Заказчик_0111,446242745384,Запрос ценовых предложений,2024-10-07,2024-10-13,6,3,Поставщик_0448,231433408630,282403.38,Итоги подведены,False
400096,Охранные услуги,Заказчик_0152,918199349998,Из одного источника по несостоявшимся закупкам,2023-11-12,2023-11-24,12,1,Поставщик_0678,091341327221,1926639.96,Итоги подведены,False
400097,Канцелярские товары,Заказчик_0196,444633818661,Открытый конкурс,2023-07-01,2023-07-04,3,5,Поставщик_0325,647107852974,322274.76,Опубликован,False
400098,Продукты питания,Заказчик_0039,704542495687,Электронный аукцион,2024-05-19,2024-06-01,13,6,Поставщик_0256,172697105248,465311.54,Итоги подведены,False
400099,Транспортные услуги,Заказчик_0118,609055953469,Открытый конкурс,2023-10-20,2023-11-07,18,5,Поставщик_0659,469189934571,1162877.19,Опубликован,False
400100,Ремонт зданий,Заказчик_0039,704542495687,Из одного источника,2024-06-14,2024-06-23,9,5,Поставщик_0517,249119330058,6079383.19,Опубликован,False
400101,Медицинское оборудование,Заказчик_0160,845404873875,Открытый конкурс,2024-08-30,2024-09-02,3,1,Поставщик_0467,681232354610,10430556.95,Завершен,True
400102,Охранные услуги,Заказчик_0017,424039274499,Из одного источника по несостоявшимся закупкам,2023-05-06,2023-05-13,7,2,Поставщик_0616,670217426833,1823033.31,Завершен,False
400103,Клининг,Заказчик_0041,403641416035,Открытый конкурс,2023-02-02,2023-02-13,11,3,Поставщик_0325,647107852974,614530.06,Опубликован,False
400104,Стройматериалы,Заказчик_0104,865457848634,Электронный аукцион,2024-11-30,2024-12-11,11,3,Поставщик_0017,205667686355,2862457.22,Завершен,False
400105,Медицинское оборудование,Заказчик_0185,103321145403,Из одного источника,2023-02-24,2023-03-01,5,2,Поставщик_0379,687413037719,7816334.71,Опубликован,False
400106,Стройматериалы,Заказчик_0175,560089674827,Открытый конкурс,2023-01-27,2023-01-31,4,4,Поставщик_0390,598768757751,2731862.14,Опубликован,False
400107,Продукты питания,Заказчик_0099,557410386890,Из одного источника по несостоявшимся закупкам,2023-10-27,2023-11-10,14,4,Поставщик_0122,800050545955,482596.2,Итоги подведены,False
400108,Продукты питания,Заказчик_0144,516681609103,Электронный аукцион,2023-06-22,2023-07-04,12,1,Поставщик_0020,007565470562,539852.9,Завершен,False
400109,Охранные услуги,Заказчик_0146,531933776661,Запрос ценовых предложений,2023-05-16,2023-05-21,5,1,Поставщик_0299,615581038112,2412993.18,Завершен,True
400110,Охранные услуги,Заказчик_0191,742687446267,Открытый конкурс,2023-05-19,2023-06-08,20,5,Поставщик_0502,300791075489,2126684.73,Завершен,False
400111,Транспортные услуги,Заказчик_0162,649389366563,Электронный аукцион,2023-04-10,2023-04-16,6,3,Поставщик_0156,783261183658,1295638.1,Завершен,False
400112,Транспортные услуги,Заказчик_0057,045227746976,Открытый конкурс,2025-05-21,2025-06-05,15,6,Поставщик_0652,496109906857,1144207.83,Итоги подведены,False
400113,Ремонт зданий,Заказчик_0065,847528925395,Из одного источника по несостоявшимся закупкам,2024-06-27,2024-07-09,12,1,Поставщик_0376,010890391076,5619717.98,Итоги подведены,False
400114,Ремонт зданий,Заказчик_0076,276366676869,Открытый конкурс,2024-09-23,2024-09-29,6,6,Поставщик_0470,146781682683,5315577.99,Завершен,False
400115,Клининг,Заказчик_0058,694569801375,Из одного источника,2023-05-29,2023-06-18,20,3,Поставщик_0128,110621371287,597901.47,Итоги подведены,False
400116,Транспортные услуги,Заказчик_0053,105295618485,Из одного источника,2024-06-04,2024-06-12,8,4,Поставщик_0431,457774731762,1101956.16,Итоги подведены,False
400117,Охранные услуги,Заказчик_0187,313404440226,Электронный аукцион,2024-06-10,2024-06-27,17,4,Поставщик_0397,629397549404,1997856.89,Завершен,False
400118,Транспортные услуги,Заказчик_0083,349806593311,Запрос ценовых предложений,2025-02-01,2025-02-19,18,3,Поставщик_0136,106633162843,1223286.23,Итоги подведены,False
400119,Канцелярские товары,Заказчик_0062,298543394596,Открытый конкурс,2025-02-25,2025-03-10,13,5,Поставщик_0195,390385154902,314702.14,Завершен,False
400120,Мебель,Заказчик_0093,375889866098,Из одного источника,2024-01-21,2024-02-03,13,2,Поставщик_0561,937134461636,1020645.4,Итоги подведены,False
400121,Ремонт зданий,Заказчик_0095,724337750016,Запрос ценовых предложений,2024-01-03,2024-01-16,13,2,Поставщик_0218,435602273530,6388474.29,Завершен,False
400122,Охранные услуги,Заказчик_0027,073988827188,Электронный аукцион,2023-08-08,2023-08-27,19,6,Поставщик_0463,595148239633,2091480.07,Завершен,False
400123,Мебель,Заказчик_0105,101837512445,Открытый конкурс,2023-07-10,2023-07-31,21,4,Поставщик_0222,535877304424,901099.34,Завершен,False
400124,Медицинское оборудование,Заказчик_0168,413748378959,Электронный аукцион,2024-02-15,2024-03-02,16,5,Поставщик_0529,476011360029,8017482.26,Завершен,False
400125,Охранные услуги,Заказчик_0006,836394225258,Запрос ценовых предложений,2023-01-21,2023-02-03,13,4,Поставщик_0395,127547310444,1888602.99,Завершен,False
400126,Медицинское оборудование,Заказчик_0069,588454746149,Из одного источника,2024-11-23,2024-11-30,7,2,Поставщик_0696,543034672599,8709796.78,Завершен,False
400127,Медицинское оборудование,Заказчик_0164,232971847802,Электронный аукцион,2023-04-28,2023-05-03,5,3,Поставщик_0202,636456738411,7204176.2,Завершен,False
400128,Транспортные услуги,Заказчик_0119,207376773058,Открытый конкурс,2024-03-06,2024-03-21,15,2,Поставщик_0756,517725351365,1164447.4,Завершен,False
400129,Охранные услуги,Заказчик_0080,658912085920,Запрос ценовых предложений,2024-04-14,2024-04-24,10,2,Поставщик_0781,916367478121,1826218.15,Завершен,False
400130,Продукты питания,Заказчик_0173,212954133846,Открытый конкурс,2023-10-09,2023-10-18,9,6,Поставщик_0066,762315986624,463058.32,Опубликован,False
400131,Продукты питания,Заказчик_0013,352206298026,Электронный аукцион,2024-11-19,2024-12-01,12,3,Поставщик_0092,424848414614,445663.92,Завершен,False
400132,Транспортные услуги,Заказчик_0051,545473722111,Запрос ценовых предложений,2024-02-13,2024-02-25,12,4,Поставщик_0218,435602273530,1141456.49,Завершен,False
400133,Стройматериалы,Заказчик_0092,787963526218,Запрос ценовых предложений,2023-05-25,2023-05-30,5,3,Поставщик_0323,852094270803,3222091.56,Завершен,False
400134,Охранные услуги,Заказчик_0121,095952713783,Электронный аукцион,2023-12-13,2023-12-29,16,3,Поставщик_0179,039907515261,1822629.49,Завершен,False
400135,Стройматериалы,Заказчик_0143,957760497757,Открытый конкурс,2023-08-27,2023-09-06,10,4,Поставщик_0155,018915617364,2733597.38,Завершен,False
400136,Стройматериалы,Заказчик_0136,789135342202,Из одного источника,2023-02-02,2023-02-14,12,6,Поставщик_0419,193001215700,2648816.12,Завершен,False
400137,Клининг,Заказчик_0160,845404873875,Электронный аукцион,2025-04-26,2025-05-07,11,4,Поставщик_0706,126245364680,631350.52,Итоги подведены,False
400138,Канцелярские товары,Заказчик_0029,639591919214,Запрос ценовых предложений,2025-02-25,2025-03-15,18,2,Поставщик_0150,536196460253,300609.69,Итоги подведены,False
400139,Стройматериалы,Заказчик_0193,560763609637,Открытый конкурс,2023-01-28,2023-02-10,13,2,Поставщик_0390,598768757751,3291452.92,Завершен,False
400140,Охранные услуги,Заказчик_0043,200593676791,Из одного источника по несостоявшимся закупкам,2025-01-05,2025-01-23,18,3,Поставщик_0600,570574392301,1725053.34,Завершен,False
400141,Транспортные услуги,Заказчик_0112,839942359881,Запрос ценовых предложений,2024-10-29,2024-11-05,7,1,Поставщик_0336,874088944878,1666004.53,Итоги подведены,True
400142,Охранные услуги,Заказчик_0171,919426295735,Запрос ценовых предложений,2023-02-18,2023-02-28,10,5,Поставщик_0347,110188792867,2196684.25,Отменен,False
400143,Транспортные услуги,Заказчик_0017,424039274499,Открытый конкурс,2024-11-06,2024-11-16,10,1,Поставщик_0639,473927972652,1058709.02,Завершен,False
400144,Ремонт зданий,Заказчик_0038,756202235126,Открытый конкурс,2024-12-09,2024-12-13,4,4,Поставщик_0684,527233135406,6089926.95,Завершен,False
400145,Транспортные услуги,Заказчик_0074,356428134255,Запрос ценовых предложений,2024-07-23,2024-08-05,13,3,Поставщик_0085,401028370708,1223428.22,Завершен,False
400146,Охранные услуги,Заказчик_0004,633229661713,Запрос ценовых предложений,2024-06-09,2024-06-29,20,6,Поставщик_0604,789516709861,2173767.8,Завершен,False
400147,Медицинское оборудование,Заказчик_0093,375889866098,Из одного источника по несостоявшимся закупкам,2023-02-06,2023-02-14,8,6,Поставщик_0196,533133629586,8094143.6,Завершен,False
400148,Клининг,Заказчик_0006,836394225258,Электронный аукцион,2024-09-18,2024-09-28,10,2,Поставщик_0170,188216312170,711810.74,Опубликован,False
400149,Канцелярские товары,Заказчик_0179,703500144758,Электронный аукцион,2024-01-03,2024-01-22,19,1,Поставщик_0459,105749993465,279491.01,Отменен,False
400150,Транспортные услуги,Заказчик_0010,757503098830,Открытый конкурс,2023-05-27,2023-06-06,10,3,Поставщик_0672,334018729361,1102545.76,Завершен,False
400151,Стройматериалы,Заказчик_0085,228319081121,Запрос ценовых предложений,2024-12-01,2024-12-02,1,3,Поставщик_0133,607514168876,2956559.28,Итоги подведены,False
400152,Мебель,Заказчик_0002,930086875935,Запрос ценовых предложений,2024-11-23,2024-12-06,13,3,Поставщик_0019,918536797002,1094032.1,Завершен,False
400153,Канцелярские товары,Заказчик_0120,174668074201,Электронный аукцион,2025-05-07,2025-05-18,11,1,Поставщик_0036,652800941983,285004.61,Завершен,False
400154,IT-услуги,Заказчик_0178,823345926868,Электронный аукцион,2025-05-16,2025-05-24,8,5,Поставщик_0375,617428444873,5040253.13,Итоги подведены,False
400155,Ремонт зданий,Заказчик_0104,865457848634,Запрос ценовых предложений,2024-07-03,2024-07-22,19,8,Поставщик_0135,014282841775,5784678.29,Итоги подведены,False
400156,IT-услуги,Заказчик_0141,155013446536,Открытый конкурс,2024-06-29,2024-07-08,9,3,Поставщик_0288,661203121503,4523570.76,Завершен,False
400157,Охранные услуги,Заказчик_0171,919426295735,Открытый конкурс,2024-08-03,2024-08-17,14,2,Поставщик_0682,433512932356,1868064.98,Итоги подведены,False
400158,Клининг,Заказчик_0029,639591919214,Открытый конкурс,2023-05-01,2023-05-05,4,2,Поставщик_0131,981867816273,663260.95,Итоги подведены,False
400159,Стройматериалы,Заказчик_0062,298543394596,Открытый конкурс,2025-01-25,2025-02-20,26,1,Поставщик_0382,989586553277,2867100.25,Опубликован,False
400160,Мебель,Заказчик_0060,098599620746,Из одного источника по несостоявшимся закупкам,2025-02-28,2025-03-12,12,2,Поставщик_0077,930130381662,1047684.49,Опубликован,False
400161,Продукты питания,Заказчик_0188,511393683388,Из одного источника по несостоявшимся закупкам,2025-04-19,2025-04-28,9,4,Поставщик_0632,492032371579,477936.92,Опубликован,False
400162,Мебель,Заказчик_0160,845404873875,Из одного источника,2023-08-08,2023-08-24,16,5,Поставщик_0646,902533636786,1031960.82,Итоги подведены,False
400163,Стройматериалы,Заказчик_0156,370660134587,Открытый конкурс,2024-03-26,2024-04-01,6,3,Поставщик_0721,536139518740,3054198.32,Завершен,False
400164,Стройматериалы,Заказчик_0047,881968747928,Открытый конкурс,2023-10-19,2023-10-31,12,6,Поставщик_0093,500663526930,3219773.26,Опубликован,False
400165,Канцелярские товары,Заказчик_0053,105295618485,Открытый конкурс,2024-12-09,2024-12-16,7,2,Поставщик_0081,606435416636,295038.0,Завершен,False
400166,Клининг,Заказчик_0049,308127387209,Электронный аукцион,2024-04-04,2024-04-14,10,1,Поставщик_0202,636456738411,671355.42,Итоги подведены,False
400167,Охранные услуги,Заказчик_0154,114217757188,Запрос ценовых предложений,2023-02-17,2023-02-20,3,1,Поставщик_0442,406737830193,2320903.01,Итоги подведены,True
400168,Мебель,Заказчик_0015,769043821442,Электронный аукцион,2024-11-03,2024-11-10,7,1,Поставщик_0519,159617905379,1065200.24,Опубликован,False
400169,Медицинское оборудование,Заказчик_0050,074766470263,Открытый конкурс,2025-01-10,2025-01-22,12,3,Поставщик_0555,891389365286,8275595.11,Завершен,False
400170,Канцелярские товары,Заказчик_0179,703500144758,Открытый конкурс,2023-10-22,2023-11-03,12,4,Поставщик_0779,380890355108,270628.45,Опубликован,False
400171,Медицинское оборудование,Заказчик_0082,679471404490,Из одного источника по несостоявшимся закупкам,2024-11-08,2024-11-25,17,1,Поставщик_0233,338574752609,7152582.73,Завершен,False
400172,Мебель,Заказчик_0075,929625670649,Запрос ценовых предложений,2023-02-09,2023-02-21,12,3,Поставщик_0518,373753623817,962182.38,Завершен,False
400173,Канцелярские товары,Заказчик_0109,331294210817,Открытый конкурс,2025-01-10,2025-01-20,10,4,Поставщик_0353,693779520630,304205.54,Итоги подведены,False
400174,Клининг,Заказчик_0001,016525808631,Запрос ценовых предложений,2023-08-15,2023-08-21,6,4,Поставщик_0699,964487800817,603655.35,Завершен,False
400175,Медицинское оборудование,Заказчик_0016,294850989981,Открытый конкурс,2024-10-23,2024-10-31,8,3,Поставщик_0505,685208594331,8453222.97,Завершен,False
400176,Продукты питания,Заказчик_0158,456227804705,Из одного источника по несостоявшимся закупкам,2023-05-22,2023-06-06,15,3,Поставщик_0440,153928262967,509581.55,Опубликован,False
400177,Охранные услуги,Заказчик_0003,868570220212,Из одного источника,2023-12-13,2023-12-23,10,1,Поставщик_0690,530413526928,1806138.57,Опубликован,False
400178,Мебель,Заказчик_0197,921159241640,Из одного источника,2024-11-27,2024-12-12,15,3,Поставщик_0370,008318800461,1083885.49,Завершен,False
400179,Мебель,Заказчик_0173,212954133846,Из одного источника,2024-08-04,2024-08-23,19,2,Поставщик_0582,664536010552,1019881.75,Завершен,False
400180,Транспортные услуги,Заказчик_0115,986712861740,Электронный аукцион,2025-03-14,2025-03-22,8,2,Поставщик_0491,158112158095,1060407.61,Завершен,False
400181,IT-услуги,Заказчик_0195,530149191342,Электронный аукцион,2023-03-31,2023-04-13,13,2,Поставщик_0559,063934408962,4696712.03,Отменен,False
400182,Канцелярские товары,Заказчик_0058,694569801375,Запрос ценовых предложений,2025-04-16,2025-04-18,2,3,Поставщик_0043,843402250921,263055.22,Завершен,False
400183,Ремонт зданий,Заказчик_0119,207376773058,Из одного источника по несостоявшимся закупкам,2024-07-03,2024-07-18,15,4,Поставщик_0332,411942543934,5889090.79,Итоги подведены,False
400184,Ремонт зданий,Заказчик_0118,609055953469,Из одного источника по несостоявшимся закупкам,2024-02-03,2024-02-09,6,5,Поставщик_0475,719972248115,6567951.22,Завершен,False
400185,Медицинское оборудование,Заказчик_0188,511393683388,Из одного источника по несостоявшимся закупкам,2023-02-09,2023-02-24,15,5,Поставщик_0429,862799779028,7442171.25,Итоги подведены,False
400186,Медицинское оборудование,Заказчик_0081,893419340814,Электронный аукцион,2025-06-02,2025-06-11,9,4,Поставщик_0647,153214449482,8066298.36,Завершен,False
400187,Транспортные услуги,Заказчик_0003,868570220212,Электронный аукцион,2023-04-03,2023-04-16,13,4,Поставщик_0677,115828932790,1158545.37,Итоги подведены,False
400188,Медицинское оборудование,Заказчик_0151,841936905579,Из одного источника,2023-11-12,2023-11-28,16,3,Поставщик_0222,535877304424,7132125.26,Опубликован,False
400189,Ремонт зданий,Заказчик_0120,174668074201,Открытый конкурс,2024-05-13,2024-05-20,7,3,Поставщик_0345,329999570263,5486133.54,Завершен,False
400190,Охранные услуги,Заказчик_0100,825533331515,Открытый конкурс,2025-05-23,2025-06-02,10,2,Поставщик_0562,307506639977,2172759.95,Завершен,False
400191,Канцелярские товары,Заказчик_0124,308392990638,Запрос ценовых предложений,2025-04-14,2025-05-04,20,2,Поставщик_0511,245773785983,257890.65,Завершен,False
400192,Медицинское оборудование,Заказчик_0124,308392990638,Из одного источника,2025-04-02,2025-04-03,1,1,Поставщик_0061,660832798083,8286919.92,Завершен,False
400193,Стройматериалы,Заказчик_0017,424039274499,Из одного источника,2024-05-21,2024-05-26,5,2,Поставщик_0722,214386232851,3139987.28,Завершен,False
400194,IT-услуги,Заказчик_0036,195028486959,Открытый конкурс,2025-03-03,2025-03-04,1,3,Поставщик_0506,925712227523,5218634.88,Итоги подведены,False
400195,Ремонт зданий,Заказчик_0125,691670073356,Открытый конкурс,2025-03-01,2025-03-16,15,7,Поставщик_0315,693616007772,5251659.25,Завершен,False
400196,Транспортные услуги,Заказчик_0161,030990904779,Электронный аукцион,2024-03-30,2024-04-15,16,5,Поставщик_0633,682099770995,1055519.72,Завершен,False
400197,Стройматериалы,Заказчик_0153,051929549841,Открытый конкурс,2024-03-09,2024-03-13,4,4,Поставщик_0288,661203121503,2940343.08,Завершен,False
400198,Транспортные услуги,Заказчик_0176,053666440505,Из одного источника по несостоявшимся закупкам,2024-01-26,2024-02-11,16,3,Поставщик_0378,790259742576,1032028.5,Завершен,False
400199,Охранные услуги,Заказчик_0016,294850989981,Открытый конкурс,2024-09-13,2024-09-15,2,2,Поставщик_0378,790259742576,1794237.15,Завершен,False
400200,Канцелярские товары,Заказчик_0083,349806593311,Запрос ценовых предложений,2023-06-17,2023-07-12,25,4,Поставщик_0320,336265903303,303875.21,Завершен,False
400201,Охранные услуги,Заказчик_0071,069974068469,Запрос ценовых предложений,2023-03-29,2023-04-04,6,3,Поставщик_0591,682114187894,1967300.38,Итоги подведены,False
400202,Канцелярские товары,Заказчик_0032,421496963502,Из одного источника,2024-03-06,2024-03-22,16,1,Поставщик_0647,153214449482,307934.78,Завершен,False
400203,Канцелярские товары,Заказчик_0181,093957730128,Запрос ценовых предложений,2025-05-12,2025-05-17,5,1,Поставщик_0242,714617997408,325190.56,Итоги подведены,False
400204,Канцелярские товары,Заказчик_0125,691670073356,Запрос ценовых предложений,2025-03-31,2025-04-09,9,2,Поставщик_0019,918536797002,295117.36,Завершен,False
400205,Стройматериалы,Заказчик_0098,137588080098,Из одного источника по несостоявшимся закупкам,2023-04-16,2023-05-02,16,3,Поставщик_0638,103622641025,3276564.24,Завершен,False
400206,Клининг,Заказчик_0125,691670073356,Электронный аукцион,2024-12-13,2024-12-29,16,2,Поставщик_0745,427612360235,746778.03,Завершен,False
400207,Охранные услуги,Заказчик_0099,557410386890,Из одного источника по несостоявшимся закупкам,2023-06-20,2023-07-03,13,6,Поставщик_0788,853991820736,1971747.8,Завершен,False
400208,Медицинское оборудование,Заказчик_0093,375889866098,Из одного источника по несостоявшимся закупкам,2023-07-13,2023-07-31,18,4,Поставщик_0060,512534346021,7583013.68,Завершен,False
400209,Канцелярские товары,Заказчик_0162,649389366563,Открытый конкурс,2025-05-24,2025-06-12,19,2,Поставщик_0364,117948525800,324801.34,Итоги подведены,False
400210,Охранные услуги,Заказчик_0143,957760497757,Открытый конкурс,2023-03-20,2023-04-04,15,1,Поставщик_0279,680830429577,2187868.01,Отменен,False
400211,Охранные услуги,Заказчик_0080,658912085920,Запрос ценовых предложений,2023-02-01,2023-02-10,9,4,Поставщик_0549,779704718153,1776800.92,Завершен,False
400212,Канцелярские товары,Заказчик_0152,918199349998,Запрос ценовых предложений,2023-05-14,2023-06-06,23,4,Поставщик_0302,439112186855,315043.77,Итоги подведены,False
400213,Канцелярские товары,Заказчик_0134,006567464629,Из одного источника по несостоявшимся закупкам,2023-06-25,2023-07-11,16,3,Поставщик_0289,335139441430,271944.67,Завершен,False
400214,Ремонт зданий,Заказчик_0108,933786876564,Запрос ценовых предложений,2024-07-12,2024-07-24,12,3,Поставщик_0011,543600741840,5581101.18,Завершен,False
400215,Канцелярские товары,Заказчик_0036,195028486959,Открытый конкурс,2025-05-01,2025-05-08,7,4,Поставщик_0029,042388906871,325250.23,Завершен,False
400216,Ремонт зданий,Заказчик_0020,455927236237,Электронный аукцион,2025-01-09,2025-01-17,8,5,Поставщик_0794,013164621740,5816919.87,Итоги подведены,False
400217,Медицинское оборудование,Заказчик_0114,492430052930,Запрос ценовых предложений,2023-04-07,2023-04-18,11,1,Поставщик_0568,479045024243,7255935.54,Завершен,False
400218,Охранные услуги,Заказчик_0194,940255554375,Электронный аукцион,2024-07-04,2024-07-15,11,4,Поставщик_0280,087096813631,2111106.77,Завершен,False
400219,Канцелярские товары,Заказчик_0180,050288400985,Запрос ценовых предложений,2023-02-15,2023-03-03,16,5,Поставщик_0291,467915348400,304689.72,Завершен,False
400220,Медицинское оборудование,Заказчик_0082,679471404490,Из одного источника,2025-04-16,2025-04-19,3,5,Поставщик_0126,093758825163,7230990.28,Опубликован,False
400221,Транспортные услуги,Заказчик_0141,155013446536,Электронный аукцион,2025-05-14,2025-05-15,1,1,Поставщик_0145,450106962395,1208047.49,Завершен,False
400222,Ремонт зданий,Заказчик_0140,572961937397,Открытый конкурс,2023-07-22,2023-08-01,10,1,Поставщик_0444,253076132062,6534069.99,Завершен,False
400223,Ремонт зданий,Заказчик_0045,891036937066,Электронный аукцион,2025-03-16,2025-03-29,13,2,Поставщик_0778,818114369237,6424238.35,Опубликован,False
400224,IT-услуги,Заказчик_0082,679471404490,Запрос ценовых предложений,2023-06-02,2023-06-14,12,2,Поставщик_0582,664536010552,4434282.44,Опубликован,False
400225,Клининг,Заказчик_0014,219547810444,Запрос ценовых предложений,2024-09-29,2024-10-05,6,1,Поставщик_0730,344726620896,691291.95,Завершен,False
400226,Стройматериалы,Заказчик_0017,424039274499,Открытый конкурс,2023-05-15,2023-05-28,13,6,Поставщик_0104,693993502678,2820607.92,Завершен,False
400227,Канцелярские товары,Заказчик_0023,152672624980,Из одного источника по несостоявшимся закупкам,2023-03-04,2023-03-16,12,3,Поставщик_0365,679875524456,278538.51,Завершен,False
400228,Ремонт зданий,Заказчик_0087,751590785490,Из одного источника по несостоявшимся закупкам,2023-11-25,2023-12-03,8,3,Поставщик_0504,777279885669,6244733.23,Завершен,False
400229,Продукты питания,Заказчик_0134,006567464629,Электронный аукцион,2023-04-28,2023-04-29,1,9,Поставщик_0405,385456565010,426975.69,Завершен,False
400230,Клининг,Заказчик_0022,876960826911,Из одного источника по несостоявшимся закупкам,2024-02-26,2024-03-12,15,4,Поставщик_0459,105749993465,634406.09,Завершен,False
400231,IT-услуги,Заказчик_0058,694569801375,Открытый конкурс,2024-03-20,2024-03-30,10,6,Поставщик_0660,885690734448,5007874.25,Завершен,False
400232,Продукты питания,Заказчик_0013,352206298026,Запрос ценовых предложений,2024-01-24,2024-02-01,8,2,Поставщик_0714,202683434669,449398.19,Завершен,False
400233,Продукты питания,Заказчик_0010,757503098830,Открытый конкурс,2023-11-07,2023-11-10,3,1,Поставщик_0185,771865953750,717394.03,Завершен,True
400234,Медицинское оборудование,Заказчик_0128,840683305887,Электронный аукцион,2023-02-23,2023-03-06,11,2,Поставщик_0396,428296257340,8423976.4,Итоги подведены,False
400235,Ремонт зданий,Заказчик_0004,633229661713,Электронный аукцион,2025-01-20,2025-01-26,6,4,Поставщик_0296,457711350883,5514311.05,Завершен,False
400236,Ремонт зданий,Заказчик_0140,572961937397,Открытый конкурс,2024-05-20,2024-05-31,11,3,Поставщик_0204,434240733675,6257774.01,Завершен,False
400237,Канцелярские товары,Заказчик_0058,694569801375,Запрос ценовых предложений,2023-08-27,2023-08-28,1,2,Поставщик_0007,228960979981,297837.55,Завершен,False
400238,Стройматериалы,Заказчик_0148,216398982273,Из одного источника по несостоявшимся закупкам,2025-03-05,2025-03-08,3,3,Поставщик_0521,790495056105,2846425.99,Итоги подведены,False
400239,Медицинское оборудование,Заказчик_0101,937882116761,Открытый конкурс,2023-02-04,2023-02-09,5,2,Поставщик_0549,779704718153,7620097.57,Опубликован,False
400240,Мебель,Заказчик_0072,072315571086,Открытый конкурс,2024-10-28,2024-11-08,11,6,Поставщик_0383,675235830780,1032453.81,Завершен,False
400241,Медицинское оборудование,Заказчик_0051,545473722111,Из одного источника по несостоявшимся закупкам,2025-02-14,2025-03-04,18,2,Поставщик_0262,018646815901,7170750.55,Завершен,False
400242,Транспортные услуги,Заказчик_0066,882749582259,Электронный аукцион,2023-08-03,2023-08-11,8,5,Поставщик_0666,295758217844,1060511.43,Завершен,False
400243,Продукты питания,Заказчик_0114,492430052930,Запрос ценовых предложений,2023-09-18,2023-10-02,14,3,Поставщик_0667,289713077352,429389.6,Завершен,False
400244,Ремонт зданий,Заказчик_0052,571247952112,Открытый конкурс,2024-12-08,2024-12-25,17,5,Поставщик_0042,158690795519,5175803.98,Завершен,False
400245,Стройматериалы,Заказчик_0190,238315556594,Из одного источника,2024-07-29,2024-07-31,2,1,Поставщик_0580,935274531168,3725220.21,Итоги подведены,True
400246,IT-услуги,Заказчик_0176,053666440505,Запрос ценовых предложений,2024-04-28,2024-05-08,10,4,Поставщик_0607,536449729464,5345847.67,Итоги подведены,False
400247,Транспортные услуги,Заказчик_0118,609055953469,Открытый конкурс,2024-11-14,2024-11-26,12,4,Поставщик_0641,238196641402,1091501.56,Завершен,False
400248,IT-услуги,Заказчик_0055,539176725448,Электронный аукцион,2024-08-28,2024-09-07,10,5,Поставщик_0317,340583741741,5097464.82,Опубликован,False
400249,Медицинское оборудование,Заказчик_0085,228319081121,Открытый конкурс,2024-03-30,2024-04-19,20,6,Поставщик_0737,540378658813,8076447.11,Завершен,False
400250,Транспортные услуги,Заказчик_0117,419505214624,Из одного источника,2023-03-05,2023-03-09,4,1,Поставщик_0101,134564782885,1413770.82,Завершен,True
400251,Охранные услуги,Заказчик_0122,138783944958,Запрос ценовых предложений,2025-06-06,2025-06-09,3,6,Поставщик_0292,652920546051,2085096.56,Итоги подведены,False
400252,Канцелярские товары,Заказчик_0019,190156218256,Запрос ценовых предложений,2023-07-31,2023-08-06,6,2,Поставщик_0000,872601131654,271511.84,Итоги подведены,False
400253,Мебель,Заказчик_0012,425723964512,Из одного источника по несостоявшимся закупкам,2024-06-29,2024-07-08,9,2,Поставщик_0280,087096813631,937068.97,Итоги подведены,False
400254,IT-услуги,Заказчик_0113,268518827291,Электронный аукцион,2024-11-06,2024-11-17,11,2,Поставщик_0581,235737948478,5187132.19,Отменен,False
400255,Стройматериалы,Заказчик_0013,352206298026,Электронный аукцион,2023-01-28,2023-02-10,13,6,Поставщик_0661,241179908536,2723059.73,Завершен,False
400256,Ремонт зданий,Заказчик_0189,913923992645,Из одного источника по несостоявшимся закупкам,2023-11-03,2023-11-20,17,5,Поставщик_0077,930130381662,6060658.82,Завершен,False
400257,Продукты питания,Заказчик_0076,276366676869,Из одного источника по несостоявшимся закупкам,2025-05-12,2025-05-24,12,4,Поставщик_0122,800050545955,546543.28,Завершен,False
400258,IT-услуги,Заказчик_0116,028575123047,Из одного источника,2024-09-02,2024-09-07,5,2,Поставщик_0209,353759337956,4362501.74,Завершен,False
400259,Продукты питания,Заказчик_0121,095952713783,Открытый конкурс,2025-04-09,2025-04-16,7,2,Поставщик_0115,743645137591,441567.76,Опубликован,False
400260,Канцелярские товары,Заказчик_0116,028575123047,Из одного источника по несостоявшимся закупкам,2024-10-23,2024-11-03,11,7,Поставщик_0593,586720900281,290073.93,Завершен,False
400261,IT-услуги,Заказчик_0069,588454746149,Открытый конкурс,2024-06-06,2024-06-20,14,2,Поставщик_0576,451280438340,4557940.3,Завершен,False
400262,Медицинское оборудование,Заказчик_0055,539176725448,Открытый конкурс,2024-09-12,2024-09-28,16,3,Поставщик_0694,546351533435,7415330.93,Завершен,False
400263,Продукты питания,Заказчик_0127,352249294184,Электронный аукцион,2023-10-25,2023-11-14,20,4,Поставщик_0476,706897663773,494285.7,Завершен,False
400264,Продукты питания,Заказчик_0147,252922273397,Из одного источника по несостоявшимся закупкам,2024-02-05,2024-02-11,6,3,Поставщик_0672,334018729361,510323.52,Опубликован,False
400265,IT-услуги,Заказчик_0181,093957730128,Открытый конкурс,2024-07-03,2024-07-10,7,2,Поставщик_0490,845577179815,4527959.91,Завершен,False
400266,IT-услуги,Заказчик_0006,836394225258,Запрос ценовых предложений,2025-01-19,2025-02-05,17,4,Поставщик_0192,880614025252,4873992.78,Завершен,False
400267,Охранные услуги,Заказчик_0000,602276804025,Из одного источника,2024-10-30,2024-10-31,1,5,Поставщик_0045,931311979619,1957843.72,Итоги подведены,False
400268,Ремонт зданий,Заказчик_0143,957760497757,Из одного источника,2024-04-08,2024-04-11,3,4,Поставщик_0500,113707972671,5425374.18,Итоги подведены,False
400269,Продукты питания,Заказчик_0073,291422089614,Электронный аукцион,2025-04-09,2025-04-19,10,1,Поставщик_0612,305653841439,478993.21,Завершен,False
400270,Охранные услуги,Заказчик_0139,584877345150,Открытый конкурс,2024-04-29,2024-05-10,11,1,Поставщик_0674,587072334392,1984991.45,Итоги подведены,False
400271,Клининг,Заказчик_0138,309592304864,Открытый конкурс,2024-10-22,2024-10-31,9,3,Поставщик_0752,736110152455,707273.23,Завершен,False
400272,Ремонт зданий,Заказчик_0044,011652671671,Запрос ценовых предложений,2023-09-18,2023-09-29,11,6,Поставщик_0381,910363061274,5530338.62,Завершен,False
400273,Транспортные услуги,Заказчик_0196,444633818661,Открытый конкурс,2024-11-14,2024-11-29,15,7,Поставщик_0688,615267524997,1081158.19,Итоги подведены,False
400274,Охранные услуги,Заказчик_0172,325409489345,Электронный аукцион,2024-08-24,2024-09-07,14,6,Поставщик_0368,861279867778,1860425.04,Отменен,False
400275,Стройматериалы,Заказчик_0154,114217757188,Открытый конкурс,2025-01-19,2025-01-23,4,1,Поставщик_0442,406737830193,3954699.64,Итоги подведены,True
400276,Охранные услуги,Заказчик_0115,986712861740,Из одного источника по несостоявшимся закупкам,2024-06-02,2024-06-18,16,3,Поставщик_0696,543034672599,1763612.98,Завершен,False
400277,Продукты питания,Заказчик_0087,751590785490,Электронный аукцион,2024-07-27,2024-08-11,15,4,Поставщик_0640,650976221927,427644.5,Завершен,False
400278,Транспортные услуги,Заказчик_0138,309592304864,Запрос ценовых предложений,2023-04-11,2023-04-19,8,2,Поставщик_0762,316239117374,1036480.5,Завершен,False
400279,Мебель,Заказчик_0035,461642607714,Из одного источника,2023-06-09,2023-06-22,13,1,Поставщик_0210,181743746112,1062198.03,Итоги подведены,False
400280,Ремонт зданий,Заказчик_0020,455927236237,Из одного источника по несостоявшимся закупкам,2024-04-12,2024-04-25,13,2,Поставщик_0114,566757091730,6304128.38,Отменен,False
400281,Клининг,Заказчик_0010,757503098830,Электронный аукцион,2024-06-29,2024-07-02,3,1,Поставщик_0185,771865953750,807313.5,Завершен,True
400282,Клининг,Заказчик_0170,681775483909,Из одного источника,2024-06-18,2024-06-26,8,2,Поставщик_0757,117786199677,710497.59,Завершен,False
400283,Транспортные услуги,Заказчик_0125,691670073356,Открытый конкурс,2025-03-24,2025-03-27,3,4,Поставщик_0749,263030557890,1127899.89,Итоги подведены,False
400284,Транспортные услуги,Заказчик_0140,572961937397,Из одного источника,2024-10-22,2024-11-04,13,2,Поставщик_0535,861556163831,1151753.55,Завершен,False
400285,Ремонт зданий,Заказчик_0056,936679226110,Запрос ценовых предложений,2023-02-11,2023-02-17,6,4,Поставщик_0767,597578096977,5812533.67,Завершен,False
400286,Стройматериалы,Заказчик_0057,045227746976,Запрос ценовых предложений,2024-09-17,2024-10-01,14,1,Поставщик_0464,487067317933,2891170.8,Завершен,False
400287,Канцелярские товары,Заказчик_0183,379370294394,Открытый конкурс,2023-08-10,2023-08-21,11,3,Поставщик_0516,563223430007,324717.97,Итоги подведены,False
400288,Охранные услуги,Заказчик_0036,195028486959,Из одного источника,2023-10-01,2023-10-10,9,1,Поставщик_0711,363987954794,2081509.65,Отменен,False
400289,Канцелярские товары,Заказчик_0193,560763609637,Электронный аукцион,2025-04-12,2025-04-29,17,3,Поставщик_0214,459023304521,318734.19,Завершен,False
400290,Стройматериалы,Заказчик_0048,544728808246,Открытый конкурс,2025-04-24,2025-04-30,6,2,Поставщик_0031,900180549223,3104827.52,Завершен,False
400291,Канцелярские товары,Заказчик_0047,881968747928,Из одного источника по несостоявшимся закупкам,2024-07-07,2024-07-22,15,6,Поставщик_0696,543034672599,282674.14,Опубликован,False
400292,IT-услуги,Заказчик_0115,986712861740,Из одного источника,2023-12-06,2023-12-14,8,5,Поставщик_0432,453519088346,5314652.73,Итоги подведены,False
400293,Ремонт зданий,Заказчик_0002,930086875935,Запрос ценовых предложений,2023-07-17,2023-07-25,8,5,Поставщик_0307,993157250502,5232603.44,Завершен,False
400294,Транспортные услуги,Заказчик_0053,105295618485,Электронный аукцион,2025-02-10,2025-02-23,13,1,Поставщик_0634,605920056438,1246131.2,Завершен,False
400295,Охранные услуги,Заказчик_0162,649389366563,Запрос ценовых предложений,2023-11-02,2023-11-14,12,6,Поставщик_0042,158690795519,1757949.43,Завершен,False
400296,Продукты питания,Заказчик_0127,352249294184,Электронный аукцион,2024-09-12,2024-09-26,14,1,Поставщик_0031,900180549223,510941.74,Завершен,False
400297,Охранные услуги,Заказчик_0098,137588080098,Из одного источника по несостоявшимся закупкам,2024-03-16,2024-03-31,15,1,Поставщик_0788,853991820736,1920538.71,Опубликован,False
400298,Мебель,Заказчик_0158,456227804705,Из одного источника по несостоявшимся закупкам,2024-05-02,2024-05-07,5,1,Поставщик_0701,088379595948,1003596.53,Завершен,False
400299,Продукты питания,Заказчик_0097,603503212307,Открытый конкурс,2024-04-14,2024-04-28,14,2,Поставщик_0499,933795584105,456036.78,Итоги подведены,False
400300,Стройматериалы,Заказчик_0121,095952713783,Открытый конкурс,2023-10-19,2023-10-27,8,4,Поставщик_0094,245646717238,2936350.03,Опубликован,False
400301,Стройматериалы,Заказчик_0116,028575123047,Электронный аукцион,2023-12-21,2024-01-03,13,2,Поставщик_0345,329999570263,3256803.19,Завершен,False
400302,Охранные услуги,Заказчик_0008,959807652614,Электронный аукцион,2025-05-31,2025-06-14,14,6,Поставщик_0565,950808586644,1922468.88,Итоги подведены,False
400303,Охранные услуги,Заказчик_0055,539176725448,Запрос ценовых предложений,2024-06-25,2024-07-12,17,3,Поставщик_0097,691450984591,1926253.97,Опубликован,False
400304,Медицинское оборудование,Заказчик_0151,841936905579,Из одного источника по несостоявшимся закупкам,2024-04-06,2024-04-25,19,3,Поставщик_0799,593657951736,6903442.98,Опубликован,False
400305,Клининг,Заказчик_0113,268518827291,Открытый конкурс,2023-10-19,2023-11-02,14,2,Поставщик_0185,771865953750,669139.65,Завершен,False
400306,Мебель,Заказчик_0099,557410386890,Из одного источника по несостоявшимся закупкам,2024-10-19,2024-11-01,13,5,Поставщик_0548,955703903231,1063868.84,Завершен,False
400307,Продукты питания,Заказчик_0064,196215509941,Запрос ценовых предложений,2024-03-28,2024-04-09,12,3,Поставщик_0714,202683434669,428883.7,Завершен,False
400308,Медицинское оборудование,Заказчик_0115,986712861740,Открытый конкурс,2024-05-21,2024-06-05,15,3,Поставщик_0166,051127721433,7510435.67,Опубликован,False
400309,Мебель,Заказчик_0084,846650721507,Электронный аукцион,2023-06-30,2023-07-06,6,5,Поставщик_0703,802335654107,1075022.82,Завершен,False
400310,Стройматериалы,Заказчик_0050,074766470263,Электронный аукцион,2024-10-29,2024-11-10,12,2,Поставщик_0255,733092449614,3110333.15,Опубликован,False
400311,Медицинское оборудование,Заказчик_0197,921159241640,Электронный аукцион,2023-02-05,2023-02-15,10,7,Поставщик_0309,913322191117,7838334.47,Завершен,False
400312,Транспортные услуги,Заказчик_0174,628964171749,Запрос ценовых предложений,2024-12-04,2024-12-15,11,1,Поставщик_0505,685208594331,1298300.52,Завершен,False
400313,Охранные услуги,Заказчик_0179,703500144758,Из одного источника,2023-06-10,2023-06-12,2,1,Поставщик_0118,178899452007,1754124.72,Завершен,False
400314,Медицинское оборудование,Заказчик_0033,456442497105,Запрос ценовых предложений,2023-10-30,2023-11-04,5,1,Поставщик_0619,461861754269,7358709.62,Завершен,False
400315,Охранные услуги,Заказчик_0127,352249294184,Электронный аукцион,2023-09-04,2023-09-17,13,3,Поставщик_0715,687701717887,1744865.64,Завершен,False
400316,Клининг,Заказчик_0177,290868910115,Электронный аукцион,2023-07-23,2023-08-04,12,7,Поставщик_0556,667280821303,742747.66,Завершен,False
400317,Охранные услуги,Заказчик_0008,959807652614,Открытый конкурс,2023-07-01,2023-07-14,13,5,Поставщик_0570,282874294013,2197134.59,Итоги подведены,False
400318,Стройматериалы,Заказчик_0016,294850989981,Открытый конкурс,2023-02-02,2023-02-11,9,1,Поставщик_0680,617716335022,3127640.21,Завершен,False
400319,Ремонт зданий,Заказчик_0129,967512170538,Из одного источника,2023-03-25,2023-04-08,14,3,Поставщик_0140,396575986426,5721266.28,Завершен,False
400320,Медицинское оборудование,Заказчик_0022,876960826911,Запрос ценовых предложений,2024-08-16,2024-08-29,13,3,Поставщик_0680,617716335022,7340681.94,Завершен,False
400321,Клининг,Заказчик_0095,724337750016,Запрос ценовых предложений,2024-02-08,2024-02-19,11,3,Поставщик_0489,645009718055,640040.15,Опубликован,False
400322,Медицинское оборудование,Заказчик_0149,424259616526,Электронный аукцион,2023-02-14,2023-02-24,10,4,Поставщик_0573,786259204650,8739543.16,Опубликован,False
400323,Канцелярские товары,Заказчик_0037,867585874226,Электронный аукцион,2023-05-17,2023-06-04,18,4,Поставщик_0764,707738948144,316367.05,Итоги подведены,False
400324,Продукты питания,Заказчик_0095,724337750016,Открытый конкурс,2023-10-12,2023-10-28,16,4,Поставщик_0012,926161926239,499732.0,Завершен,False
400325,IT-услуги,Заказчик_0149,424259616526,Электронный аукцион,2023-08-26,2023-09-10,15,1,Поставщик_0310,750312639452,4573196.47,Итоги подведены,False
400326,Медицинское оборудование,Заказчик_0081,893419340814,Из одного источника,2023-12-08,2023-12-16,8,4,Поставщик_0491,158112158095,8236124.67,Итоги подведены,False
400327,Канцелярские товары,Заказчик_0169,512269807126,Электронный аукцион,2023-04-17,2023-05-01,14,1,Поставщик_0490,845577179815,329982.4,Завершен,False
400328,Медицинское оборудование,Заказчик_0099,557410386890,Запрос ценовых предложений,2023-10-11,2023-10-14,3,2,Поставщик_0642,380264830214,7028038.38,Завершен,False
400329,Стройматериалы,Заказчик_0037,867585874226,Запрос ценовых предложений,2025-02-24,2025-03-09,13,4,Поставщик_0522,767368917374,2692533.91,Завершен,False
400330,Стройматериалы,Заказчик_0122,138783944958,Электронный аукцион,2025-02-12,2025-03-06,22,2,Поставщик_0074,485908583208,3040297.85,Завершен,False
400331,Канцелярские товары,Заказчик_0160,845404873875,Из одного источника по несостоявшимся закупкам,2023-08-16,2023-08-25,9,4,Поставщик_0370,008318800461,265235.29,Итоги подведены,False
400332,IT-услуги,Заказчик_0104,865457848634,Открытый конкурс,2025-04-24,2025-05-06,12,2,Поставщик_0442,406737830193,4711097.98,Опубликован,False
400333,Транспортные услуги,Заказчик_0199,342856565386,Электронный аукцион,2023-11-28,2023-11-29,1,1,Поставщик_0259,469059047610,1518931.66,Итоги подведены,True
400334,Транспортные услуги,Заказчик_0100,825533331515,Электронный аукцион,2024-09-18,2024-10-03,15,4,Поставщик_0230,446742286936,1133660.39,Итоги подведены,False
400335,Медицинское оборудование,Заказчик_0122,138783944958,Запрос ценовых предложений,2023-08-24,2023-09-08,15,4,Поставщик_0521,790495056105,7658197.74,Итоги подведены,False
400336,Медицинское оборудование,Заказчик_0061,915640336836,Запрос ценовых предложений,2024-04-29,2024-05-11,12,2,Поставщик_0294,807498289481,7053127.58,Завершен,False
400337,Стройматериалы,Заказчик_0110,880371318781,Запрос ценовых предложений,2025-06-07,2025-06-21,14,8,Поставщик_0427,644483312630,2967142.72,Опубликован,False
400338,Стройматериалы,Заказчик_0180,050288400985,Из одного источника по несостоявшимся закупкам,2023-05-21,2023-05-28,7,3,Поставщик_0149,884992250745,3077833.27,Итоги подведены,False
400339,Продукты питания,Заказчик_0094,217330854160,Открытый конкурс,2025-02-13,2025-03-03,18,3,Поставщик_0287,497034197298,461538.94,Завершен,False
400340,Транспортные услуги,Заказчик_0077,634570271159,Из одного источника по несостоявшимся закупкам,2023-05-29,2023-06-06,8,3,Поставщик_0619,461861754269,1238544.56,Завершен,False
400341,IT-услуги,Заказчик_0120,174668074201,Электронный аукцион,2024-09-29,2024-10-05,6,1,Поставщик_0395,127547310444,5161868.86,Итоги подведены,False
400342,Мебель,Заказчик_0177,290868910115,Запрос ценовых предложений,2023-10-09,2023-10-22,13,3,Поставщик_0698,602406269889,980428.55,Завершен,False
400343,Мебель,Заказчик_0035,461642607714,Электронный аукцион,2024-11-11,2024-11-25,14,4,Поставщик_0093,500663526930,895176.55,Завершен,False
400344,Транспортные услуги,Заказчик_0136,789135342202,Электронный аукцион,2023-05-14,2023-05-29,15,4,Поставщик_0646,902533636786,1040093.4,Опубликован,False
400345,IT-услуги,Заказчик_0069,588454746149,Из одного источника по несостоявшимся закупкам,2023-09-16,2023-09-21,5,1,Поставщик_0608,196632700250,5482537.18,Завершен,False
400346,Транспортные услуги,Заказчик_0082,679471404490,Из одного источника,2023-04-21,2023-05-04,13,5,Поставщик_0579,051812327924,1148517.79,Завершен,False
400347,IT-услуги,Заказчик_0049,308127387209,Из одного источника по несостоявшимся закупкам,2023-06-28,2023-07-15,17,3,Поставщик_0530,915786308760,4462898.86,Завершен,False
400348,IT-услуги,Заказчик_0067,415355431652,Запрос ценовых предложений,2024-04-10,2024-04-18,8,2,Поставщик_0685,775363758901,5328184.75,Завершен,False
400349,Мебель,Заказчик_0035,461642607714,Из одного источника по несостоявшимся закупкам,2024-10-17,2024-10-24,7,1,Поставщик_0704,159772307286,864072.2,Завершен,False
400350,Транспортные услуги,Заказчик_0182,383719759048,Электронный аукцион,2024-10-23,2024-11-05,13,6,Поставщик_0328,112845460112,1269211.18,Завершен,False
400351,Охранные услуги,Заказчик_0148,216398982273,Электронный аукцион,2023-07-31,2023-08-10,10,5,Поставщик_0120,533402274817,1883290.53,Итоги подведены,False
400352,IT-услуги,Заказчик_0163,155720026558,Открытый конкурс,2023-08-27,2023-09-10,14,2,Поставщик_0612,305653841439,4706309.06,Итоги подведены,False
400353,Транспортные услуги,Заказчик_0046,178619734353,Из одного источника по несостоявшимся закупкам,2024-02-21,2024-03-03,11,5,Поставщик_0508,813140511416,1065180.18,Завершен,False
400354,Ремонт зданий,Заказчик_0123,706853063646,Запрос ценовых предложений,2023-04-13,2023-04-29,16,2,Поставщик_0581,235737948478,6222106.44,Завершен,False
400355,Транспортные услуги,Заказчик_0037,867585874226,Открытый конкурс,2023-02-12,2023-02-19,7,3,Поставщик_0073,163037373228,1198556.81,Завершен,False
400356,Ремонт зданий,Заказчик_0140,572961937397,Из одного источника,2025-05-24,2025-06-08,15,1,Поставщик_0003,007225147751,5932883.43,Опубликован,False
400357,IT-услуги,Заказчик_0126,693755362174,Электронный аукцион,2023-08-20,2023-09-08,19,6,Поставщик_0563,314181945048,4662231.72,Завершен,False
400358,IT-услуги,Заказчик_0130,560397578096,Запрос ценовых предложений,2024-04-30,2024-05-10,10,4,Поставщик_0203,070247970998,4545877.49,Завершен,False
400359,Ремонт зданий,Заказчик_0160,845404873875,Из одного источника,2024-09-05,2024-09-10,5,1,Поставщик_0467,681232354610,7021273.75,Завершен,True
400360,Ремонт зданий,Заказчик_0080,658912085920,Открытый конкурс,2024-11-17,2024-11-18,1,2,Поставщик_0185,771865953750,6450417.15,Завершен,False
400361,Продукты питания,Заказчик_0010,757503098830,Из одного источника по несостоявшимся закупкам,2023-04-22,2023-04-24,2,1,Поставщик_0185,771865953750,585293.13,Завершен,True
400362,IT-услуги,Заказчик_0032,421496963502,Из одного источника по несостоявшимся закупкам,2025-01-31,2025-02-17,17,7,Поставщик_0760,233735125812,5080431.09,Завершен,False
400363,Канцелярские товары,Заказчик_0010,757503098830,Из одного источника по несостоявшимся закупкам,2024-07-22,2024-07-23,1,1,Поставщик_0185,771865953750,413050.87,Опубликован,True
400364,Транспортные услуги,Заказчик_0159,055513512505,Запрос ценовых предложений,2024-03-24,2024-04-04,11,3,Поставщик_0291,467915348400,1034722.21,Завершен,False
400365,Канцелярские товары,Заказчик_0056,936679226110,Запрос ценовых предложений,2023-05-25,2023-05-28,3,7,Поставщик_0584,713034785365,300464.73,Итоги подведены,False
400366,Клининг,Заказчик_0090,423440463190,Из одного источника по несостоявшимся закупкам,2023-04-05,2023-04-08,3,3,Поставщик_0155,018915617364,698648.12,Опубликован,False
400367,Мебель,Заказчик_0081,893419340814,Из одного источника по несостоявшимся закупкам,2023-09-03,2023-09-05,2,5,Поставщик_0175,108727653545,1066027.09,Итоги подведены,False
400368,Ремонт зданий,Заказчик_0052,571247952112,Электронный аукцион,2023-11-29,2023-12-16,17,1,Поставщик_0017,205667686355,5314511.1,Отменен,False
400369,Стройматериалы,Заказчик_0146,531933776661,Запрос ценовых предложений,2024-04-12,2024-04-18,6,4,Поставщик_0276,515090470547,2803729.14,Итоги подведены,False
400370,Стройматериалы,Заказчик_0024,420762754008,Открытый конкурс,2025-02-08,2025-02-24,16,4,Поставщик_0416,560588412973,2851603.56,Завершен,False
400371,Охранные услуги,Заказчик_0156,370660134587,Открытый конкурс,2023-12-12,2023-12-21,9,6,Поставщик_0177,586572360924,1716938.9,Итоги подведены,False
400372,IT-услуги,Заказчик_0027,073988827188,Открытый конкурс,2024-11-26,2024-12-03,7,2,Поставщик_0687,475324296563,5425439.27,Завершен,False
400373,Мебель,Заказчик_0153,051929549841,Из одного источника по несостоявшимся закупкам,2025-05-05,2025-05-10,5,4,Поставщик_0456,721224627093,874188.22,Завершен,False
400374,Стройматериалы,Заказчик_0020,455927236237,Электронный аукцион,2023-10-13,2023-10-21,8,1,Поставщик_0454,962676334080,2961460.54,Завершен,False
400375,Ремонт зданий,Заказчик_0157,319262117645,Из одного источника по несостоявшимся закупкам,2025-01-22,2025-01-31,9,2,Поставщик_0023,195771172870,6039238.93,Завершен,False
400376,IT-услуги,Заказчик_0052,571247952112,Из одного источника по несостоявшимся закупкам,2024-01-26,2024-02-02,7,7,Поставщик_0503,457459864697,5447615.72,Завершен,False
400377,Клининг,Заказчик_0087,751590785490,Электронный аукцион,2023-05-16,2023-05-28,12,2,Поставщик_0511,245773785983,684203.57,Завершен,False
400378,Ремонт зданий,Заказчик_0113,268518827291,Запрос ценовых предложений,2023-01-01,2023-01-09,8,3,Поставщик_0381,910363061274,6554897.82,Завершен,False
400379,Стройматериалы,Заказчик_0153,051929549841,Из одного источника по несостоявшимся закупкам,2024-01-29,2024-01-30,1,3,Поставщик_0699,964487800817,3032805.35,Завершен,False
400380,Ремонт зданий,Заказчик_0053,105295618485,Открытый конкурс,2023-10-21,2023-11-07,17,1,Поставщик_0361,815011468964,5493582.71,Завершен,False
400381,Канцелярские товары,Заказчик_0183,379370294394,Открытый конкурс,2023-09-14,2023-09-19,5,1,Поставщик_0221,526783920968,347789.53,Завершен,True
400382,Охранные услуги,Заказчик_0006,836394225258,Запрос ценовых предложений,2024-07-07,2024-07-20,13,4,Поставщик_0576,451280438340,1749975.93,Завершен,False
400383,Стройматериалы,Заказчик_0115,986712861740,Запрос ценовых предложений,2024-09-02,2024-09-14,12,1,Поставщик_0022,800446377177,2968187.62,Завершен,False
400384,Транспортные услуги,Заказчик_0092,787963526218,Электронный аукцион,2024-03-04,2024-03-14,10,4,Поставщик_0502,300791075489,1297854.66,Завершен,False
400385,Охранные услуги,Заказчик_0108,933786876564,Открытый конкурс,2025-01-14,2025-01-24,10,2,Поставщик_0261,540535849007,1701947.07,Завершен,False
400386,IT-услуги,Заказчик_0093,375889866098,Из одного источника,2025-02-19,2025-03-03,12,2,Поставщик_0266,549008670401,5209576.29,Завершен,False
400387,Медицинское оборудование,Заказчик_0056,936679226110,Из одного источника по несостоявшимся закупкам,2023-10-28,2023-10-31,3,2,Поставщик_0660,885690734448,8626636.59,Завершен,False
400388,Клининг,Заказчик_0050,074766470263,Из одного источника по несостоявшимся закупкам,2023-11-30,2023-12-22,22,6,Поставщик_0390,598768757751,620227.5,Завершен,False
400389,Канцелярские товары,Заказчик_0023,152672624980,Запрос ценовых предложений,2024-01-02,2024-01-15,13,4,Поставщик_0162,584323088340,291962.84,Опубликован,False
400390,Клининг,Заказчик_0012,425723964512,Открытый конкурс,2023-03-19,2023-03-26,7,7,Поставщик_0537,774059209133,758069.25,Итоги подведены,False
400391,Охранные услуги,Заказчик_0038,756202235126,Открытый конкурс,2023-09-02,2023-09-17,15,3,Поставщик_0446,932049316287,1820657.17,Завершен,False
400392,Медицинское оборудование,Заказчик_0058,694569801375,Электронный аукцион,2024-06-13,2024-06-20,7,5,Поставщик_0170,188216312170,8445871.75,Завершен,False
400393,Канцелярские товары,Заказчик_0023,152672624980,Запрос ценовых предложений,2024-03-22,2024-03-29,7,7,Поставщик_0586,849411335268,304843.48,Завершен,False
400394,Медицинское оборудование,Заказчик_0073,291422089614,Электронный аукцион,2023-03-02,2023-03-11,9,6,Поставщик_0433,475307919366,7011884.71,Итоги подведены,False
400395,Канцелярские товары,Заказчик_0004,633229661713,Из одного источника по несостоявшимся закупкам,2025-06-12,2025-06-19,7,3,Поставщик_0200,591387784449,291870.78,Завершен,False
400396,Стройматериалы,Заказчик_0017,424039274499,Из одного источника по несостоявшимся закупкам,2023-12-18,2024-01-03,16,1,Поставщик_0275,849582772358,2900455.03,Итоги подведены,False
400397,Медицинское оборудование,Заказчик_0136,789135342202,Открытый конкурс,2025-03-16,2025-03-24,8,4,Поставщик_0473,721155851736,7744288.9,Завершен,False
400398,Транспортные услуги,Заказчик_0185,103321145403,Открытый конкурс,2024-09-17,2024-09-28,11,3,Поставщик_0546,843681861106,1194804.74,Итоги подведены,False
400399,Канцелярские товары,Заказчик_0002,930086875935,Электронный аукцион,2024-11-02,2024-11-09,7,3,Поставщик_0175,108727653545,293335.78,Итоги подведены,False
400400,Клининг,Заказчик_0005,965687203229,Электронный аукцион,2023-12-16,2023-12-31,15,5,Поставщик_0058,496829903332,663827.83,Завершен,False
400401,Медицинское оборудование,Заказчик_0012,425723964512,Электронный аукцион,2023-12-10,2023-12-30,20,5,Поставщик_0135,014282841775,8584968.67,Завершен,False
400402,Мебель,Заказчик_0094,217330854160,Запрос ценовых предложений,2023-11-14,2023-12-02,18,3,Поставщик_0285,513462082964,884874.71,Завершен,False
400403,Охранные услуги,Заказчик_0044,011652671671,Запрос ценовых предложений,2023-06-03,2023-06-14,11,3,Поставщик_0730,344726620896,1978243.05,Завершен,False
400404,Мебель,Заказчик_0193,560763609637,Открытый конкурс,2025-04-10,2025-04-19,9,2,Поставщик_0386,247939641501,1035203.81,Завершен,False
400405,IT-услуги,Заказчик_0117,419505214624,Электронный аукцион,2024-12-27,2024-12-30,3,1,Поставщик_0101,134564782885,5954994.98,Итоги подведены,True
400406,Клининг,Заказчик_0138,309592304864,Запрос ценовых предложений,2024-04-10,2024-04-25,15,1,Поставщик_0537,774059209133,647282.84,Завершен,False
400407,Клининг,Заказчик_0090,423440463190,Из одного источника по несостоявшимся закупкам,2025-03-14,2025-04-02,19,3,Поставщик_0591,682114187894,687684.42,Итоги подведены,False
400408,Ремонт зданий,Заказчик_0192,709445965738,Открытый конкурс,2023-03-25,2023-04-10,16,2,Поставщик_0417,669535964147,6247218.0,Завершен,False
400409,Охранные услуги,Заказчик_0032,421496963502,Из одного источника по несостоявшимся закупкам,2024-06-01,2024-06-11,10,2,Поставщик_0211,624850825440,1948512.92,Опубликован,False
400410,Транспортные услуги,Заказчик_0076,276366676869,Открытый конкурс,2025-05-01,2025-05-17,16,4,Поставщик_0422,801971335920,1280905.29,Завершен,False
400411,IT-услуги,Заказчик_0095,724337750016,Открытый конкурс,2023-07-22,2023-08-07,16,4,Поставщик_0498,173845785681,4644705.6,Завершен,False
400412,Продукты питания,Заказчик_0055,539176725448,Электронный аукцион,2024-06-16,2024-06-27,11,4,Поставщик_0653,553280739009,524939.08,Итоги подведены,False
400413,Охранные услуги,Заказчик_0151,841936905579,Из одного источника по несостоявшимся закупкам,2025-04-30,2025-05-11,11,1,Поставщик_0767,597578096977,1877362.66,Завершен,False
400414,IT-услуги,Заказчик_0101,937882116761,Открытый конкурс,2024-05-14,2024-05-20,6,1,Поставщик_0016,146801753931,4396184.04,Итоги подведены,False
400415,Охранные услуги,Заказчик_0064,196215509941,Электронный аукцион,2024-04-07,2024-04-17,10,3,Поставщик_0477,658821007971,2043424.78,Итоги подведены,False
400416,Транспортные услуги,Заказчик_0052,571247952112,Электронный аукцион,2024-06-04,2024-06-09,5,2,Поставщик_0425,674249502283,1241949.33,Отменен,False
400417,Канцелярские товары,Заказчик_0037,867585874226,Из одного источника по несостоявшимся закупкам,2025-04-21,2025-05-06,15,7,Поставщик_0103,081878752772,259597.8,Завершен,False
400418,Продукты питания,Заказчик_0089,395460786772,Электронный аукцион,2024-06-30,2024-07-11,11,3,Поставщик_0395,127547310444,445719.12,Итоги подведены,False
400419,Ремонт зданий,Заказчик_0019,190156218256,Запрос ценовых предложений,2023-04-18,2023-04-21,3,2,Поставщик_0363,826646713440,5142438.46,Итоги подведены,False
400420,Клининг,Заказчик_0122,138783944958,Открытый конкурс,2024-04-14,2024-04-17,3,5,Поставщик_0490,845577179815,762275.59,Опубликован,False
400421,Транспортные услуги,Заказчик_0049,308127387209,Электронный аукцион,2023-09-12,2023-09-27,15,5,Поставщик_0518,373753623817,1155364.59,Завершен,False
400422,Стройматериалы,Заказчик_0037,867585874226,Запрос ценовых предложений,2023-07-01,2023-07-10,9,4,Поставщик_0575,527776296651,2584246.71,Завершен,False
400423,Продукты питания,Заказчик_0130,560397578096,Открытый конкурс,2025-01-13,2025-01-30,17,3,Поставщик_0533,258190416283,498477.74,Завершен,False
400424,Охранные услуги,Заказчик_0103,043205340808,Электронный аукцион,2024-06-12,2024-06-23,11,4,Поставщик_0627,512422188156,1860418.45,Завершен,False
400425,Мебель,Заказчик_0083,349806593311,Открытый конкурс,2023-02-27,2023-03-13,14,5,Поставщик_0052,121677222058,981320.79,Итоги подведены,False
400426,Мебель,Заказчик_0031,763063387334,Из одного источника по несостоявшимся закупкам,2024-04-16,2024-04-23,7,2,Поставщик_0776,349263125116,989233.43,Завершен,False
400427,Клининг,Заказчик_0009,498251982661,Запрос ценовых предложений,2023-04-04,2023-04-10,6,1,Поставщик_0029,042388906871,812606.69,Итоги подведены,True
400428,Клининг,Заказчик_0017,424039274499,Из одного источника,2025-03-12,2025-03-21,9,1,Поставщик_0157,012322624835,638670.93,Итоги подведены,False
400429,Ремонт зданий,Заказчик_0084,846650721507,Запрос ценовых предложений,2024-02-16,2024-02-28,12,2,Поставщик_0450,669636838436,5893559.09,Итоги подведены,False
400430,IT-услуги,Заказчик_0036,195028486959,Открытый конкурс,2023-04-23,2023-04-27,4,2,Поставщик_0201,892711762522,4935497.17,Опубликован,False
400431,Ремонт зданий,Заказчик_0070,366888337780,Электронный аукцион,2023-05-26,2023-06-01,6,1,Поставщик_0042,158690795519,6512050.35,Опубликован,False
400432,Продукты питания,Заказчик_0034,638762102480,Открытый конкурс,2024-09-28,2024-10-14,16,5,Поставщик_0582,664536010552,546812.61,Завершен,False
400433,Медицинское оборудование,Заказчик_0109,331294210817,Электронный аукцион,2023-04-25,2023-05-07,12,4,Поставщик_0261,540535849007,8794138.02,Отменен,False
400434,Канцелярские товары,Заказчик_0000,602276804025,Из одного источника,2024-08-23,2024-09-01,9,3,Поставщик_0167,794738907041,307829.77,Итоги подведены,False
400435,IT-услуги,Заказчик_0186,053323099951,Электронный аукцион,2024-08-06,2024-08-24,18,3,Поставщик_0067,077096602839,4555148.84,Завершен,False
400436,Медицинское оборудование,Заказчик_0172,325409489345,Электронный аукцион,2025-02-28,2025-03-10,10,2,Поставщик_0081,606435416636,7122091.37,Завершен,False
400437,Транспортные услуги,Заказчик_0157,319262117645,Запрос ценовых предложений,2023-02-01,2023-02-09,8,1,Поставщик_0381,910363061274,1225200.03,Итоги подведены,False
400438,IT-услуги,Заказчик_0147,252922273397,Запрос ценовых предложений,2024-03-03,2024-03-11,8,5,Поставщик_0759,474938970727,4839739.38,Завершен,False
400439,Транспортные услуги,Заказчик_0134,006567464629,Открытый конкурс,2023-11-25,2023-11-26,1,1,Поставщик_0698,602406269889,1023356.03,Итоги подведены,False
400440,Мебель,Заказчик_0133,355191676858,Запрос ценовых предложений,2025-01-20,2025-02-05,16,2,Поставщик_0796,772196538689,954569.33,Итоги подведены,False
400441,Канцелярские товары,Заказчик_0005,965687203229,Электронный аукцион,2023-07-20,2023-07-30,10,5,Поставщик_0278,378704784734,323503.58,Завершен,False
400442,Клининг,Заказчик_0076,276366676869,Электронный аукцион,2023-06-26,2023-07-04,8,1,Поставщик_0741,047238737564,638390.72,Отменен,False
400443,Продукты питания,Заказчик_0151,841936905579,Электронный аукцион,2023-10-30,2023-11-15,16,4,Поставщик_0263,649071103741,492867.71,Завершен,False
400444,Медицинское оборудование,Заказчик_0142,197238572836,Открытый конкурс,2025-01-24,2025-02-10,17,3,Поставщик_0224,975718896174,7056364.15,Итоги подведены,False
400445,Канцелярские товары,Заказчик_0118,609055953469,Из одного источника,2023-09-13,2023-10-02,19,7,Поставщик_0100,626236969563,262463.22,Завершен,False
400446,Клининг,Заказчик_0092,787963526218,Электронный аукцион,2023-06-23,2023-07-06,13,1,Поставщик_0409,940213604856,691055.33,Завершен,False
400447,Транспортные услуги,Заказчик_0076,276366676869,Открытый конкурс,2023-03-01,2023-03-11,10,5,Поставщик_0166,051127721433,1161866.15,Завершен,False
400448,Стройматериалы,Заказчик_0198,615372780181,Электронный аукцион,2023-04-30,2023-05-19,19,4,Поставщик_0058,496829903332,3109256.25,Завершен,False
400449,Ремонт зданий,Заказчик_0039,704542495687,Электронный аукцион,2023-07-09,2023-07-19,10,3,Поставщик_0031,900180549223,6226254.5,Завершен,False
400450,Транспортные услуги,Заказчик_0030,736535270957,Электронный аукцион,2023-10-13,2023-10-23,10,5,Поставщик_0498,173845785681,1117848.79,Итоги подведены,False
400451,Охранные услуги,Заказчик_0101,937882116761,Запрос ценовых предложений,2025-03-11,2025-04-01,21,4,Поставщик_0415,349738713330,1833466.82,Завершен,False
400452,Канцелярские товары,Заказчик_0073,291422089614,Открытый конкурс,2023-01-05,2023-01-09,4,2,Поставщик_0168,888172747047,274041.83,Завершен,False
400453,Мебель,Заказчик_0083,349806593311,Запрос ценовых предложений,2024-06-26,2024-07-07,11,3,Поставщик_0084,986105712292,896077.5,Завершен,False
400454,Стройматериалы,Заказчик_0188,511393683388,Открытый конкурс,2025-03-19,2025-04-07,19,8,Поставщик_0553,597003912301,3214918.44,Завершен,False
400455,Стройматериалы,Заказчик_0178,823345926868,Запрос ценовых предложений,2023-12-08,2023-12-21,13,5,Поставщик_0052,121677222058,2711678.03,Опубликован,False
400456,Медицинское оборудование,Заказчик_0008,959807652614,Открытый конкурс,2023-07-27,2023-08-04,8,3,Поставщик_0375,617428444873,7692063.44,Завершен,False
400457,Транспортные услуги,Заказчик_0170,681775483909,Запрос ценовых предложений,2024-06-22,2024-07-07,15,3,Поставщик_0041,628909287388,1309204.11,Завершен,False
400458,IT-услуги,Заказчик_0084,846650721507,Открытый конкурс,2024-04-30,2024-05-23,23,5,Поставщик_0596,872810642904,4527440.31,Опубликован,False
400459,Продукты питания,Заказчик_0157,319262117645,Открытый конкурс,2024-10-13,2024-10-30,17,4,Поставщик_0196,533133629586,481701.77,Итоги подведены,False
400460,Ремонт зданий,Заказчик_0125,691670073356,Открытый конкурс,2024-12-20,2024-12-31,11,5,Поставщик_0607,536449729464,5225343.05,Завершен,False
400461,Клининг,Заказчик_0018,571295570558,Из одного источника по несостоявшимся закупкам,2025-04-07,2025-04-20,13,3,Поставщик_0291,467915348400,762891.37,Завершен,False
400462,Охранные услуги,Заказчик_0155,850611322279,Из одного источника по несостоявшимся закупкам,2023-09-19,2023-10-01,12,3,Поставщик_0161,496156655633,2168852.72,Завершен,False
400463,Клининг,Заказчик_0024,420762754008,Электронный аукцион,2024-07-30,2024-08-08,9,4,Поставщик_0229,638765974189,622911.29,Завершен,False
400464,Продукты питания,Заказчик_0100,825533331515,Из одного источника по несостоявшимся закупкам,2024-12-31,2025-01-04,4,1,Поставщик_0026,859743472035,615925.4,Завершен,True
400465,Охранные услуги,Заказчик_0091,800785553136,Из одного источника,2023-09-01,2023-09-08,7,3,Поставщик_0313,187275276446,1796503.77,Завершен,False
400466,Ремонт зданий,Заказчик_0107,769835139635,Из одного источника по несостоявшимся закупкам,2023-08-16,2023-08-18,2,1,Поставщик_0685,775363758901,8140014.61,Отменен,True
400467,IT-услуги,Заказчик_0170,681775483909,Электронный аукцион,2023-04-26,2023-05-13,17,2,Поставщик_0246,128011514827,4303697.03,Завершен,False
400468,Медицинское оборудование,Заказчик_0009,498251982661,Открытый конкурс,2024-03-31,2024-04-04,4,1,Поставщик_0029,042388906871,11223339.78,Завершен,True
400469,Стройматериалы,Заказчик_0114,492430052930,Открытый конкурс,2024-11-15,2024-11-22,7,3,Поставщик_0740,689804271765,3297011.82,Опубликован,False
400470,Транспортные услуги,Заказчик_0176,053666440505,Электронный аукцион,2023-09-02,2023-09-07,5,5,Поставщик_0244,547497209775,1199558.55,Итоги подведены,False
400471,Ремонт зданий,Заказчик_0104,865457848634,Открытый конкурс,2025-01-14,2025-01-27,13,1,Поставщик_0659,469189934571,5597623.97,Завершен,False
400472,Клининг,Заказчик_0186,053323099951,Запрос ценовых предложений,2025-02-06,2025-02-24,18,4,Поставщик_0726,926884112358,720111.75,Завершен,False
400473,Охранные услуги,Заказчик_0167,098964499673,Открытый конкурс,2023-02-21,2023-02-27,6,2,Поставщик_0160,261806834952,1738319.33,Завершен,False
400474,Транспортные услуги,Заказчик_0016,294850989981,Открытый конкурс,2023-09-25,2023-10-12,17,4,Поставщик_0258,877509845936,1280101.68,Завершен,False
400475,Охранные услуги,Заказчик_0118,609055953469,Запрос ценовых предложений,2025-06-06,2025-06-21,15,1,Поставщик_0407,496909492643,1953617.09,Итоги подведены,False
400476,Транспортные услуги,Заказчик_0115,986712861740,Открытый конкурс,2024-11-14,2024-12-04,20,2,Поставщик_0334,967253938188,1044163.48,Итоги подведены,False
400477,Ремонт зданий,Заказчик_0168,413748378959,Электронный аукцион,2023-08-20,2023-08-31,11,2,Поставщик_0769,405080242263,5392544.2,Завершен,False
400478,Медицинское оборудование,Заказчик_0001,016525808631,Из одного источника по несостоявшимся закупкам,2023-08-09,2023-08-23,14,4,Поставщик_0168,888172747047,7108607.44,Отменен,False
400479,Ремонт зданий,Заказчик_0023,152672624980,Электронный аукцион,2024-05-13,2024-05-22,9,6,Поставщик_0342,461718724186,5193856.67,Завершен,False
400480,Медицинское оборудование,Заказчик_0061,915640336836,Электронный аукцион,2025-06-01,2025-06-09,8,4,Поставщик_0507,968046436330,8295803.2,Отменен,False
400481,Канцелярские товары,Заказчик_0184,660677017673,Открытый конкурс,2023-03-27,2023-04-06,10,1,Поставщик_0039,568797354953,276044.15,Итоги подведены,False
400482,Транспортные услуги,Заказчик_0182,383719759048,Электронный аукцион,2025-01-22,2025-02-02,11,5,Поставщик_0629,485436510430,1078451.31,Завершен,False
400483,Продукты питания,Заказчик_0026,217846198988,Электронный аукцион,2023-09-04,2023-09-08,4,2,Поставщик_0513,247215278928,489788.03,Завершен,False
400484,Медицинское оборудование,Заказчик_0085,228319081121,Запрос ценовых предложений,2024-04-07,2024-04-15,8,2,Поставщик_0754,155928225349,7510408.65,Итоги подведены,False
400485,IT-услуги,Заказчик_0135,486200442637,Электронный аукцион,2023-05-28,2023-06-12,15,4,Поставщик_0541,928019730937,4945273.07,Отменен,False
400486,Мебель,Заказчик_0156,370660134587,Открытый конкурс,2023-09-11,2023-09-18,7,5,Поставщик_0788,853991820736,859327.57,Итоги подведены,False
400487,Продукты питания,Заказчик_0116,028575123047,Из одного источника,2024-12-22,2025-01-06,15,1,Поставщик_0605,427937196986,495664.57,Завершен,False
400488,Клининг,Заказчик_0193,560763609637,Электронный аукцион,2023-01-05,2023-01-09,4,2,Поставщик_0291,467915348400,654271.74,Завершен,False
400489,Ремонт зданий,Заказчик_0150,560471705949,Запрос ценовых предложений,2023-03-13,2023-03-18,5,3,Поставщик_0064,880188249728,6539521.83,Завершен,False
400490,Ремонт зданий,Заказчик_0118,609055953469,Из одного источника,2023-06-05,2023-06-15,10,5,Поставщик_0623,733963465975,5257886.39,Завершен,False
400491,Транспортные услуги,Заказчик_0151,841936905579,Открытый конкурс,2024-07-31,2024-08-17,17,1,Поставщик_0271,917418753163,1102690.52,Завершен,False
400492,Продукты питания,Заказчик_0058,694569801375,Запрос ценовых предложений,2023-05-25,2023-06-08,14,3,Поставщик_0593,586720900281,479171.74,Завершен,False
400493,IT-услуги,Заказчик_0001,016525808631,Электронный аукцион,2023-06-21,2023-07-04,13,6,Поставщик_0041,628909287388,4849028.27,Завершен,False
400494,Охранные услуги,Заказчик_0061,915640336836,Электронный аукцион,2023-05-03,2023-05-12,9,4,Поставщик_0440,153928262967,1730942.74,Опубликован,False
400495,Стройматериалы,Заказчик_0070,366888337780,Электронный аукцион,2025-04-28,2025-05-12,14,2,Поставщик_0559,063934408962,3252679.91,Итоги подведены,False
400496,Продукты питания,Заказчик_0128,840683305887,Из одного источника по несостоявшимся закупкам,2024-12-08,2024-12-25,17,1,Поставщик_0750,522766264065,517182.56,Итоги подведены,False
400497,IT-услуги,Заказчик_0196,444633818661,Запрос ценовых предложений,2024-07-08,2024-07-22,14,1,Поставщик_0052,121677222058,4265582.07,Завершен,False
400498,Мебель,Заказчик_0054,441094840601,Электронный аукцион,2024-12-18,2024-12-28,10,6,Поставщик_0565,950808586644,1086036.41,Завершен,False
400499,Стройматериалы,Заказчик_0060,098599620746,Из одного источника,2024-09-28,2024-10-18,20,1,Поставщик_0398,829094583365,2732005.53,Завершен,False
400500,Транспортные услуги,Заказчик_0045,891036937066,Электронный аукцион,2023-06-18,2023-07-01,13,4,Поставщик_0205,587548095375,1266531.92,Опубликован,False
400501,Ремонт зданий,Заказчик_0020,455927236237,Электронный аукцион,2023-11-13,2023-11-30,17,2,Поставщик_0251,377751361568,6293287.8,Итоги подведены,False
400502,Продукты питания,Заказчик_0025,958511387882,Открытый конкурс,2025-03-05,2025-03-11,6,1,Поставщик_0767,597578096977,439512.41,Итоги подведены,False
400503,Медицинское оборудование,Заказчик_0168,413748378959,Открытый конкурс,2024-11-27,2024-12-12,15,3,Поставщик_0263,649071103741,7761218.3,Завершен,False
400504,Ремонт зданий,Заказчик_0052,571247952112,Запрос ценовых предложений,2023-06-06,2023-06-15,9,3,Поставщик_0370,008318800461,5572049.87,Опубликован,False
400505,IT-услуги,Заказчик_0079,987998370546,Из одного источника,2024-08-23,2024-09-01,9,3,Поставщик_0708,707240161153,5365882.6,Завершен,False
400506,Стройматериалы,Заказчик_0019,190156218256,Из одного источника,2025-02-20,2025-03-06,14,2,Поставщик_0124,688615419697,2557597.0,Итоги подведены,False
400507,Продукты питания,Заказчик_0061,915640336836,Открытый конкурс,2025-02-08,2025-02-17,9,6,Поставщик_0788,853991820736,510655.93,Итоги подведены,False
400508,IT-услуги,Заказчик_0045,891036937066,Открытый конкурс,2025-04-24,2025-05-10,16,2,Поставщик_0462,246269807693,5123291.96,Завершен,False
400509,Клининг,Заказчик_0196,444633818661,Из одного источника по несостоявшимся закупкам,2025-04-30,2025-05-17,17,1,Поставщик_0547,802505735602,724577.94,Завершен,False
400510,Стройматериалы,Заказчик_0123,706853063646,Запрос ценовых предложений,2025-02-05,2025-02-18,13,3,Поставщик_0284,829126485629,3175817.06,Итоги подведены,False
400511,Транспортные услуги,Заказчик_0023,152672624980,Электронный аукцион,2023-03-09,2023-03-21,12,6,Поставщик_0397,629397549404,1217653.84,Итоги подведены,False
400512,Клининг,Заказчик_0064,196215509941,Запрос ценовых предложений,2024-05-01,2024-05-04,3,1,Поставщик_0635,900785867507,635614.08,Итоги подведены,False
400513,Стройматериалы,Заказчик_0016,294850989981,Открытый конкурс,2024-04-05,2024-04-09,4,2,Поставщик_0350,881081152855,3195575.77,Завершен,False
400514,Клининг,Заказчик_0049,308127387209,Электронный аукцион,2023-09-04,2023-09-16,12,2,Поставщик_0775,848398483906,610112.94,Завершен,False
400515,Продукты питания,Заказчик_0087,751590785490,Из одного источника по несостоявшимся закупкам,2024-08-16,2024-08-22,6,6,Поставщик_0774,467319732140,495242.62,Завершен,False
400516,Клининг,Заказчик_0198,615372780181,Из одного источника по несостоявшимся закупкам,2024-02-03,2024-02-16,13,1,Поставщик_0217,416790061879,699341.9,Завершен,False
400517,Мебель,Заказчик_0163,155720026558,Электронный аукцион,2023-10-18,2023-10-30,12,1,Поставщик_0600,570574392301,941090.39,Итоги подведены,False
400518,Стройматериалы,Заказчик_0190,238315556594,Открытый конкурс,2023-05-14,2023-05-18,4,1,Поставщик_0580,935274531168,4061166.79,Итоги подведены,True
400519,Охранные услуги,Заказчик_0142,197238572836,Из одного источника по несостоявшимся закупкам,2023-10-31,2023-11-15,15,4,Поставщик_0396,428296257340,1717545.38,Завершен,False
400520,Транспортные услуги,Заказчик_0050,074766470263,Из одного источника по несостоявшимся закупкам,2024-07-24,2024-08-14,21,2,Поставщик_0037,041583061212,1257554.19,Завершен,False
400521,Продукты питания,Заказчик_0146,531933776661,Электронный аукцион,2024-12-05,2024-12-16,11,1,Поставщик_0381,910363061274,461024.91,Завершен,False
400522,Ремонт зданий,Заказчик_0191,742687446267,Из одного источника по несостоявшимся закупкам,2023-03-24,2023-04-07,14,4,Поставщик_0322,163573634487,5770688.33,Итоги подведены,False
400523,Стройматериалы,Заказчик_0034,638762102480,Из одного источника по несостоявшимся закупкам,2024-12-14,2024-12-31,17,6,Поставщик_0608,196632700250,2881611.42,Завершен,False
400524,Стройматериалы,Заказчик_0151,841936905579,Открытый конкурс,2023-03-15,2023-03-19,4,5,Поставщик_0506,925712227523,2923780.91,Завершен,False
400525,Клининг,Заказчик_0185,103321145403,Из одного источника по несостоявшимся закупкам,2025-01-24,2025-01-25,1,1,Поставщик_0122,800050545955,744793.44,Завершен,False
400526,Продукты питания,Заказчик_0163,155720026558,Электронный аукцион,2023-11-29,2023-12-10,11,6,Поставщик_0319,930083708303,425080.29,Завершен,False
400527,Ремонт зданий,Заказчик_0075,929625670649,Открытый конкурс,2023-04-27,2023-05-12,15,5,Поставщик_0109,598906496696,6538610.01,Опубликован,False
400528,IT-услуги,Заказчик_0170,681775483909,Из одного источника,2023-04-22,2023-05-02,10,5,Поставщик_0140,396575986426,5206720.65,Завершен,False
400529,Ремонт зданий,Заказчик_0039,704542495687,Открытый конкурс,2025-06-08,2025-06-18,10,2,Поставщик_0421,371932869998,5858946.63,Отменен,False
400530,Клининг,Заказчик_0093,375889866098,Открытый конкурс,2024-09-03,2024-09-07,4,3,Поставщик_0315,693616007772,597885.97,Итоги подведены,False
400531,Ремонт зданий,Заказчик_0005,965687203229,Открытый конкурс,2023-04-08,2023-04-21,13,3,Поставщик_0291,467915348400,5988265.42,Завершен,False
400532,Стройматериалы,Заказчик_0035,461642607714,Из одного источника,2023-07-27,2023-08-10,14,4,Поставщик_0617,904610610248,2903214.1,Завершен,False
400533,Стройматериалы,Заказчик_0092,787963526218,Открытый конкурс,2023-10-01,2023-10-18,17,5,Поставщик_0270,416062438707,2939419.58,Итоги подведены,False
400534,Транспортные услуги,Заказчик_0031,763063387334,Открытый конкурс,2023-02-05,2023-02-23,18,7,Поставщик_0217,416790061879,1312004.61,Завершен,False
400535,Стройматериалы,Заказчик_0059,216695400432,Открытый конкурс,2024-12-20,2024-12-27,7,5,Поставщик_0318,666548534963,2780288.94,Итоги подведены,False
400536,Клининг,Заказчик_0193,560763609637,Электронный аукцион,2023-09-11,2023-09-25,14,4,Поставщик_0081,606435416636,729004.34,Итоги подведены,False
400537,Клининг,Заказчик_0147,252922273397,Из одного источника по несостоявшимся закупкам,2023-10-18,2023-11-01,14,5,Поставщик_0559,063934408962,731387.57,Завершен,False
400538,Клининг,Заказчик_0168,413748378959,Открытый конкурс,2024-02-05,2024-02-22,17,2,Поставщик_0413,378639743115,602769.53,Итоги подведены,False
400539,Продукты питания,Заказчик_0079,987998370546,Из одного источника,2024-12-24,2025-01-08,15,5,Поставщик_0430,744564571327,487651.14,Опубликован,False
400540,Транспортные услуги,Заказчик_0068,707783689405,Запрос ценовых предложений,2024-02-01,2024-02-05,4,1,Поставщик_0140,396575986426,1062959.02,Опубликован,False
400541,Мебель,Заказчик_0001,016525808631,Открытый конкурс,2025-04-21,2025-04-25,4,2,Поставщик_0488,046505527714,931878.02,Опубликован,False
400542,Транспортные услуги,Заказчик_0103,043205340808,Электронный аукцион,2023-01-14,2023-01-19,5,3,Поставщик_0270,416062438707,1116175.22,Завершен,False
400543,Клининг,Заказчик_0063,541376725946,Открытый конкурс,2025-03-12,2025-03-26,14,5,Поставщик_0172,067712977841,749903.5,Завершен,False
400544,Мебель,Заказчик_0179,703500144758,Из одного источника по несостоявшимся закупкам,2025-04-03,2025-04-11,8,1,Поставщик_0645,945551379107,1091285.53,Итоги подведены,False
400545,Охранные услуги,Заказчик_0055,539176725448,Запрос ценовых предложений,2024-08-01,2024-08-04,3,2,Поставщик_0129,442180051605,2111063.64,Завершен,False
400546,Клининг,Заказчик_0061,915640336836,Из одного источника,2023-08-25,2023-09-01,7,2,Поставщик_0005,294384972853,737770.84,Завершен,False
400547,IT-услуги,Заказчик_0147,252922273397,Из одного источника по несостоявшимся закупкам,2024-12-25,2025-01-05,11,1,Поставщик_0794,013164621740,4687554.03,Итоги подведены,False
400548,Охранные услуги,Заказчик_0140,572961937397,Открытый конкурс,2023-09-03,2023-09-18,15,3,Поставщик_0440,153928262967,1801574.79,Завершен,False
400549,Ремонт зданий,Заказчик_0049,308127387209,Из одного источника по несостоявшимся закупкам,2023-08-11,2023-08-22,11,1,Поставщик_0299,615581038112,5725579.33,Завершен,False
400550,Ремонт зданий,Заказчик_0151,841936905579,Электронный аукцион,2024-04-27,2024-05-19,22,4,Поставщик_0592,415569372220,5729715.84,Завершен,False
400551,Канцелярские товары,Заказчик_0157,319262117645,Из одного источника по несостоявшимся закупкам,2023-02-21,2023-02-27,6,2,Поставщик_0127,685395384465,281994.95,Итоги подведены,False
400552,IT-услуги,Заказчик_0165,105707422805,Запрос ценовых предложений,2024-10-27,2024-10-30,3,1,Поставщик_0645,945551379107,6268775.79,Завершен,True
400553,Мебель,Заказчик_0048,544728808246,Запрос ценовых предложений,2023-09-24,2023-10-03,9,4,Поставщик_0707,835273872658,1034464.3,Завершен,False
400554,Медицинское оборудование,Заказчик_0164,232971847802,Запрос ценовых предложений,2025-06-10,2025-06-15,5,2,Поставщик_0687,475324296563,7496026.03,Завершен,False
400555,Продукты питания,Заказчик_0059,216695400432,Из одного источника,2024-01-19,2024-02-07,19,2,Поставщик_0762,316239117374,500034.16,Опубликован,False
400556,Стройматериалы,Заказчик_0175,560089674827,Электронный аукцион,2024-12-10,2024-12-12,2,3,Поставщик_0223,923177940451,2568583.41,Завершен,False
400557,Стройматериалы,Заказчик_0147,252922273397,Открытый конкурс,2024-05-03,2024-05-13,10,2,Поставщик_0215,625566176946,2664825.28,Итоги подведены,False
400558,Продукты питания,Заказчик_0105,101837512445,Открытый конкурс,2023-08-05,2023-08-16,11,11,Поставщик_0211,624850825440,504785.88,Завершен,False
400559,Медицинское оборудование,Заказчик_0185,103321145403,Запрос ценовых предложений,2024-08-26,2024-09-05,10,7,Поставщик_0126,093758825163,8672556.99,Итоги подведены,False
400560,Транспортные услуги,Заказчик_0105,101837512445,Электронный аукцион,2024-02-08,2024-02-21,13,3,Поставщик_0531,201609917372,1237420.87,Завершен,False
400561,Охранные услуги,Заказчик_0169,512269807126,Открытый конкурс,2024-05-31,2024-06-10,10,2,Поставщик_0650,226837630452,2128248.0,Завершен,False
400562,Ремонт зданий,Заказчик_0090,423440463190,Открытый конкурс,2023-01-14,2023-01-25,11,4,Поставщик_0681,264209549520,5227287.67,Итоги подведены,False
400563,Канцелярские товары,Заказчик_0125,691670073356,Электронный аукцион,2023-03-23,2023-04-06,14,4,Поставщик_0280,087096813631,275861.01,Завершен,False
400564,IT-услуги,Заказчик_0000,602276804025,Электронный аукцион,2023-08-01,2023-08-16,15,2,Поставщик_0162,584323088340,4560862.98,Опубликован,False
400565,Продукты питания,Заказчик_0191,742687446267,Электронный аукцион,2023-05-29,2023-06-12,14,7,Поставщик_0296,457711350883,527226.99,Завершен,False
400566,Стройматериалы,Заказчик_0073,291422089614,Открытый конкурс,2023-11-16,2023-12-04,18,3,Поставщик_0286,363568431712,2613731.06,Завершен,False
400567,Продукты питания,Заказчик_0121,095952713783,Из одного источника по несостоявшимся закупкам,2024-03-18,2024-03-26,8,5,Поставщик_0542,608803005811,468625.53,Опубликован,False
400568,Охранные услуги,Заказчик_0089,395460786772,Электронный аукцион,2023-01-13,2023-01-27,14,1,Поставщик_0229,638765974189,1776760.84,Завершен,False
400569,IT-услуги,Заказчик_0122,138783944958,Из одного источника,2023-07-19,2023-07-27,8,4,Поставщик_0276,515090470547,4269475.88,Завершен,False
400570,Канцелярские товары,Заказчик_0112,839942359881,Из одного источника,2023-03-11,2023-03-15,4,1,Поставщик_0336,874088944878,361038.62,Завершен,True
400571,Охранные услуги,Заказчик_0098,137588080098,Открытый конкурс,2023-10-09,2023-10-27,18,5,Поставщик_0564,149029451339,1768778.17,Завершен,False
400572,Медицинское оборудование,Заказчик_0028,284372013892,Открытый конкурс,2023-07-19,2023-08-14,26,3,Поставщик_0379,687413037719,8171660.9,Завершен,False
400573,Стройматериалы,Заказчик_0069,588454746149,Из одного источника по несостоявшимся закупкам,2023-02-25,2023-03-05,8,3,Поставщик_0528,871273901181,3092200.5,Итоги подведены,False
400574,Ремонт зданий,Заказчик_0005,965687203229,Открытый конкурс,2023-09-15,2023-10-01,16,5,Поставщик_0109,598906496696,5805273.41,Завершен,False
400575,IT-услуги,Заказчик_0064,196215509941,Из одного источника по несостоявшимся закупкам,2023-09-01,2023-09-12,11,2,Поставщик_0775,848398483906,5243784.26,Отменен,False
400576,Клининг,Заказчик_0157,319262117645,Запрос ценовых предложений,2023-11-18,2023-12-03,15,7,Поставщик_0542,608803005811,644578.52,Итоги подведены,False
400577,Охранные услуги,Заказчик_0135,486200442637,Открытый конкурс,2024-09-06,2024-09-22,16,2,Поставщик_0020,007565470562,2001932.28,Завершен,False
400578,Клининг,Заказчик_0107,769835139635,Запрос ценовых предложений,2023-12-08,2023-12-13,5,1,Поставщик_0685,775363758901,896882.63,Завершен,True
400579,Стройматериалы,Заказчик_0187,313404440226,Электронный аукцион,2024-12-24,2025-01-07,14,1,Поставщик_0782,920048121639,2571164.65,Завершен,False
400580,IT-услуги,Заказчик_0150,560471705949,Открытый конкурс,2023-01-08,2023-01-10,2,4,Поставщик_0411,650003801943,4833802.94,Завершен,False
400581,Мебель,Заказчик_0144,516681609103,Запрос ценовых предложений,2023-11-06,2023-11-11,5,1,Поставщик_0098,571368539972,879969.78,Завершен,False
400582,Мебель,Заказчик_0050,074766470263,Из одного источника по несостоявшимся закупкам,2024-07-31,2024-08-09,9,1,Поставщик_0332,411942543934,1088232.2,Опубликован,False
400583,Транспортные услуги,Заказчик_0091,800785553136,Электронный аукцион,2024-01-07,2024-01-13,6,6,Поставщик_0246,128011514827,1316067.66,Завершен,False
400584,Охранные услуги,Заказчик_0058,694569801375,Электронный аукцион,2025-01-17,2025-01-27,10,1,Поставщик_0575,527776296651,2031657.64,Опубликован,False
400585,Стройматериалы,Заказчик_0026,217846198988,Запрос ценовых предложений,2025-04-16,2025-04-30,14,4,Поставщик_0140,396575986426,2650121.88,Завершен,False
400586,Продукты питания,Заказчик_0052,571247952112,Электронный аукцион,2024-01-22,2024-02-01,10,7,Поставщик_0547,802505735602,527485.64,Отменен,False
400587,Стройматериалы,Заказчик_0026,217846198988,Запрос ценовых предложений,2023-05-10,2023-05-26,16,4,Поставщик_0561,937134461636,2939026.3,Завершен,False
400588,Медицинское оборудование,Заказчик_0056,936679226110,Запрос ценовых предложений,2023-12-15,2023-12-23,8,3,Поставщик_0223,923177940451,8645886.84,Завершен,False
400589,Продукты питания,Заказчик_0065,847528925395,Открытый конкурс,2024-08-17,2024-08-28,11,3,Поставщик_0601,810431206859,538742.15,Завершен,False
400590,IT-услуги,Заказчик_0164,232971847802,Запрос ценовых предложений,2024-12-12,2024-12-24,12,1,Поставщик_0460,409351429754,4871363.33,Итоги подведены,False
400591,Стройматериалы,Заказчик_0087,751590785490,Из одного источника,2024-06-11,2024-06-25,14,3,Поставщик_0626,618076893639,2604780.96,Завершен,False
400592,IT-услуги,Заказчик_0153,051929549841,Электронный аукцион,2025-01-07,2025-01-19,12,3,Поставщик_0644,384477013768,4363914.31,Итоги подведены,False
400593,Канцелярские товары,Заказчик_0011,890407714528,Электронный аукцион,2023-06-21,2023-06-27,6,5,Поставщик_0283,652679890840,299500.51,Завершен,False
400594,Продукты питания,Заказчик_0125,691670073356,Из одного источника по несостоявшимся закупкам,2023-04-30,2023-05-06,6,2,Поставщик_0221,526783920968,441216.01,Итоги подведены,False
400595,Транспортные услуги,Заказчик_0025,958511387882,Открытый конкурс,2025-05-02,2025-05-11,9,2,Поставщик_0596,872810642904,1169390.27,Завершен,False
400596,Мебель,Заказчик_0071,069974068469,Открытый конкурс,2023-06-19,2023-07-08,19,2,Поставщик_0713,937841018302,980471.79,Завершен,False
400597,Транспортные услуги,Заказчик_0192,709445965738,Электронный аукцион,2024-01-24,2024-02-05,12,1,Поставщик_0712,059899197139,1036432.23,Завершен,False
400598,Стройматериалы,Заказчик_0160,845404873875,Запрос ценовых предложений,2024-09-10,2024-09-13,3,1,Поставщик_0467,681232354610,4036633.97,Завершен,True
400599,Медицинское оборудование,Заказчик_0059,216695400432,Запрос ценовых предложений,2024-03-20,2024-04-04,15,3,Поставщик_0750,522766264065,6943669.74,Завершен,False
400600,Канцелярские товары,Заказчик_0050,074766470263,Открытый конкурс,2023-05-01,2023-05-05,4,4,Поставщик_0471,664419980308,279268.01,Опубликован,False
400601,Охранные услуги,Заказчик_0057,045227746976,Запрос ценовых предложений,2024-02-25,2024-03-20,24,1,Поставщик_0032,877320275114,1747616.81,Завершен,False
400602,Канцелярские товары,Заказчик_0093,375889866098,Запрос ценовых предложений,2024-10-08,2024-10-17,9,3,Поставщик_0779,380890355108,273073.29,Завершен,False
400603,Ремонт зданий,Заказчик_0039,704542495687,Запрос ценовых предложений,2023-11-02,2023-11-10,8,2,Поставщик_0162,584323088340,5342367.94,Завершен,False
400604,Продукты питания,Заказчик_0043,200593676791,Электронный аукцион,2023-09-15,2023-09-30,15,2,Поставщик_0545,195912621758,495643.51,Завершен,False
400605,Ремонт зданий,Заказчик_0027,073988827188,Открытый конкурс,2023-08-26,2023-08-30,4,2,Поставщик_0161,496156655633,6181905.22,Завершен,False
400606,Медицинское оборудование,Заказчик_0106,132435760062,Открытый конкурс,2025-06-01,2025-06-20,19,7,Поставщик_0234,545458190187,7821754.3,Завершен,False
400607,Медицинское оборудование,Заказчик_0068,707783689405,Запрос ценовых предложений,2023-06-24,2023-07-12,18,3,Поставщик_0730,344726620896,7426650.82,Завершен,False
400608,Клининг,Заказчик_0151,841936905579,Из одного источника по несостоявшимся закупкам,2024-04-24,2024-05-17,23,3,Поставщик_0599,267317822732,756813.79,Отменен,False
400609,Охранные услуги,Заказчик_0040,303789475622,Из одного источника по несостоявшимся закупкам,2023-12-07,2023-12-08,1,2,Поставщик_0608,196632700250,1883362.09,Завершен,False
400610,Мебель,Заказчик_0055,539176725448,Из одного источника,2024-02-01,2024-02-11,10,5,Поставщик_0435,150641092260,1088355.06,Завершен,False
400611,Охранные услуги,Заказчик_0071,069974068469,Электронный аукцион,2025-05-04,2025-05-17,13,5,Поставщик_0620,463614404503,2094571.02,Завершен,False
400612,Продукты питания,Заказчик_0050,074766470263,Электронный аукцион,2024-10-25,2024-11-07,13,4,Поставщик_0384,084435553244,446852.37,Итоги подведены,False
400613,Охранные услуги,Заказчик_0023,152672624980,Из одного источника по несостоявшимся закупкам,2024-09-17,2024-09-23,6,3,Поставщик_0118,178899452007,1925346.72,Итоги подведены,False
400614,Медицинское оборудование,Заказчик_0013,352206298026,Открытый конкурс,2023-10-29,2023-11-06,8,5,Поставщик_0717,679611243642,6946491.97,Завершен,False
400615,Стройматериалы,Заказчик_0143,957760497757,Электронный аукцион,2023-09-04,2023-09-20,16,3,Поставщик_0665,128709957080,2714453.81,Завершен,False
400616,Медицинское оборудование,Заказчик_0013,352206298026,Электронный аукцион,2023-07-12,2023-07-25,13,6,Поставщик_0551,195769373384,8614830.37,Итоги подведены,False
400617,Медицинское оборудование,Заказчик_0061,915640336836,Из одного источника,2024-06-15,2024-06-28,13,7,Поставщик_0520,270152889984,8335714.75,Итоги подведены,False
400618,Клининг,Заказчик_0018,571295570558,Открытый конкурс,2025-02-20,2025-03-01,9,6,Поставщик_0565,950808586644,769388.42,Опубликован,False
400619,Клининг,Заказчик_0137,362813537454,Открытый конкурс,2024-06-14,2024-06-26,12,6,Поставщик_0267,068487626549,684307.04,Завершен,False
400620,Медицинское оборудование,Заказчик_0045,891036937066,Открытый конкурс,2023-11-06,2023-11-22,16,6,Поставщик_0502,300791075489,7565995.88,Итоги подведены,False
400621,Канцелярские товары,Заказчик_0035,461642607714,Из одного источника по несостоявшимся закупкам,2023-01-19,2023-02-02,14,1,Поставщик_0225,750965040563,306780.61,Завершен,False
400622,Стройматериалы,Заказчик_0132,113739882651,Открытый конкурс,2023-03-11,2023-03-22,11,3,Поставщик_0452,603212095973,2985653.51,Опубликован,False
400623,Клининг,Заказчик_0020,455927236237,Запрос ценовых предложений,2024-01-10,2024-01-22,12,2,Поставщик_0329,861894080689,631290.25,Завершен,False
400624,IT-услуги,Заказчик_0086,600723107574,Открытый конкурс,2024-07-28,2024-08-08,11,4,Поставщик_0783,655871465909,4755193.17,Опубликован,False
400625,Продукты питания,Заказчик_0198,615372780181,Запрос ценовых предложений,2023-09-10,2023-09-26,16,6,Поставщик_0024,820750434532,501470.04,Итоги подведены,False
400626,Продукты питания,Заказчик_0021,049902298831,Электронный аукцион,2025-04-20,2025-05-05,15,4,Поставщик_0775,848398483906,539849.75,Итоги подведены,False
400627,Мебель,Заказчик_0020,455927236237,Открытый конкурс,2024-08-11,2024-08-17,6,1,Поставщик_0194,060328680862,867402.75,Завершен,False
400628,Стройматериалы,Заказчик_0112,839942359881,Из одного источника по несостоявшимся закупкам,2023-08-01,2023-08-05,4,1,Поставщик_0336,874088944878,4101310.5,Завершен,True
400629,Мебель,Заказчик_0006,836394225258,Запрос ценовых предложений,2023-03-14,2023-03-22,8,3,Поставщик_0361,815011468964,1071152.5,Завершен,False
400630,Стройматериалы,Заказчик_0129,967512170538,Запрос ценовых предложений,2025-03-16,2025-04-04,19,2,Поставщик_0770,467538817210,3010820.62,Завершен,False
400631,Медицинское оборудование,Заказчик_0021,049902298831,Электронный аукцион,2023-04-03,2023-04-17,14,2,Поставщик_0151,625246342738,7697612.77,Завершен,False
400632,Мебель,Заказчик_0138,309592304864,Электронный аукцион,2024-11-17,2024-11-25,8,2,Поставщик_0502,300791075489,991887.57,Завершен,False
400633,Стройматериалы,Заказчик_0038,756202235126,Открытый конкурс,2024-09-21,2024-10-02,11,3,Поставщик_0781,916367478121,2686297.18,Завершен,False
400634,Мебель,Заказчик_0010,757503098830,Электронный аукцион,2024-11-03,2024-11-06,3,1,Поставщик_0185,771865953750,1195843.98,Завершен,True
400635,Охранные услуги,Заказчик_0006,836394225258,Открытый конкурс,2023-10-29,2023-11-06,8,4,Поставщик_0050,866108239013,2188100.43,Опубликован,False
400636,IT-услуги,Заказчик_0062,298543394596,Электронный аукцион,2024-02-27,2024-03-27,29,2,Поставщик_0651,338468137346,4730383.32,Завершен,False
400637,Транспортные услуги,Заказчик_0185,103321145403,Электронный аукцион,2024-10-21,2024-10-31,10,6,Поставщик_0542,608803005811,1276346.92,Завершен,False
400638,Ремонт зданий,Заказчик_0144,516681609103,Открытый конкурс,2025-05-28,2025-06-15,18,3,Поставщик_0422,801971335920,5896134.6,Завершен,False
400639,IT-услуги,Заказчик_0130,560397578096,Открытый конкурс,2023-06-26,2023-07-01,5,1,Поставщик_0329,861894080689,4831460.17,Завершен,False
400640,Продукты питания,Заказчик_0093,375889866098,Электронный аукцион,2025-04-14,2025-04-29,15,6,Поставщик_0174,289501223063,526937.84,Итоги подведены,False
400641,Ремонт зданий,Заказчик_0186,053323099951,Открытый конкурс,2023-09-09,2023-09-10,1,6,Поставщик_0731,532932360613,5707122.6,Опубликован,False
400642,Охранные услуги,Заказчик_0013,352206298026,Электронный аукцион,2025-03-18,2025-04-10,23,1,Поставщик_0246,128011514827,1877682.22,Завершен,False
400643,Мебель,Заказчик_0142,197238572836,Электронный аукцион,2023-09-18,2023-09-26,8,2,Поставщик_0363,826646713440,1077448.39,Итоги подведены,False
400644,Продукты питания,Заказчик_0197,921159241640,Запрос ценовых предложений,2024-06-04,2024-06-22,18,2,Поставщик_0651,338468137346,434365.21,Отменен,False
400645,Клининг,Заказчик_0047,881968747928,Открытый конкурс,2025-06-13,2025-06-27,14,5,Поставщик_0062,246081948246,677562.5,Завершен,False
400646,Продукты питания,Заказчик_0031,763063387334,Из одного источника по несостоявшимся закупкам,2023-06-18,2023-07-04,16,1,Поставщик_0258,877509845936,440703.13,Итоги подведены,False
400647,Стройматериалы,Заказчик_0142,197238572836,Из одного источника,2025-06-16,2025-06-28,12,5,Поставщик_0756,517725351365,3164803.91,Опубликован,False
400648,IT-услуги,Заказчик_0164,232971847802,Открытый конкурс,2024-02-05,2024-02-19,14,7,Поставщик_0485,756919489091,4501939.62,Завершен,False
400649,Канцелярские товары,Заказчик_0132,113739882651,Открытый конкурс,2024-07-11,2024-07-28,17,2,Поставщик_0735,849125341936,324027.18,Итоги подведены,False
400650,Клининг,Заказчик_0165,105707422805,Открытый конкурс,2024-08-05,2024-08-11,6,1,Поставщик_0645,945551379107,819200.2,Завершен,True
400651,Стройматериалы,Заказчик_0036,195028486959,Запрос ценовых предложений,2025-04-25,2025-05-06,11,2,Поставщик_0633,682099770995,2568710.79,Завершен,False
400652,Медицинское оборудование,Заказчик_0133,355191676858,Запрос ценовых предложений,2024-06-08,2024-06-10,2,1,Поставщик_0422,801971335920,9505824.01,Итоги подведены,True
400653,Ремонт зданий,Заказчик_0076,276366676869,Открытый конкурс,2024-12-31,2025-01-10,10,6,Поставщик_0248,462736711337,5202521.84,Итоги подведены,False
400654,Медицинское оборудование,Заказчик_0094,217330854160,Запрос ценовых предложений,2024-06-11,2024-06-24,13,6,Поставщик_0541,928019730937,7883697.64,Завершен,False
400655,Стройматериалы,Заказчик_0079,987998370546,Из одного источника,2023-02-16,2023-02-24,8,4,Поставщик_0257,169627955944,2659967.36,Опубликован,False
400656,Продукты питания,Заказчик_0099,557410386890,Открытый конкурс,2023-02-02,2023-02-15,13,2,Поставщик_0646,902533636786,498817.18,Завершен,False
400657,Транспортные услуги,Заказчик_0192,709445965738,Электронный аукцион,2023-09-13,2023-09-23,10,3,Поставщик_0297,540029846844,1176599.22,Итоги подведены,False
400658,Продукты питания,Заказчик_0047,881968747928,Электронный аукцион,2023-09-27,2023-10-05,8,4,Поставщик_0234,545458190187,515017.56,Итоги подведены,False
400659,Транспортные услуги,Заказчик_0087,751590785490,Электронный аукцион,2023-07-22,2023-08-09,18,4,Поставщик_0191,410813781099,1151729.27,Завершен,False
400660,Продукты питания,Заказчик_0171,919426295735,Открытый конкурс,2024-02-02,2024-02-19,17,4,Поставщик_0386,247939641501,459141.65,Завершен,False
400661,IT-услуги,Заказчик_0074,356428134255,Электронный аукцион,2024-11-11,2024-11-24,13,4,Поставщик_0543,776243762180,4714100.61,Завершен,False
400662,Продукты питания,Заказчик_0197,921159241640,Открытый конкурс,2024-10-04,2024-10-17,13,1,Поставщик_0111,815919500678,521904.16,Завершен,False
400663,Клининг,Заказчик_0178,823345926868,Электронный аукцион,2024-10-30,2024-11-10,11,1,Поставщик_0182,527929437955,595391.16,Итоги подведены,False
400664,IT-услуги,Заказчик_0084,846650721507,Запрос ценовых предложений,2023-09-16,2023-09-28,12,2,Поставщик_0137,267474352337,4990258.94,Завершен,False
400665,Продукты питания,Заказчик_0172,325409489345,Запрос ценовых предложений,2023-10-02,2023-10-11,9,1,Поставщик_0038,806224502118,454607.58,Завершен,False
400666,Продукты питания,Заказчик_0074,356428134255,Открытый конкурс,2025-05-15,2025-05-22,7,6,Поставщик_0221,526783920968,462048.44,Завершен,False
400667,Транспортные услуги,Заказчик_0049,308127387209,Из одного источника по несостоявшимся закупкам,2023-10-05,2023-10-15,10,1,Поставщик_0263,649071103741,1283374.13,Завершен,False
400668,Стройматериалы,Заказчик_0101,937882116761,Запрос ценовых предложений,2024-05-20,2024-05-21,1,4,Поставщик_0144,898856957794,3181681.69,Итоги подведены,False
400669,Стройматериалы,Заказчик_0024,420762754008,Запрос ценовых предложений,2023-04-09,2023-04-15,6,4,Поставщик_0465,980065671371,2988047.51,Завершен,False
400670,Стройматериалы,Заказчик_0139,584877345150,Открытый конкурс,2024-09-26,2024-10-06,10,4,Поставщик_0203,070247970998,2663480.87,Завершен,False
400671,Стройматериалы,Заказчик_0161,030990904779,Запрос ценовых предложений,2025-01-12,2025-01-27,15,4,Поставщик_0504,777279885669,3035924.94,Завершен,False
400672,Ремонт зданий,Заказчик_0164,232971847802,Электронный аукцион,2025-04-23,2025-05-02,9,5,Поставщик_0231,678404341761,6053878.9,Опубликован,False
400673,Ремонт зданий,Заказчик_0008,959807652614,Запрос ценовых предложений,2024-03-22,2024-04-01,10,4,Поставщик_0085,401028370708,5532580.06,Итоги подведены,False
400674,Мебель,Заказчик_0194,940255554375,Электронный аукцион,2025-06-17,2025-06-23,6,3,Поставщик_0776,349263125116,939399.55,Отменен,False
400675,Ремонт зданий,Заказчик_0024,420762754008,Электронный аукцион,2024-04-17,2024-04-23,6,3,Поставщик_0512,110157263974,5782532.64,Итоги подведены,False
400676,Клининг,Заказчик_0184,660677017673,Из одного источника по несостоявшимся закупкам,2024-12-09,2024-12-20,11,2,Поставщик_0008,827876452446,627850.29,Опубликован,False
400677,Медицинское оборудование,Заказчик_0053,105295618485,Из одного источника по несостоявшимся закупкам,2024-02-19,2024-03-01,11,4,Поставщик_0030,524097098573,7028526.02,Завершен,False
400678,Транспортные услуги,Заказчик_0199,342856565386,Электронный аукцион,2024-08-04,2024-08-07,3,1,Поставщик_0259,469059047610,1487475.21,Итоги подведены,True
400679,Клининг,Заказчик_0003,868570220212,Открытый конкурс,2024-01-24,2024-02-06,13,1,Поставщик_0386,247939641501,667414.97,Завершен,False
400680,Охранные услуги,Заказчик_0067,415355431652,Запрос ценовых предложений,2025-04-14,2025-04-19,5,5,Поставщик_0610,291502438649,2085304.67,Завершен,False
400681,Ремонт зданий,Заказчик_0000,602276804025,Из одного источника по несостоявшимся закупкам,2025-02-04,2025-02-17,13,3,Поставщик_0696,543034672599,6099325.75,Завершен,False
400682,Транспортные услуги,Заказчик_0156,370660134587,Из одного источника по несостоявшимся закупкам,2023-04-01,2023-04-06,5,1,Поставщик_0137,267474352337,1316897.55,Итоги подведены,False
400683,Стройматериалы,Заказчик_0079,987998370546,Запрос ценовых предложений,2023-11-26,2023-12-08,12,3,Поставщик_0126,093758825163,3094281.3,Итоги подведены,False
400684,Мебель,Заказчик_0073,291422089614,Открытый конкурс,2023-07-17,2023-07-29,12,1,Поставщик_0299,615581038112,1018937.13,Завершен,False
400685,Ремонт зданий,Заказчик_0135,486200442637,Электронный аукцион,2023-03-05,2023-03-29,24,3,Поставщик_0027,918990428350,6155604.93,Завершен,False
400686,Ремонт зданий,Заказчик_0049,308127387209,Открытый конкурс,2025-06-16,2025-06-27,11,2,Поставщик_0740,689804271765,6090875.51,Завершен,False
400687,Канцелярские товары,Заказчик_0155,850611322279,Запрос ценовых предложений,2023-08-07,2023-08-23,16,1,Поставщик_0151,625246342738,296532.16,Опубликован,False
400688,Охранные услуги,Заказчик_0070,366888337780,Электронный аукцион,2024-03-27,2024-04-16,20,4,Поставщик_0428,856790002133,2110687.07,Опубликован,False
400689,IT-услуги,Заказчик_0009,498251982661,Запрос ценовых предложений,2023-10-01,2023-10-14,13,1,Поставщик_0301,886366058053,5097379.48,Завершен,False
400690,Клининг,Заказчик_0104,865457848634,Из одного источника,2025-05-01,2025-05-07,6,7,Поставщик_0043,843402250921,681929.11,Итоги подведены,False
400691,Продукты питания,Заказчик_0199,342856565386,Из одного источника по несостоявшимся закупкам,2025-02-03,2025-02-06,3,1,Поставщик_0259,469059047610,605408.26,Итоги подведены,True
400692,Ремонт зданий,Заказчик_0111,446242745384,Из одного источника,2023-04-30,2023-05-05,5,2,Поставщик_0761,347490669426,5696064.22,Опубликован,False
400693,Стройматериалы,Заказчик_0029,639591919214,Запрос ценовых предложений,2025-05-30,2025-06-07,8,6,Поставщик_0436,051841154098,2629785.49,Итоги подведены,False
400694,Продукты питания,Заказчик_0010,757503098830,Из одного источника,2023-05-18,2023-05-29,11,3,Поставщик_0056,845848409759,460846.78,Завершен,False
400695,Канцелярские товары,Заказчик_0092,787963526218,Электронный аукцион,2025-02-16,2025-02-27,11,3,Поставщик_0622,537306373772,325395.8,Опубликован,False
400696,Продукты питания,Заказчик_0098,137588080098,Открытый конкурс,2025-04-09,2025-04-20,11,3,Поставщик_0466,194810172946,449392.9,Опубликован,False
400697,Канцелярские товары,Заказчик_0025,958511387882,Из одного источника,2025-03-20,2025-04-01,12,2,Поставщик_0786,828456635036,275345.56,Завершен,False
400698,Транспортные услуги,Заказчик_0091,800785553136,Открытый конкурс,2025-05-14,2025-05-25,11,3,Поставщик_0440,153928262967,1080199.99,Завершен,False
400699,Медицинское оборудование,Заказчик_0111,446242745384,Запрос ценовых предложений,2023-02-17,2023-02-23,6,1,Поставщик_0497,633282039319,7345879.62,Завершен,False
400700,Охранные услуги,Заказчик_0108,933786876564,Из одного источника по несостоявшимся закупкам,2024-09-14,2024-09-28,14,2,Поставщик_0659,469189934571,2122206.77,Итоги подведены,False
400701,Мебель,Заказчик_0053,105295618485,Из одного источника,2025-04-06,2025-04-24,18,1,Поставщик_0270,416062438707,954183.06,Завершен,False
400702,Продукты питания,Заказчик_0029,639591919214,Открытый конкурс,2024-01-02,2024-01-15,13,2,Поставщик_0567,642698981664,510766.16,Опубликован,False
400703,Клининг,Заказчик_0114,492430052930,Из одного источника по несостоявшимся закупкам,2025-03-04,2025-03-18,14,1,Поставщик_0350,881081152855,696369.48,Завершен,False
400704,Охранные услуги,Заказчик_0170,681775483909,Из одного источника,2024-07-31,2024-08-13,13,3,Поставщик_0754,155928225349,1853240.19,Итоги подведены,False
400705,Медицинское оборудование,Заказчик_0104,865457848634,Открытый конкурс,2024-12-30,2025-01-11,12,2,Поставщик_0239,398196100744,7022729.95,Завершен,False
400706,Мебель,Заказчик_0185,103321145403,Открытый конкурс,2024-09-24,2024-10-14,20,2,Поставщик_0104,693993502678,1040017.95,Завершен,False
400707,Охранные услуги,Заказчик_0176,053666440505,Запрос ценовых предложений,2023-03-11,2023-03-18,7,4,Поставщик_0620,463614404503,2064296.82,Итоги подведены,False
400708,Клининг,Заказчик_0094,217330854160,Из одного источника,2024-10-18,2024-11-01,14,5,Поставщик_0594,125587341592,686859.32,Итоги подведены,False
400709,IT-услуги,Заказчик_0073,291422089614,Запрос ценовых предложений,2023-08-09,2023-08-28,19,4,Поставщик_0016,146801753931,4621173.42,Итоги подведены,False
400710,Охранные услуги,Заказчик_0065,847528925395,Запрос ценовых предложений,2024-03-26,2024-04-05,10,3,Поставщик_0169,594633609526,2005947.31,Завершен,False
400711,Мебель,Заказчик_0180,050288400985,Запрос ценовых предложений,2024-01-21,2024-02-02,12,2,Поставщик_0640,650976221927,997592.3,Завершен,False
400712,Мебель,Заказчик_0146,531933776661,Из одного источника по несостоявшимся закупкам,2023-11-08,2023-11-14,6,3,Поставщик_0672,334018729361,867540.02,Завершен,False
400713,Клининг,Заказчик_0164,232971847802,Запрос ценовых предложений,2023-05-14,2023-06-03,20,4,Поставщик_0614,251552734088,755323.05,Итоги подведены,False
400714,Охранные услуги,Заказчик_0022,876960826911,Из одного источника по несостоявшимся закупкам,2024-07-28,2024-08-09,12,3,Поставщик_0302,439112186855,1765602.48,Завершен,False
400715,Транспортные услуги,Заказчик_0148,216398982273,Электронный аукцион,2023-08-02,2023-08-17,15,2,Поставщик_0582,664536010552,1105777.48,Завершен,False
400716,Транспортные услуги,Заказчик_0144,516681609103,Открытый конкурс,2023-07-22,2023-08-04,13,3,Поставщик_0021,352853686067,1079001.85,Итоги подведены,False
400717,IT-услуги,Заказчик_0145,164798701236,Запрос ценовых предложений,2023-02-02,2023-02-10,8,4,Поставщик_0199,883751991993,5486799.88,Отменен,False
400718,Канцелярские товары,Заказчик_0027,073988827188,Открытый конкурс,2025-04-04,2025-04-11,7,5,Поставщик_0799,593657951736,304411.26,Итоги подведены,False
400719,Канцелярские товары,Заказчик_0075,929625670649,Из одного источника по несостоявшимся закупкам,2025-04-18,2025-04-25,7,3,Поставщик_0794,013164621740,255330.07,Отменен,False
400720,Ремонт зданий,Заказчик_0144,516681609103,Запрос ценовых предложений,2025-05-04,2025-05-14,10,1,Поставщик_0056,845848409759,5222879.83,Завершен,False
400721,Продукты питания,Заказчик_0142,197238572836,Электронный аукцион,2023-01-06,2023-01-17,11,7,Поставщик_0407,496909492643,518699.53,Завершен,False
400722,Охранные услуги,Заказчик_0195,530149191342,Электронный аукцион,2023-05-04,2023-05-22,18,1,Поставщик_0031,900180549223,1837114.91,Завершен,False
400723,Медицинское оборудование,Заказчик_0191,742687446267,Открытый конкурс,2024-09-08,2024-09-28,20,2,Поставщик_0575,527776296651,7758426.53,Итоги подведены,False
400724,Канцелярские товары,Заказчик_0133,355191676858,Запрос ценовых предложений,2024-05-17,2024-05-20,3,1,Поставщик_0422,801971335920,384316.68,Завершен,True
400725,Транспортные услуги,Заказчик_0166,287356331623,Открытый конкурс,2024-11-13,2024-11-17,4,1,Поставщик_0532,454131066181,1264432.6,Завершен,False
400726,Клининг,Заказчик_0193,560763609637,Открытый конкурс,2023-03-13,2023-03-28,15,5,Поставщик_0291,467915348400,759606.92,Итоги подведены,False
400727,Транспортные услуги,Заказчик_0104,865457848634,Из одного источника по несостоявшимся закупкам,2024-01-03,2024-01-15,12,1,Поставщик_0120,533402274817,1090912.06,Отменен,False
400728,Мебель,Заказчик_0156,370660134587,Электронный аукцион,2025-06-18,2025-06-25,7,5,Поставщик_0030,524097098573,950542.27,Завершен,False
400729,Медицинское оборудование,Заказчик_0103,043205340808,Запрос ценовых предложений,2024-05-01,2024-05-17,16,5,Поставщик_0367,936021322936,8280292.42,Завершен,False
400730,Медицинское оборудование,Заказчик_0111,446242745384,Запрос ценовых предложений,2024-08-31,2024-09-07,7,1,Поставщик_0095,925701177161,7045941.55,Итоги подведены,False
400731,Ремонт зданий,Заказчик_0146,531933776661,Электронный аукцион,2025-01-13,2025-01-16,3,1,Поставщик_0299,615581038112,8482072.26,Опубликован,True
400732,Канцелярские товары,Заказчик_0003,868570220212,Запрос ценовых предложений,2024-08-05,2024-08-16,11,3,Поставщик_0436,051841154098,304193.66,Опубликован,False
400733,Медицинское оборудование,Заказчик_0196,444633818661,Открытый конкурс,2023-09-05,2023-09-21,16,4,Поставщик_0541,928019730937,6973491.54,Завершен,False
400734,Транспортные услуги,Заказчик_0192,709445965738,Открытый конкурс,2024-04-12,2024-04-23,11,1,Поставщик_0196,533133629586,1103613.05,Итоги подведены,False
400735,Ремонт зданий,Заказчик_0138,309592304864,Открытый конкурс,2024-02-21,2024-02-24,3,4,Поставщик_0601,810431206859,5540062.76,Итоги подведены,False
400736,IT-услуги,Заказчик_0130,560397578096,Открытый конкурс,2023-07-04,2023-07-20,16,4,Поставщик_0041,628909287388,4899142.38,Итоги подведены,False
400737,Медицинское оборудование,Заказчик_0122,138783944958,Из одного источника по несостоявшимся закупкам,2024-02-03,2024-02-23,20,3,Поставщик_0001,131666954134,7099468.42,Опубликован,False
400738,Клининг,Заказчик_0111,446242745384,Запрос ценовых предложений,2024-11-15,2024-11-28,13,3,Поставщик_0398,829094583365,716631.72,Опубликован,False
400739,Продукты питания,Заказчик_0029,639591919214,Из одного источника по несостоявшимся закупкам,2024-06-26,2024-07-11,15,3,Поставщик_0781,916367478121,458589.39,Завершен,False
400740,Канцелярские товары,Заказчик_0019,190156218256,Открытый конкурс,2023-06-30,2023-07-13,13,4,Поставщик_0197,888052186039,276636.95,Итоги подведены,False
400741,Транспортные услуги,Заказчик_0006,836394225258,Открытый конкурс,2024-03-08,2024-03-11,3,4,Поставщик_0067,077096602839,1224746.79,Завершен,False
400742,Продукты питания,Заказчик_0156,370660134587,Запрос ценовых предложений,2024-12-20,2024-12-29,9,5,Поставщик_0082,626181711111,508490.48,Завершен,False
400743,Мебель,Заказчик_0018,571295570558,Из одного источника по несостоявшимся закупкам,2023-04-19,2023-04-30,11,2,Поставщик_0329,861894080689,918940.52,Опубликован,False
400744,Ремонт зданий,Заказчик_0198,615372780181,Открытый конкурс,2024-08-17,2024-08-26,9,2,Поставщик_0644,384477013768,6174998.06,Завершен,False
400745,Мебель,Заказчик_0113,268518827291,Запрос ценовых предложений,2024-03-02,2024-03-23,21,5,Поставщик_0642,380264830214,940949.25,Завершен,False
400746,Транспортные услуги,Заказчик_0056,936679226110,Запрос ценовых предложений,2025-06-03,2025-06-22,19,2,Поставщик_0276,515090470547,1198564.71,Опубликован,False
400747,Охранные услуги,Заказчик_0112,839942359881,Электронный аукцион,2024-07-22,2024-07-27,5,1,Поставщик_0336,874088944878,2618902.84,Завершен,True
400748,Охранные услуги,Заказчик_0035,461642607714,Запрос ценовых предложений,2023-02-13,2023-02-20,7,5,Поставщик_0781,916367478121,2190320.14,Итоги подведены,False
400749,Медицинское оборудование,Заказчик_0152,918199349998,Открытый конкурс,2024-06-19,2024-07-03,14,3,Поставщик_0019,918536797002,8229280.32,Завершен,False
400750,Стройматериалы,Заказчик_0190,238315556594,Из одного источника по несостоявшимся закупкам,2024-09-23,2024-10-09,16,2,Поставщик_0485,756919489091,2556929.19,Итоги подведены,False
400751,Продукты питания,Заказчик_0041,403641416035,Запрос ценовых предложений,2023-05-24,2023-06-05,12,1,Поставщик_0616,670217426833,502654.15,Опубликован,False
400752,IT-услуги,Заказчик_0005,965687203229,Электронный аукцион,2024-12-29,2025-01-06,8,4,Поставщик_0536,969870091633,4510349.99,Завершен,False
400753,IT-услуги,Заказчик_0017,424039274499,Из одного источника,2023-03-05,2023-03-12,7,4,Поставщик_0203,070247970998,4634001.42,Завершен,False
400754,Канцелярские товары,Заказчик_0022,876960826911,Из одного источника,2024-06-26,2024-07-02,6,2,Поставщик_0321,485926593358,255515.85,Завершен,False
400755,Медицинское оборудование,Заказчик_0051,545473722111,Электронный аукцион,2024-07-23,2024-08-08,16,3,Поставщик_0410,321230379767,7136779.3,Завершен,False
400756,Клининг,Заказчик_0020,455927236237,Электронный аукцион,2025-06-16,2025-06-30,14,4,Поставщик_0209,353759337956,602675.2,Итоги подведены,False
400757,Медицинское оборудование,Заказчик_0173,212954133846,Открытый конкурс,2023-11-14,2023-11-18,4,4,Поставщик_0617,904610610248,7863557.69,Завершен,False
400758,Ремонт зданий,Заказчик_0028,284372013892,Открытый конкурс,2025-05-20,2025-06-07,18,2,Поставщик_0432,453519088346,5830064.9,Завершен,False
400759,Клининг,Заказчик_0171,919426295735,Электронный аукцион,2024-10-15,2024-10-22,7,7,Поставщик_0478,389500589336,651368.55,Завершен,False
400760,Мебель,Заказчик_0088,446490060265,Электронный аукцион,2024-04-09,2024-04-11,2,1,Поставщик_0024,820750434532,1152236.93,Завершен,True
400761,Клининг,Заказчик_0075,929625670649,Электронный аукцион,2023-01-23,2023-02-09,17,1,Поставщик_0606,849526834930,702622.86,Опубликован,False
400762,Медицинское оборудование,Заказчик_0148,216398982273,Электронный аукцион,2023-11-27,2023-12-13,16,3,Поставщик_0144,898856957794,7101488.33,Итоги подведены,False
400763,IT-услуги,Заказчик_0130,560397578096,Открытый конкурс,2025-03-17,2025-03-30,13,3,Поставщик_0096,934771498574,5288293.53,Завершен,False
400764,IT-услуги,Заказчик_0013,352206298026,Открытый конкурс,2024-07-29,2024-08-08,10,3,Поставщик_0209,353759337956,5271025.08,Завершен,False
400765,Стройматериалы,Заказчик_0101,937882116761,Электронный аукцион,2025-06-01,2025-06-14,13,3,Поставщик_0110,399352983840,2676464.07,Итоги подведены,False
400766,Охранные услуги,Заказчик_0189,913923992645,Из одного источника по несостоявшимся закупкам,2025-03-27,2025-04-07,11,4,Поставщик_0683,389018421647,1838123.07,Завершен,False
400767,Медицинское оборудование,Заказчик_0019,190156218256,Открытый конкурс,2023-09-29,2023-10-16,17,3,Поставщик_0165,784812662610,8768628.02,Завершен,False
400768,Охранные услуги,Заказчик_0150,560471705949,Электронный аукцион,2023-12-25,2024-01-02,8,2,Поставщик_0186,073848826607,1787231.07,Завершен,False
400769,Канцелярские товары,Заказчик_0066,882749582259,Электронный аукцион,2024-03-15,2024-03-23,8,1,Поставщик_0429,862799779028,324980.64,Завершен,False
400770,Клининг,Заказчик_0087,751590785490,Запрос ценовых предложений,2024-04-11,2024-04-27,16,4,Поставщик_0503,457459864697,655141.78,Итоги подведены,False
400771,Мебель,Заказчик_0112,839942359881,Открытый конкурс,2024-12-06,2024-12-09,3,1,Поставщик_0336,874088944878,1448446.95,Итоги подведены,True
400772,Клининг,Заказчик_0062,298543394596,Из одного источника по несостоявшимся закупкам,2023-01-14,2023-02-04,21,5,Поставщик_0527,717368658225,702520.57,Завершен,False
400773,Транспортные услуги,Заказчик_0104,865457848634,Открытый конкурс,2024-09-12,2024-09-21,9,2,Поставщик_0234,545458190187,1172996.68,Завершен,False
400774,Охранные услуги,Заказчик_0189,913923992645,Открытый конкурс,2023-11-11,2023-11-26,15,5,Поставщик_0719,880353449473,2083350.79,Завершен,False
400775,Ремонт зданий,Заказчик_0103,043205340808,Запрос ценовых предложений,2023-06-04,2023-06-17,13,4,Поставщик_0121,843351688152,5928821.91,Завершен,False
400776,Продукты питания,Заказчик_0103,043205340808,Из одного источника по несостоявшимся закупкам,2024-08-03,2024-08-07,4,4,Поставщик_0508,813140511416,452438.02,Завершен,False
400777,Ремонт зданий,Заказчик_0132,113739882651,Из одного источника по несостоявшимся закупкам,2024-01-31,2024-02-07,7,2,Поставщик_0150,536196460253,5159828.4,Итоги подведены,False
400778,Продукты питания,Заказчик_0093,375889866098,Из одного источника по несостоявшимся закупкам,2023-11-03,2023-11-12,9,4,Поставщик_0385,494981171781,529368.05,Завершен,False
400779,Стройматериалы,Заказчик_0168,413748378959,Из одного источника по несостоявшимся закупкам,2025-01-28,2025-02-13,16,4,Поставщик_0184,103135280397,2905450.66,Завершен,False
400780,Транспортные услуги,Заказчик_0083,349806593311,Запрос ценовых предложений,2023-04-02,2023-04-06,4,1,Поставщик_0088,861330689191,1117425.63,Отменен,False
400781,Транспортные услуги,Заказчик_0003,868570220212,Из одного источника по несостоявшимся закупкам,2023-02-26,2023-03-11,13,4,Поставщик_0552,873260164818,1144532.23,Отменен,False
400782,Стройматериалы,Заказчик_0175,560089674827,Открытый конкурс,2023-10-05,2023-10-11,6,2,Поставщик_0583,869301373063,2798859.47,Завершен,False
400783,Стройматериалы,Заказчик_0133,355191676858,Запрос ценовых предложений,2024-10-22,2024-11-08,17,2,Поставщик_0074,485908583208,2680793.79,Отменен,False
400784,Медицинское оборудование,Заказчик_0083,349806593311,Запрос ценовых предложений,2023-08-11,2023-08-21,10,1,Поставщик_0467,681232354610,7808420.6,Итоги подведены,False
400785,Продукты питания,Заказчик_0142,197238572836,Запрос ценовых предложений,2023-06-22,2023-07-08,16,2,Поставщик_0791,984190253969,509236.39,Завершен,False
400786,Канцелярские товары,Заказчик_0110,880371318781,Запрос ценовых предложений,2023-04-22,2023-05-05,13,1,Поставщик_0554,724286115084,294785.63,Завершен,False
400787,Клининг,Заказчик_0004,633229661713,Из одного источника,2025-02-18,2025-03-01,11,3,Поставщик_0129,442180051605,713112.24,Итоги подведены,False
400788,Продукты питания,Заказчик_0084,846650721507,Из одного источника по несостоявшимся закупкам,2023-04-09,2023-04-17,8,4,Поставщик_0619,461861754269,446519.74,Завершен,False
400789,Канцелярские товары,Заказчик_0169,512269807126,Из одного источника по несостоявшимся закупкам,2025-05-26,2025-06-10,15,2,Поставщик_0443,740529188101,258906.66,Отменен,False
400790,Мебель,Заказчик_0183,379370294394,Запрос ценовых предложений,2023-05-20,2023-05-22,2,1,Поставщик_0221,526783920968,1171954.21,Завершен,True
400791,Медицинское оборудование,Заказчик_0076,276366676869,Из одного источника по несостоявшимся закупкам,2023-03-07,2023-03-21,14,4,Поставщик_0345,329999570263,7550227.31,Итоги подведены,False
400792,Мебель,Заказчик_0131,463876194901,Запрос ценовых предложений,2023-10-30,2023-11-05,6,1,Поставщик_0067,077096602839,990215.39,Завершен,False
400793,IT-услуги,Заказчик_0088,446490060265,Электронный аукцион,2023-09-21,2023-09-27,6,1,Поставщик_0024,820750434532,5904396.99,Завершен,True
400794,Продукты питания,Заказчик_0177,290868910115,Запрос ценовых предложений,2024-12-20,2025-01-05,16,1,Поставщик_0093,500663526930,449121.81,Завершен,False
400795,Медицинское оборудование,Заказчик_0060,098599620746,Из одного источника по несостоявшимся закупкам,2024-02-03,2024-02-17,14,6,Поставщик_0411,650003801943,7015378.24,Завершен,False
400796,Охранные услуги,Заказчик_0050,074766470263,Электронный аукцион,2024-07-27,2024-08-08,12,1,Поставщик_0672,334018729361,1852971.5,Завершен,False
400797,Мебель,Заказчик_0115,986712861740,Открытый конкурс,2024-05-23,2024-06-06,14,3,Поставщик_0798,182456177583,875734.76,Опубликован,False
400798,Мебель,Заказчик_0016,294850989981,Запрос ценовых предложений,2023-03-25,2023-04-06,12,1,Поставщик_0679,761720077408,1051008.44,Отменен,False
400799,Охранные услуги,Заказчик_0156,370660134587,Электронный аукцион,2024-03-07,2024-03-16,9,4,Поставщик_0393,448321011203,2025399.48,Завершен,False
400800,Мебель,Заказчик_0147,252922273397,Из одного источника,2023-12-28,2023-12-31,3,2,Поставщик_0517,249119330058,931970.23,Завершен,False
400801,Медицинское оборудование,Заказчик_0033,456442497105,Электронный аукцион,2023-05-20,2023-05-28,8,9,Поставщик_0590,939998271903,7155572.22,Завершен,False
400802,Продукты питания,Заказчик_0164,232971847802,Электронный аукцион,2024-11-15,2024-11-27,12,3,Поставщик_0697,317045030329,439035.78,Завершен,False
400803,Ремонт зданий,Заказчик_0164,232971847802,Открытый конкурс,2025-05-11,2025-06-03,23,3,Поставщик_0640,650976221927,5772536.64,Итоги подведены,False
400804,Транспортные услуги,Заказчик_0013,352206298026,Запрос ценовых предложений,2023-12-21,2024-01-08,18,4,Поставщик_0030,524097098573,1047767.68,Завершен,False
400805,Транспортные услуги,Заказчик_0193,560763609637,Из одного источника,2024-08-24,2024-09-19,26,3,Поставщик_0390,598768757751,1209668.86,Итоги подведены,False
400806,Транспортные услуги,Заказчик_0175,560089674827,Электронный аукцион,2025-05-15,2025-05-27,12,2,Поставщик_0039,568797354953,1124088.01,Опубликован,False
400807,Стройматериалы,Заказчик_0042,061403237378,Открытый конкурс,2023-06-15,2023-06-29,14,2,Поставщик_0554,724286115084,3238456.88,Завершен,False
400808,Транспортные услуги,Заказчик_0095,724337750016,Открытый конкурс,2024-11-18,2024-12-01,13,3,Поставщик_0186,073848826607,1063581.74,Итоги подведены,False
400809,Ремонт зданий,Заказчик_0117,419505214624,Запрос ценовых предложений,2023-10-23,2023-10-25,2,1,Поставщик_0101,134564782885,7984094.74,Завершен,True
400810,Мебель,Заказчик_0075,929625670649,Открытый конкурс,2024-11-23,2024-12-06,13,4,Поставщик_0252,001422100968,939452.51,Завершен,False
400811,Медицинское оборудование,Заказчик_0174,628964171749,Электронный аукцион,2024-01-29,2024-02-15,17,4,Поставщик_0589,136000136411,6884678.9,Итоги подведены,False
400812,Ремонт зданий,Заказчик_0056,936679226110,Из одного источника по несостоявшимся закупкам,2024-09-29,2024-10-17,18,1,Поставщик_0199,883751991993,6185114.25,Завершен,False
400813,Мебель,Заказчик_0026,217846198988,Электронный аукцион,2024-06-08,2024-06-24,16,5,Поставщик_0168,888172747047,1076089.43,Завершен,False
400814,Транспортные услуги,Заказчик_0047,881968747928,Электронный аукцион,2024-07-19,2024-07-27,8,4,Поставщик_0345,329999570263,1062655.8,Итоги подведены,False
400815,Охранные услуги,Заказчик_0045,891036937066,Из одного источника,2024-06-20,2024-06-30,10,6,Поставщик_0351,955407680663,2198513.18,Завершен,False
400816,Мебель,Заказчик_0043,200593676791,Электронный аукцион,2024-06-16,2024-07-01,15,4,Поставщик_0603,374792430378,1057259.56,Завершен,False
400817,Канцелярские товары,Заказчик_0087,751590785490,Электронный аукцион,2024-06-21,2024-07-05,14,3,Поставщик_0702,608570421517,313432.78,Завершен,False
400818,Канцелярские товары,Заказчик_0129,967512170538,Открытый конкурс,2023-06-28,2023-07-14,16,6,Поставщик_0727,273474772669,285873.32,Завершен,False
400819,Транспортные услуги,Заказчик_0006,836394225258,Из одного источника,2023-06-21,2023-06-23,2,2,Поставщик_0501,975249883894,1224545.02,Завершен,False
400820,Ремонт зданий,Заказчик_0143,957760497757,Электронный аукцион,2024-07-16,2024-07-23,7,3,Поставщик_0624,139364081019,5345124.87,Завершен,False
400821,Охранные услуги,Заказчик_0197,921159241640,Запрос ценовых предложений,2023-12-12,2024-01-01,20,4,Поставщик_0267,068487626549,2063654.28,Завершен,False
400822,Канцелярские товары,Заказчик_0078,598284873191,Запрос ценовых предложений,2023-10-28,2023-11-05,8,3,Поставщик_0122,800050545955,291707.24,Итоги подведены,False
400823,Клининг,Заказчик_0147,252922273397,Открытый конкурс,2023-01-29,2023-02-11,13,1,Поставщик_0115,743645137591,758182.61,Итоги подведены,False
400824,Мебель,Заказчик_0123,706853063646,Открытый конкурс,2025-04-11,2025-04-26,15,6,Поставщик_0203,070247970998,1032918.2,Завершен,False
400825,Транспортные услуги,Заказчик_0148,216398982273,Открытый конкурс,2025-05-05,2025-05-22,17,3,Поставщик_0038,806224502118,1058749.26,Опубликован,False
400826,Транспортные услуги,Заказчик_0053,105295618485,Электронный аукцион,2023-05-24,2023-06-05,12,5,Поставщик_0090,570623638590,1153680.01,Завершен,False
400827,Охранные услуги,Заказчик_0027,073988827188,Электронный аукцион,2025-01-06,2025-01-19,13,4,Поставщик_0335,393920822896,1789123.0,Завершен,False
400828,Канцелярские товары,Заказчик_0186,053323099951,Открытый конкурс,2024-01-25,2024-02-10,16,2,Поставщик_0634,605920056438,262966.31,Итоги подведены,False
400829,Ремонт зданий,Заказчик_0121,095952713783,Запрос ценовых предложений,2023-06-22,2023-07-04,12,2,Поставщик_0537,774059209133,5312090.14,Опубликован,False
400830,Ремонт зданий,Заказчик_0114,492430052930,Из одного источника по несостоявшимся закупкам,2024-08-27,2024-09-15,19,1,Поставщик_0046,697251361799,6516721.28,Опубликован,False
400831,Мебель,Заказчик_0068,707783689405,Из одного источника,2023-03-28,2023-04-13,16,2,Поставщик_0153,181498577355,962737.41,Завершен,False
400832,Стройматериалы,Заказчик_0072,072315571086,Из одного источника,2024-08-15,2024-08-31,16,1,Поставщик_0089,402376755963,2550235.81,Опубликован,False
400833,Транспортные услуги,Заказчик_0045,891036937066,Электронный аукцион,2025-06-17,2025-07-08,21,4,Поставщик_0630,072126329927,1143631.45,Завершен,False
400834,Стройматериалы,Заказчик_0178,823345926868,Запрос ценовых предложений,2024-03-26,2024-04-10,15,4,Поставщик_0484,874116212770,3273243.07,Завершен,False
400835,Мебель,Заказчик_0187,313404440226,Из одного источника по несостоявшимся закупкам,2023-10-09,2023-10-17,8,1,Поставщик_0775,848398483906,913725.23,Завершен,False
400836,IT-услуги,Заказчик_0092,787963526218,Открытый конкурс,2024-07-25,2024-08-04,10,3,Поставщик_0526,630882919597,4460615.9,Завершен,False
400837,Транспортные услуги,Заказчик_0102,747749566861,Открытый конкурс,2024-04-01,2024-04-06,5,1,Поставщик_0746,277946131833,1662948.06,Завершен,True
400838,Ремонт зданий,Заказчик_0106,132435760062,Открытый конкурс,2024-02-13,2024-02-23,10,3,Поставщик_0332,411942543934,6571667.9,Итоги подведены,False
400839,Мебель,Заказчик_0129,967512170538,Электронный аукцион,2023-04-02,2023-04-06,4,1,Поставщик_0772,923184834773,992548.26,Завершен,False
400840,Охранные услуги,Заказчик_0071,069974068469,Открытый конкурс,2023-09-15,2023-09-29,14,4,Поставщик_0171,074530106996,1799089.52,Завершен,False
400841,Транспортные услуги,Заказчик_0130,560397578096,Электронный аукцион,2023-08-13,2023-08-26,13,5,Поставщик_0758,294831337443,1245649.52,Итоги подведены,False
400842,IT-услуги,Заказчик_0138,309592304864,Запрос ценовых предложений,2023-07-16,2023-07-30,14,1,Поставщик_0750,522766264065,5452269.68,Завершен,False
400843,Транспортные услуги,Заказчик_0081,893419340814,Из одного источника по несостоявшимся закупкам,2024-06-30,2024-07-16,16,5,Поставщик_0628,628834501796,1221276.41,Завершен,False
400844,Клининг,Заказчик_0032,421496963502,Электронный аукцион,2025-03-10,2025-03-21,11,1,Поставщик_0629,485436510430,625817.05,Итоги подведены,False
400845,Стройматериалы,Заказчик_0177,290868910115,Электронный аукцион,2023-09-17,2023-10-10,23,4,Поставщик_0340,189829966991,3247078.07,Опубликован,False
400846,Продукты питания,Заказчик_0010,757503098830,Открытый конкурс,2024-07-19,2024-07-27,8,2,Поставщик_0381,910363061274,507783.6,Завершен,False
400847,Мебель,Заказчик_0165,105707422805,Из одного источника по несостоявшимся закупкам,2023-04-02,2023-04-05,3,1,Поставщик_0645,945551379107,1208230.51,Завершен,True
400848,Стройматериалы,Заказчик_0083,349806593311,Из одного источника по несостоявшимся закупкам,2023-02-25,2023-03-02,5,1,Поставщик_0070,821788866676,2925924.89,Завершен,False
400849,Транспортные услуги,Заказчик_0087,751590785490,Электронный аукцион,2023-05-14,2023-05-25,11,3,Поставщик_0534,881111936199,1275207.19,Завершен,False
400850,Ремонт зданий,Заказчик_0142,197238572836,Запрос ценовых предложений,2024-02-26,2024-02-28,2,5,Поставщик_0698,602406269889,5541931.66,Завершен,False
400851,IT-услуги,Заказчик_0072,072315571086,Из одного источника по несостоявшимся закупкам,2024-09-20,2024-10-01,11,4,Поставщик_0537,774059209133,4962299.86,Завершен,False
400852,Ремонт зданий,Заказчик_0150,560471705949,Запрос ценовых предложений,2024-09-02,2024-09-11,9,4,Поставщик_0733,295117744745,6445925.5,Завершен,False
400853,Охранные услуги,Заказчик_0176,053666440505,Из одного источника,2025-04-03,2025-04-10,7,2,Поставщик_0227,652331722063,1998975.26,Завершен,False
400854,Охранные услуги,Заказчик_0184,660677017673,Из одного источника,2023-09-22,2023-10-01,9,1,Поставщик_0658,678801259710,1843446.91,Завершен,False
400855,Продукты питания,Заказчик_0033,456442497105,Электронный аукцион,2024-09-30,2024-10-07,7,4,Поставщик_0527,717368658225,433592.29,Отменен,False
400856,Медицинское оборудование,Заказчик_0094,217330854160,Открытый конкурс,2023-09-07,2023-09-22,15,2,Поставщик_0071,924307517257,8015391.02,Завершен,False
400857,Медицинское оборудование,Заказчик_0181,093957730128,Электронный аукцион,2023-10-08,2023-10-16,8,2,Поставщик_0108,105450223327,7642547.12,Итоги подведены,False
400858,Канцелярские товары,Заказчик_0016,294850989981,Открытый конкурс,2025-05-25,2025-06-06,12,1,Поставщик_0621,686099472938,305152.11,Завершен,False
400859,Продукты питания,Заказчик_0160,845404873875,Электронный аукцион,2024-01-14,2024-01-17,3,1,Поставщик_0467,681232354610,681710.88,Завершен,True
400860,Продукты питания,Заказчик_0023,152672624980,Электронный аукцион,2023-06-13,2023-06-21,8,5,Поставщик_0425,674249502283,497550.85,Завершен,False
400861,Медицинское оборудование,Заказчик_0052,571247952112,Запрос ценовых предложений,2024-05-21,2024-05-28,7,3,Поставщик_0474,581416227604,7981547.5,Завершен,False
400862,Клининг,Заказчик_0042,061403237378,Из одного источника по несостоявшимся закупкам,2023-11-28,2023-12-12,14,3,Поставщик_0413,378639743115,725676.85,Завершен,False
400863,Стройматериалы,Заказчик_0170,681775483909,Электронный аукцион,2023-09-17,2023-09-28,11,1,Поставщик_0185,771865953750,2946275.49,Итоги подведены,False
400864,Охранные услуги,Заказчик_0118,609055953469,Электронный аукцион,2023-02-10,2023-02-22,12,7,Поставщик_0764,707738948144,1974570.29,Отменен,False
400865,Клининг,Заказчик_0160,845404873875,Открытый конкурс,2023-07-08,2023-07-12,4,1,Поставщик_0467,681232354610,994796.05,Завершен,True
400866,Мебель,Заказчик_0008,959807652614,Электронный аукцион,2025-06-07,2025-06-22,15,4,Поставщик_0633,682099770995,996012.09,Опубликован,False
400867,Охранные услуги,Заказчик_0097,603503212307,Из одного источника по несостоявшимся закупкам,2024-06-04,2024-06-12,8,1,Поставщик_0567,642698981664,1734919.3,Завершен,False
400868,Стройматериалы,Заказчик_0100,825533331515,Открытый конкурс,2025-05-17,2025-06-06,20,3,Поставщик_0735,849125341936,3191704.1,Завершен,False
400869,Стройматериалы,Заказчик_0165,105707422805,Электронный аукцион,2024-11-23,2024-11-27,4,1,Поставщик_0645,945551379107,3561501.55,Завершен,True
400870,Канцелярские товары,Заказчик_0113,268518827291,Из одного источника по несостоявшимся закупкам,2024-08-23,2024-09-03,11,2,Поставщик_0745,427612360235,259746.27,Завершен,False
400871,Мебель,Заказчик_0167,098964499673,Запрос ценовых предложений,2025-02-07,2025-02-18,11,4,Поставщик_0190,906433503969,1004021.81,Отменен,False
400872,Продукты питания,Заказчик_0083,349806593311,Открытый конкурс,2025-03-11,2025-03-30,19,3,Поставщик_0158,941076970110,528280.7,Завершен,False
400873,Мебель,Заказчик_0157,319262117645,Открытый конкурс,2024-05-10,2024-05-19,9,1,Поставщик_0421,371932869998,1040846.76,Итоги подведены,False
400874,Стройматериалы,Заказчик_0187,313404440226,Электронный аукцион,2023-10-05,2023-10-16,11,6,Поставщик_0334,967253938188,2756633.13,Завершен,False
400875,Мебель,Заказчик_0019,190156218256,Запрос ценовых предложений,2023-03-03,2023-03-14,11,5,Поставщик_0241,316582545395,1078515.15,Завершен,False
400876,Медицинское оборудование,Заказчик_0060,098599620746,Из одного источника по несостоявшимся закупкам,2023-08-03,2023-08-11,8,4,Поставщик_0332,411942543934,7166280.69,Завершен,False
400877,Канцелярские товары,Заказчик_0147,252922273397,Из одного источника по несостоявшимся закупкам,2024-10-09,2024-10-20,11,2,Поставщик_0553,597003912301,283683.61,Завершен,False
400878,Клининг,Заказчик_0078,598284873191,Открытый конкурс,2023-10-27,2023-10-30,3,2,Поставщик_0125,432403029344,681311.63,Завершен,False
400879,Охранные услуги,Заказчик_0188,511393683388,Запрос ценовых предложений,2024-11-08,2024-11-09,1,1,Поставщик_0504,777279885669,2155446.47,Завершен,False
400880,Ремонт зданий,Заказчик_0074,356428134255,Открытый конкурс,2024-09-07,2024-09-21,14,5,Поставщик_0020,007565470562,5464201.4,Завершен,False
400881,IT-услуги,Заказчик_0064,196215509941,Запрос ценовых предложений,2024-01-07,2024-01-16,9,1,Поставщик_0793,809281791467,5134781.63,Завершен,False
400882,Стройматериалы,Заказчик_0046,178619734353,Из одного источника по несостоявшимся закупкам,2023-11-23,2023-11-30,7,3,Поставщик_0618,401498858686,3199544.04,Итоги подведены,False
400883,Мебель,Заказчик_0112,839942359881,Открытый конкурс,2024-10-13,2024-10-17,4,1,Поставщик_0336,874088944878,1371269.85,Завершен,True
400884,Медицинское оборудование,Заказчик_0014,219547810444,Электронный аукцион,2025-05-24,2025-06-03,10,4,Поставщик_0682,433512932356,7028368.81,Итоги подведены,False
400885,Охранные услуги,Заказчик_0194,940255554375,Электронный аукцион,2025-01-03,2025-01-14,11,5,Поставщик_0509,232418148134,2002622.18,Итоги подведены,False
400886,Канцелярские товары,Заказчик_0125,691670073356,Запрос ценовых предложений,2024-10-24,2024-11-03,10,4,Поставщик_0334,967253938188,311621.41,Завершен,False
400887,Клининг,Заказчик_0132,113739882651,Открытый конкурс,2024-05-22,2024-06-04,13,2,Поставщик_0152,211520224319,686634.75,Опубликован,False
400888,Стройматериалы,Заказчик_0034,638762102480,Из одного источника по несостоявшимся закупкам,2023-08-12,2023-08-19,7,2,Поставщик_0406,252571696525,3071950.2,Итоги подведены,False
400889,Продукты питания,Заказчик_0140,572961937397,Открытый конкурс,2023-09-28,2023-10-19,21,3,Поставщик_0038,806224502118,510840.52,Итоги подведены,False
400890,IT-услуги,Заказчик_0194,940255554375,Запрос ценовых предложений,2023-11-06,2023-11-14,8,4,Поставщик_0621,686099472938,4936834.69,Итоги подведены,False
400891,Охранные услуги,Заказчик_0132,113739882651,Электронный аукцион,2024-04-17,2024-04-30,13,4,Поставщик_0582,664536010552,1866412.43,Завершен,False
400892,Канцелярские товары,Заказчик_0177,290868910115,Запрос ценовых предложений,2024-08-01,2024-08-25,24,4,Поставщик_0721,536139518740,313900.32,Итоги подведены,False
400893,Клининг,Заказчик_0091,800785553136,Открытый конкурс,2024-05-25,2024-06-03,9,1,Поставщик_0652,496109906857,638971.12,Завершен,False
400894,Продукты питания,Заказчик_0192,709445965738,Из одного источника по несостоявшимся закупкам,2024-07-14,2024-07-26,12,4,Поставщик_0787,912415283490,428833.37,Опубликован,False
400895,Продукты питания,Заказчик_0071,069974068469,Из одного источника,2025-01-08,2025-01-20,12,5,Поставщик_0241,316582545395,449393.03,Итоги подведены,False
400896,Стройматериалы,Заказчик_0146,531933776661,Из одного источника по несостоявшимся закупкам,2024-05-17,2024-05-21,4,1,Поставщик_0299,615581038112,3557489.65,Завершен,True
400897,Стройматериалы,Заказчик_0088,446490060265,Из одного источника по несостоявшимся закупкам,2023-09-18,2023-09-19,1,1,Поставщик_0024,820750434532,3599055.46,Завершен,True
400898,Мебель,Заказчик_0023,152672624980,Открытый конкурс,2024-05-06,2024-05-20,14,2,Поставщик_0152,211520224319,927889.53,Завершен,False
400899,Медицинское оборудование,Заказчик_0199,342856565386,Из одного источника,2024-06-30,2024-07-13,13,3,Поставщик_0767,597578096977,7321138.63,Завершен,False
400900,Продукты питания,Заказчик_0023,152672624980,Электронный аукцион,2024-10-29,2024-11-09,11,3,Поставщик_0489,645009718055,530918.83,Завершен,False
400901,Клининг,Заказчик_0049,308127387209,Открытый конкурс,2025-01-28,2025-02-18,21,3,Поставщик_0201,892711762522,605697.65,Итоги подведены,False
400902,Мебель,Заказчик_0106,132435760062,Из одного источника,2024-05-01,2024-05-15,14,4,Поставщик_0084,986105712292,1005882.19,Завершен,False
400903,Мебель,Заказчик_0127,352249294184,Открытый конкурс,2023-01-25,2023-02-06,12,2,Поставщик_0117,937934651281,982252.65,Завершен,False
400904,Продукты питания,Заказчик_0162,649389366563,Открытый конкурс,2024-07-17,2024-07-31,14,6,Поставщик_0155,018915617364,518357.2,Завершен,False
400905,Медицинское оборудование,Заказчик_0030,736535270957,Из одного источника по несостоявшимся закупкам,2023-08-26,2023-09-02,7,5,Поставщик_0717,679611243642,8784917.42,Отменен,False
400906,Ремонт зданий,Заказчик_0119,207376773058,Из одного источника по несостоявшимся закупкам,2025-02-07,2025-02-21,14,2,Поставщик_0142,733557002893,5459715.82,Опубликован,False
400907,Мебель,Заказчик_0197,921159241640,Запрос ценовых предложений,2023-10-06,2023-10-13,7,4,Поставщик_0091,618880429026,1054028.9,Завершен,False
400908,Ремонт зданий,Заказчик_0103,043205340808,Открытый конкурс,2024-02-29,2024-03-14,14,1,Поставщик_0185,771865953750,5652556.62,Опубликован,False
400909,Мебель,Заказчик_0184,660677017673,Открытый конкурс,2023-08-26,2023-09-05,10,3,Поставщик_0139,719001940200,957556.63,Итоги подведены,False
400910,Клининг,Заказчик_0194,940255554375,Электронный аукцион,2024-12-22,2025-01-01,10,2,Поставщик_0254,249692497310,597526.09,Завершен,False
400911,Мебель,Заказчик_0191,742687446267,Запрос ценовых предложений,2024-05-06,2024-05-15,9,3,Поставщик_0037,041583061212,1043199.04,Завершен,False
400912,Канцелярские товары,Заказчик_0110,880371318781,Электронный аукцион,2023-11-10,2023-11-12,2,2,Поставщик_0213,829041666571,295158.41,Завершен,False
400913,Медицинское оборудование,Заказчик_0116,028575123047,Запрос ценовых предложений,2024-07-12,2024-07-23,11,4,Поставщик_0681,264209549520,8131829.4,Итоги подведены,False
400914,Клининг,Заказчик_0026,217846198988,Открытый конкурс,2023-05-02,2023-05-19,17,4,Поставщик_0288,661203121503,661152.64,Завершен,False
400915,Стройматериалы,Заказчик_0072,072315571086,Открытый конкурс,2024-04-30,2024-05-10,10,2,Поставщик_0571,885399291688,3272534.51,Завершен,False
400916,Клининг,Заказчик_0035,461642607714,Из одного источника,2025-05-30,2025-06-13,14,6,Поставщик_0008,827876452446,694605.35,Завершен,False
400917,Транспортные услуги,Заказчик_0034,638762102480,Открытый конкурс,2024-05-29,2024-06-16,18,1,Поставщик_0293,369931833239,1216612.04,Завершен,False
400918,Продукты питания,Заказчик_0151,841936905579,Открытый конкурс,2023-12-08,2023-12-13,5,3,Поставщик_0375,617428444873,503262.79,Отменен,False
400919,Транспортные услуги,Заказчик_0184,660677017673,Электронный аукцион,2024-12-05,2024-12-23,18,1,Поставщик_0067,077096602839,1266987.65,Итоги подведены,False
400920,Продукты питания,Заказчик_0054,441094840601,Запрос ценовых предложений,2024-09-25,2024-10-11,16,6,Поставщик_0582,664536010552,439598.98,Завершен,False
400921,Медицинское оборудование,Заказчик_0199,342856565386,Запрос ценовых предложений,2025-05-03,2025-05-08,5,1,Поставщик_0259,469059047610,9617183.96,Опубликован,True
400922,Стройматериалы,Заказчик_0058,694569801375,Из одного источника,2023-02-13,2023-02-25,12,1,Поставщик_0121,843351688152,3295567.85,Завершен,False
400923,Канцелярские товары,Заказчик_0108,933786876564,Из одного источника,2024-02-15,2024-02-27,12,3,Поставщик_0562,307506639977,288998.95,Завершен,False
400924,Транспортные услуги,Заказчик_0099,557410386890,Электронный аукцион,2024-11-06,2024-11-18,12,4,Поставщик_0133,607514168876,1099848.55,Завершен,False
400925,Продукты питания,Заказчик_0066,882749582259,Из одного источника,2024-12-02,2024-12-13,11,4,Поставщик_0760,233735125812,429778.18,Итоги подведены,False
400926,Продукты питания,Заказчик_0036,195028486959,Из одного источника,2024-08-16,2024-09-05,20,4,Поставщик_0055,220760359558,475177.29,Завершен,False
400927,Транспортные услуги,Заказчик_0157,319262117645,Открытый конкурс,2024-05-28,2024-06-13,16,3,Поставщик_0236,351635939493,1060941.05,Завершен,False
400928,IT-услуги,Заказчик_0015,769043821442,Открытый конкурс,2023-03-09,2023-03-17,8,1,Поставщик_0634,605920056438,4478736.17,Опубликован,False
400929,Стройматериалы,Заказчик_0110,880371318781,Электронный аукцион,2023-02-15,2023-03-02,15,3,Поставщик_0604,789516709861,3192118.62,Опубликован,False
400930,Канцелярские товары,Заказчик_0033,456442497105,Открытый конкурс,2023-06-05,2023-06-06,1,2,Поставщик_0288,661203121503,315028.28,Завершен,False
400931,Стройматериалы,Заказчик_0087,751590785490,Электронный аукцион,2023-01-30,2023-02-27,28,3,Поставщик_0162,584323088340,2637360.46,Итоги подведены,False
400932,Продукты питания,Заказчик_0056,936679226110,Запрос ценовых предложений,2023-04-30,2023-05-10,10,2,Поставщик_0292,652920546051,492192.18,Опубликован,False
400933,Продукты питания,Заказчик_0031,763063387334,Открытый конкурс,2024-06-30,2024-07-18,18,2,Поставщик_0371,223308216567,530591.26,Итоги подведены,False
400934,Ремонт зданий,Заказчик_0127,352249294184,Запрос ценовых предложений,2024-10-13,2024-10-24,11,4,Поставщик_0786,828456635036,5227256.71,Завершен,False
400935,Транспортные услуги,Заказчик_0108,933786876564,Из одного источника по несостоявшимся закупкам,2024-01-22,2024-02-09,18,4,Поставщик_0315,693616007772,1059543.62,Завершен,False
400936,Транспортные услуги,Заказчик_0113,268518827291,Запрос ценовых предложений,2024-02-22,2024-02-26,4,1,Поставщик_0797,468272254890,1226069.48,Отменен,False
400937,Транспортные услуги,Заказчик_0072,072315571086,Электронный аукцион,2023-01-01,2023-01-12,11,1,Поставщик_0176,636150818240,1093494.26,Итоги подведены,False
400938,IT-услуги,Заказчик_0122,138783944958,Из одного источника по несостоявшимся закупкам,2025-05-03,2025-05-12,9,1,Поставщик_0140,396575986426,5051487.29,Итоги подведены,False
400939,IT-услуги,Заказчик_0118,609055953469,Электронный аукцион,2024-04-26,2024-05-09,13,2,Поставщик_0113,007552236406,5446110.75,Опубликован,False
400940,Продукты питания,Заказчик_0196,444633818661,Открытый конкурс,2025-02-20,2025-03-05,13,2,Поставщик_0526,630882919597,436984.94,Завершен,False
400941,Канцелярские товары,Заказчик_0006,836394225258,Из одного источника по несостоявшимся закупкам,2023-06-14,2023-06-25,11,7,Поставщик_0754,155928225349,281884.17,Итоги подведены,False
400942,Клининг,Заказчик_0058,694569801375,Открытый конкурс,2025-01-29,2025-02-05,7,2,Поставщик_0408,782244010507,595690.54,Завершен,False
400943,Стройматериалы,Заказчик_0125,691670073356,Открытый конкурс,2024-01-16,2024-01-21,5,6,Поставщик_0528,871273901181,2895153.38,Опубликован,False
400944,Продукты питания,Заказчик_0132,113739882651,Открытый конкурс,2023-01-09,2023-01-22,13,4,Поставщик_0744,571223329164,548828.1,Завершен,False
400945,Охранные услуги,Заказчик_0027,073988827188,Открытый конкурс,2024-09-20,2024-09-30,10,3,Поставщик_0031,900180549223,1963908.2,Итоги подведены,False
400946,Стройматериалы,Заказчик_0087,751590785490,Запрос ценовых предложений,2024-07-09,2024-07-14,5,3,Поставщик_0474,581416227604,3017155.99,Опубликован,False
400947,Клининг,Заказчик_0010,757503098830,Электронный аукцион,2024-08-17,2024-08-20,3,1,Поставщик_0185,771865953750,981355.4,Опубликован,True
400948,Канцелярские товары,Заказчик_0085,228319081121,Открытый конкурс,2025-03-01,2025-03-09,8,1,Поставщик_0048,291807684220,286169.56,Итоги подведены,False
400949,IT-услуги,Заказчик_0092,787963526218,Из одного источника,2023-06-25,2023-07-10,15,3,Поставщик_0282,723262034517,4872904.78,Завершен,False
400950,Канцелярские товары,Заказчик_0102,747749566861,Открытый конкурс,2024-03-18,2024-03-27,9,2,Поставщик_0025,157250824319,276743.0,Опубликован,False
400951,Ремонт зданий,Заказчик_0046,178619734353,Электронный аукцион,2023-06-17,2023-06-29,12,1,Поставщик_0540,599038882189,6224974.69,Завершен,False
400952,Охранные услуги,Заказчик_0109,331294210817,Запрос ценовых предложений,2024-07-22,2024-08-06,15,1,Поставщик_0610,291502438649,1966694.0,Завершен,False
400953,Продукты питания,Заказчик_0052,571247952112,Открытый конкурс,2024-06-22,2024-07-07,15,2,Поставщик_0005,294384972853,451997.39,Завершен,False
400954,Канцелярские товары,Заказчик_0155,850611322279,Электронный аукцион,2023-02-12,2023-03-06,22,2,Поставщик_0450,669636838436,278369.93,Итоги подведены,False
400955,Ремонт зданий,Заказчик_0100,825533331515,Электронный аукцион,2023-05-12,2023-05-14,2,1,Поставщик_0026,859743472035,7680748.85,Завершен,True
400956,Стройматериалы,Заказчик_0134,006567464629,Открытый конкурс,2025-05-13,2025-05-28,15,3,Поставщик_0141,820552102019,2865560.85,Завершен,False
400957,Охранные услуги,Заказчик_0004,633229661713,Открытый конкурс,2024-03-16,2024-03-30,14,4,Поставщик_0272,730783244819,2095844.07,Завершен,False
400958,Ремонт зданий,Заказчик_0025,958511387882,Электронный аукцион,2024-03-30,2024-04-19,20,5,Поставщик_0338,671463015987,5744088.49,Завершен,False
400959,Продукты питания,Заказчик_0193,560763609637,Открытый конкурс,2023-03-24,2023-04-03,10,4,Поставщик_0119,431616934635,455666.05,Опубликован,False
400960,Мебель,Заказчик_0124,308392990638,Запрос ценовых предложений,2024-02-09,2024-02-28,19,1,Поставщик_0127,685395384465,963321.52,Итоги подведены,False
400961,Продукты питания,Заказчик_0005,965687203229,Запрос ценовых предложений,2023-05-05,2023-05-26,21,2,Поставщик_0268,601496730215,428508.75,Завершен,False
400962,Клининг,Заказчик_0196,444633818661,Из одного источника,2023-03-03,2023-03-07,4,1,Поставщик_0069,836621096827,601193.17,Итоги подведены,False
400963,Мебель,Заказчик_0193,560763609637,Запрос ценовых предложений,2023-07-19,2023-07-30,11,3,Поставщик_0724,642962887540,1042438.49,Завершен,False
400964,IT-услуги,Заказчик_0146,531933776661,Открытый конкурс,2024-11-12,2024-11-13,1,1,Поставщик_0299,615581038112,5879958.79,Отменен,True
400965,Стройматериалы,Заказчик_0081,893419340814,Из одного источника по несостоявшимся закупкам,2023-12-17,2023-12-26,9,9,Поставщик_0043,843402250921,3147012.29,Завершен,False
400966,Мебель,Заказчик_0128,840683305887,Открытый конкурс,2025-04-21,2025-04-29,8,3,Поставщик_0603,374792430378,980371.78,Завершен,False
400967,Мебель,Заказчик_0127,352249294184,Из одного источника,2024-08-02,2024-08-05,3,3,Поставщик_0404,637243297218,937349.11,Итоги подведены,False
400968,Клининг,Заказчик_0126,693755362174,Запрос ценовых предложений,2025-02-11,2025-02-25,14,5,Поставщик_0663,433118792556,718635.7,Опубликован,False
400969,Охранные услуги,Заказчик_0151,841936905579,Электронный аукцион,2023-05-22,2023-06-01,10,4,Поставщик_0123,947327724535,1998787.63,Итоги подведены,False
400970,Ремонт зданий,Заказчик_0154,114217757188,Запрос ценовых предложений,2025-02-03,2025-02-07,4,1,Поставщик_0442,406737830193,7942279.12,Завершен,True
400971,Ремонт зданий,Заказчик_0025,958511387882,Открытый конкурс,2025-01-31,2025-02-12,12,4,Поставщик_0496,641940601150,6219410.72,Завершен,False
400972,Продукты питания,Заказчик_0124,308392990638,Электронный аукцион,2023-08-27,2023-09-09,13,2,Поставщик_0272,730783244819,534128.86,Завершен,False
400973,Медицинское оборудование,Заказчик_0195,530149191342,Электронный аукцион,2024-01-20,2024-01-30,10,6,Поставщик_0187,330515207345,8177617.15,Завершен,False
400974,Клининг,Заказчик_0171,919426295735,Запрос ценовых предложений,2024-07-13,2024-07-25,12,4,Поставщик_0296,457711350883,759983.8,Завершен,False
400975,Стройматериалы,Заказчик_0156,370660134587,Электронный аукцион,2025-04-07,2025-04-26,19,4,Поставщик_0015,177191506476,3201905.86,Опубликован,False
400976,IT-услуги,Заказчик_0042,061403237378,Из одного источника по несостоявшимся закупкам,2024-07-16,2024-08-01,16,4,Поставщик_0676,607807975653,5466664.89,Завершен,False
400977,Канцелярские товары,Заказчик_0119,207376773058,Открытый конкурс,2024-01-25,2024-02-02,8,2,Поставщик_0471,664419980308,320679.43,Итоги подведены,False
400978,Клининг,Заказчик_0043,200593676791,Открытый конкурс,2025-01-08,2025-01-24,16,6,Поставщик_0420,118735108906,617466.18,Опубликован,False
400979,Медицинское оборудование,Заказчик_0169,512269807126,Запрос ценовых предложений,2024-02-21,2024-03-08,16,1,Поставщик_0028,253645471972,8052041.8,Завершен,False
400980,IT-услуги,Заказчик_0024,420762754008,Из одного источника по несостоявшимся закупкам,2023-06-28,2023-07-07,9,4,Поставщик_0558,339474201463,5267097.96,Итоги подведены,False
400981,Стройматериалы,Заказчик_0060,098599620746,Электронный аукцион,2023-05-01,2023-05-19,18,1,Поставщик_0718,380941684061,2943475.62,Итоги подведены,False
400982,Мебель,Заказчик_0131,463876194901,Запрос ценовых предложений,2023-04-17,2023-04-27,10,3,Поставщик_0798,182456177583,854501.71,Завершен,False
400983,Медицинское оборудование,Заказчик_0028,284372013892,Открытый конкурс,2024-10-13,2024-10-19,6,3,Поставщик_0455,161205892073,7699548.88,Отменен,False
400984,Клининг,Заказчик_0128,840683305887,Запрос ценовых предложений,2023-04-18,2023-04-24,6,5,Поставщик_0296,457711350883,598940.8,Итоги подведены,False
400985,Клининг,Заказчик_0007,329500167403,Из одного источника по несостоявшимся закупкам,2025-03-01,2025-03-14,13,2,Поставщик_0072,965888101287,666951.8,Отменен,False
400986,Ремонт зданий,Заказчик_0066,882749582259,Электронный аукцион,2023-10-12,2023-10-28,16,4,Поставщик_0141,820552102019,6381496.55,Завершен,False
400987,Стройматериалы,Заказчик_0115,986712861740,Из одного источника,2023-04-09,2023-04-27,18,5,Поставщик_0364,117948525800,3067572.39,Завершен,False
400988,Канцелярские товары,Заказчик_0146,531933776661,Из одного источника,2023-01-09,2023-01-18,9,3,Поставщик_0382,989586553277,275516.2,Завершен,False
400989,Продукты питания,Заказчик_0138,309592304864,Открытый конкурс,2024-09-07,2024-09-15,8,5,Поставщик_0026,859743472035,517355.38,Завершен,False
400990,Продукты питания,Заказчик_0107,769835139635,Электронный аукцион,2024-09-24,2024-09-29,5,1,Поставщик_0685,775363758901,658395.65,Опубликован,True
400991,Медицинское оборудование,Заказчик_0048,544728808246,Электронный аукцион,2023-08-28,2023-09-11,14,5,Поставщик_0087,387671609145,8783540.27,Завершен,False
400992,Ремонт зданий,Заказчик_0023,152672624980,Из одного источника по несостоявшимся закупкам,2024-06-02,2024-06-22,20,1,Поставщик_0684,527233135406,5735442.49,Опубликован,False
400993,Медицинское оборудование,Заказчик_0130,560397578096,Из одного источника по несостоявшимся закупкам,2023-04-14,2023-04-27,13,7,Поставщик_0690,530413526928,8118118.47,Итоги подведены,False
400994,IT-услуги,Заказчик_0042,061403237378,Запрос ценовых предложений,2023-09-01,2023-09-13,12,3,Поставщик_0433,475307919366,5309849.18,Завершен,False
400995,Клининг,Заказчик_0038,756202235126,Электронный аукцион,2025-06-10,2025-06-22,12,5,Поставщик_0770,467538817210,696370.48,Завершен,False
400996,Охранные услуги,Заказчик_0170,681775483909,Запрос ценовых предложений,2025-04-07,2025-04-14,7,1,Поставщик_0273,431769216018,2171395.38,Опубликован,False
400997,Транспортные услуги,Заказчик_0058,694569801375,Запрос ценовых предложений,2024-11-26,2024-12-08,12,3,Поставщик_0264,581472848963,1073811.12,Итоги подведены,False
400998,Стройматериалы,Заказчик_0148,216398982273,Электронный аукцион,2023-07-04,2023-07-19,15,4,Поставщик_0363,826646713440,3276731.18,Завершен,False
400999,Охранные услуги,Заказчик_0141,155013446536,Запрос ценовых предложений,2023-05-15,2023-06-05,21,1,Поставщик_0181,194339337476,1871217.54,Завершен,False
401000,Клининг,Заказчик_0142,197238572836,Открытый конкурс,2023-09-02,2023-09-08,6,2,Поставщик_0740,689804271765,768667.06,Завершен,False
401001,Стройматериалы,Заказчик_0199,342856565386,Из одного источника,2023-01-24,2023-01-30,6,1,Поставщик_0259,469059047610,3495599.97,Итоги подведены,True
401002,Ремонт зданий,Заказчик_0046,178619734353,Открытый конкурс,2024-04-01,2024-04-13,12,2,Поставщик_0046,697251361799,6214299.88,Итоги подведены,False
401003,Ремонт зданий,Заказчик_0179,703500144758,Запрос ценовых предложений,2023-06-04,2023-06-11,7,3,Поставщик_0624,139364081019,6368678.76,Завершен,False
401004,Клининг,Заказчик_0063,541376725946,Запрос ценовых предложений,2023-02-16,2023-03-02,14,4,Поставщик_0626,618076893639,608745.37,Завершен,False
401005,IT-услуги,Заказчик_0115,986712861740,Электронный аукцион,2024-05-18,2024-06-04,17,4,Поставщик_0155,018915617364,4815635.5,Опубликован,False
401006,Продукты питания,Заказчик_0039,704542495687,Запрос ценовых предложений,2023-04-09,2023-04-19,10,7,Поставщик_0104,693993502678,491560.01,Завершен,False
401007,Медицинское оборудование,Заказчик_0091,800785553136,Запрос ценовых предложений,2023-04-17,2023-04-28,11,8,Поставщик_0248,462736711337,8298663.98,Итоги подведены,False
401008,Ремонт зданий,Заказчик_0070,366888337780,Электронный аукцион,2023-11-06,2023-11-07,1,1,Поставщик_0128,110621371287,6550106.36,Опубликован,False
401009,Мебель,Заказчик_0199,342856565386,Открытый конкурс,2024-03-07,2024-03-10,3,1,Поставщик_0259,469059047610,1304109.59,Завершен,True
401010,Клининг,Заказчик_0058,694569801375,Запрос ценовых предложений,2024-11-01,2024-11-08,7,4,Поставщик_0446,932049316287,641791.94,Завершен,False
401011,IT-услуги,Заказчик_0101,937882116761,Электронный аукцион,2024-09-15,2024-09-28,13,1,Поставщик_0770,467538817210,4392994.45,Завершен,False
401012,Мебель,Заказчик_0147,252922273397,Открытый конкурс,2023-12-08,2023-12-20,12,3,Поставщик_0022,800446377177,877147.65,Завершен,False
401013,Стройматериалы,Заказчик_0022,876960826911,Открытый конкурс,2023-05-24,2023-06-04,11,3,Поставщик_0219,637601336976,3288971.94,Отменен,False
401014,Стройматериалы,Заказчик_0150,560471705949,Из одного источника по несостоявшимся закупкам,2023-09-29,2023-10-07,8,4,Поставщик_0742,112871143972,2552153.48,Завершен,False
401015,Мебель,Заказчик_0163,155720026558,Из одного источника по несостоявшимся закупкам,2024-01-06,2024-01-16,10,1,Поставщик_0209,353759337956,1077448.07,Итоги подведены,False
401016,Стройматериалы,Заказчик_0059,216695400432,Открытый конкурс,2024-04-14,2024-04-19,5,3,Поставщик_0736,946616957932,3210634.9,Завершен,False
401017,Продукты питания,Заказчик_0087,751590785490,Открытый конкурс,2024-06-08,2024-06-23,15,2,Поставщик_0254,249692497310,512806.2,Опубликован,False
401018,IT-услуги,Заказчик_0082,679471404490,Запрос ценовых предложений,2023-02-18,2023-02-21,3,1,Поставщик_0096,934771498574,5272817.53,Завершен,False
401019,Продукты питания,Заказчик_0042,061403237378,Электронный аукцион,2023-12-14,2023-12-24,10,2,Поставщик_0285,513462082964,433999.47,Итоги подведены,False
401020,Охранные услуги,Заказчик_0037,867585874226,Открытый конкурс,2025-04-24,2025-05-02,8,5,Поставщик_0631,089058953061,1888458.57,Опубликован,False
401021,Транспортные услуги,Заказчик_0166,287356331623,Открытый конкурс,2025-04-04,2025-04-15,11,5,Поставщик_0197,888052186039,1274875.58,Завершен,False
401022,IT-услуги,Заказчик_0007,329500167403,Из одного источника по несостоявшимся закупкам,2024-10-09,2024-10-21,12,4,Поставщик_0426,385935104354,4650850.33,Завершен,False
401023,Стройматериалы,Заказчик_0120,174668074201,Из одного источника по несостоявшимся закупкам,2024-10-06,2024-10-14,8,3,Поставщик_0495,246507961368,3218776.36,Итоги подведены,False
401024,Стройматериалы,Заказчик_0197,921159241640,Электронный аукцион,2023-04-01,2023-04-14,13,5,Поставщик_0716,430475267338,3256599.21,Завершен,False
401025,Клининг,Заказчик_0146,531933776661,Из одного источника по несостоявшимся закупкам,2024-02-16,2024-02-21,5,1,Поставщик_0299,615581038112,922170.13,Завершен,True
401026,Продукты питания,Заказчик_0102,747749566861,Электронный аукцион,2024-06-14,2024-06-18,4,1,Поставщик_0746,277946131833,583818.45,Опубликован,True
401027,Стройматериалы,Заказчик_0113,268518827291,Открытый конкурс,2024-02-10,2024-02-20,10,3,Поставщик_0529,476011360029,2642370.44,Итоги подведены,False
401028,Стройматериалы,Заказчик_0057,045227746976,Из одного источника по несостоявшимся закупкам,2024-05-29,2024-06-04,6,3,Поставщик_0637,527875907801,2893863.76,Завершен,False
401029,Ремонт зданий,Заказчик_0160,845404873875,Электронный аукцион,2024-05-16,2024-05-19,3,1,Поставщик_0467,681232354610,7200234.98,Завершен,True
401030,Клининг,Заказчик_0158,456227804705,Из одного источника по несостоявшимся закупкам,2024-06-09,2024-06-18,9,1,Поставщик_0254,249692497310,744861.03,Завершен,False
401031,Мебель,Заказчик_0101,937882116761,Запрос ценовых предложений,2024-06-29,2024-07-07,8,7,Поставщик_0562,307506639977,944757.44,Завершен,False
401032,Клининг,Заказчик_0097,603503212307,Запрос ценовых предложений,2023-03-05,2023-03-16,11,2,Поставщик_0705,917107113218,643147.88,Итоги подведены,False
401033,Стройматериалы,Заказчик_0083,349806593311,Электронный аукцион,2023-04-27,2023-05-07,10,5,Поставщик_0267,068487626549,3282754.78,Отменен,False
401034,Продукты питания,Заказчик_0028,284372013892,Открытый конкурс,2025-04-04,2025-04-18,14,4,Поставщик_0138,786746124356,426057.69,Итоги подведены,False
401035,Медицинское оборудование,Заказчик_0014,219547810444,Из одного источника по несостоявшимся закупкам,2024-06-21,2024-06-30,9,2,Поставщик_0799,593657951736,7710926.6,Завершен,False
401036,Транспортные услуги,Заказчик_0063,541376725946,Запрос ценовых предложений,2023-06-17,2023-06-29,12,4,Поставщик_0390,598768757751,1259618.62,Итоги подведены,False
401037,Продукты питания,Заказчик_0089,395460786772,Открытый конкурс,2023-01-16,2023-01-24,8,2,Поставщик_0485,756919489091,498885.35,Опубликован,False
401038,Продукты питания,Заказчик_0058,694569801375,Из одного источника по несостоявшимся закупкам,2025-05-13,2025-05-26,13,5,Поставщик_0550,582148078867,468563.21,Итоги подведены,False
401039,Клининг,Заказчик_0101,937882116761,Открытый конкурс,2024-09-02,2024-09-03,1,4,Поставщик_0321,485926593358,690889.49,Завершен,False
401040,Медицинское оборудование,Заказчик_0025,958511387882,Электронный аукцион,2024-03-27,2024-04-07,11,3,Поставщик_0266,549008670401,8110709.84,Завершен,False
401041,Мебель,Заказчик_0014,219547810444,Электронный аукцион,2024-10-12,2024-10-20,8,5,Поставщик_0007,228960979981,1028585.53,Опубликован,False
401042,Мебель,Заказчик_0167,098964499673,Запрос ценовых предложений,2023-05-09,2023-05-18,9,4,Поставщик_0308,129590257354,951812.98,Итоги подведены,False
401043,IT-услуги,Заказчик_0135,486200442637,Из одного источника,2024-07-22,2024-08-01,10,6,Поставщик_0256,172697105248,5235091.16,Завершен,False
401044,IT-услуги,Заказчик_0096,626442714264,Из одного источника,2024-07-23,2024-07-31,8,1,Поставщик_0698,602406269889,4877256.02,Итоги подведены,False
401045,Клининг,Заказчик_0157,319262117645,Электронный аукцион,2023-09-15,2023-09-24,9,2,Поставщик_0509,232418148134,764590.18,Завершен,False
401046,Транспортные услуги,Заказчик_0111,446242745384,Открытый конкурс,2025-06-03,2025-06-12,9,1,Поставщик_0014,068941037138,1192311.35,Итоги подведены,False
401047,IT-услуги,Заказчик_0080,658912085920,Электронный аукцион,2025-04-22,2025-04-24,2,1,Поставщик_0372,944811679801,5326552.56,Завершен,False
401048,Охранные услуги,Заказчик_0087,751590785490,Электронный аукцион,2023-03-23,2023-04-08,16,4,Поставщик_0029,042388906871,1781163.31,Завершен,False
401049,IT-услуги,Заказчик_0196,444633818661,Электронный аукцион,2024-11-01,2024-11-11,10,8,Поставщик_0226,538312341120,4527103.11,Завершен,False
401050,Клининг,Заказчик_0155,850611322279,Открытый конкурс,2024-06-07,2024-06-23,16,5,Поставщик_0133,607514168876,653962.2,Завершен,False
401051,Транспортные услуги,Заказчик_0066,882749582259,Из одного источника по несостоявшимся закупкам,2023-07-01,2023-07-15,14,2,Поставщик_0390,598768757751,1085228.53,Итоги подведены,False
401052,Медицинское оборудование,Заказчик_0197,921159241640,Электронный аукцион,2023-11-30,2023-12-10,10,3,Поставщик_0717,679611243642,6886840.12,Завершен,False
401053,Стройматериалы,Заказчик_0101,937882116761,Запрос ценовых предложений,2023-03-18,2023-03-29,11,4,Поставщик_0618,401498858686,2719826.39,Завершен,False
401054,Канцелярские товары,Заказчик_0013,352206298026,Открытый конкурс,2025-04-27,2025-05-06,9,2,Поставщик_0691,853642560172,259716.84,Завершен,False
401055,Медицинское оборудование,Заказчик_0030,736535270957,Открытый конкурс,2023-01-24,2023-02-04,11,5,Поставщик_0301,886366058053,8017227.48,Завершен,False
401056,Охранные услуги,Заказчик_0109,331294210817,Из одного источника,2023-09-07,2023-09-21,14,1,Поставщик_0489,645009718055,1805002.42,Завершен,False
401057,Охранные услуги,Заказчик_0079,987998370546,Электронный аукцион,2024-07-14,2024-07-17,3,2,Поставщик_0782,920048121639,2000928.87,Завершен,False
401058,Стройматериалы,Заказчик_0099,557410386890,Открытый конкурс,2024-01-04,2024-01-13,9,5,Поставщик_0080,751360825096,3156337.06,Завершен,False
401059,Стройматериалы,Заказчик_0023,152672624980,Электронный аукцион,2023-11-21,2023-12-01,10,7,Поставщик_0515,994600436234,3040111.02,Итоги подведены,False
401060,IT-услуги,Заказчик_0136,789135342202,Из одного источника по несостоявшимся закупкам,2024-09-24,2024-10-08,14,5,Поставщик_0654,255547850454,4575646.76,Завершен,False
401061,Продукты питания,Заказчик_0001,016525808631,Из одного источника по несостоявшимся закупкам,2024-06-19,2024-06-29,10,4,Поставщик_0549,779704718153,512108.76,Опубликован,False
401062,Охранные услуги,Заказчик_0150,560471705949,Электронный аукцион,2023-02-11,2023-03-03,20,2,Поставщик_0405,385456565010,1835412.72,Завершен,False
401063,Охранные услуги,Заказчик_0143,957760497757,Открытый конкурс,2024-09-28,2024-10-06,8,5,Поставщик_0081,606435416636,2057149.71,Завершен,False
401064,Мебель,Заказчик_0091,800785553136,Электронный аукцион,2025-01-23,2025-02-02,10,4,Поставщик_0013,133626704126,969305.1,Итоги подведены,False
401065,IT-услуги,Заказчик_0114,492430052930,Открытый конкурс,2025-03-12,2025-03-22,10,4,Поставщик_0735,849125341936,4970486.43,Завершен,False
401066,IT-услуги,Заказчик_0042,061403237378,Запрос ценовых предложений,2024-08-23,2024-09-05,13,3,Поставщик_0435,150641092260,4959198.72,Опубликован,False
401067,Стройматериалы,Заказчик_0042,061403237378,Открытый конкурс,2023-03-28,2023-04-12,15,4,Поставщик_0541,928019730937,3165533.76,Завершен,False
401068,Охранные услуги,Заказчик_0087,751590785490,Открытый конкурс,2024-11-12,2024-11-25,13,6,Поставщик_0354,093319808172,1998873.04,Завершен,False
401069,Ремонт зданий,Заказчик_0192,709445965738,Электронный аукцион,2024-12-08,2024-12-19,11,1,Поставщик_0472,346460499989,5186646.02,Завершен,False
401070,Медицинское оборудование,Заказчик_0094,217330854160,Из одного источника,2023-03-06,2023-03-16,10,9,Поставщик_0526,630882919597,7997326.94,Завершен,False
401071,Медицинское оборудование,Заказчик_0031,763063387334,Запрос ценовых предложений,2023-08-20,2023-09-02,13,3,Поставщик_0711,363987954794,6802579.89,Итоги подведены,False
401072,Клининг,Заказчик_0083,349806593311,Из одного источника по несостоявшимся закупкам,2024-04-29,2024-05-07,8,1,Поставщик_0370,008318800461,720676.19,Итоги подведены,False
401073,IT-услуги,Заказчик_0012,425723964512,Открытый конкурс,2023-03-08,2023-03-18,10,2,Поставщик_0439,477268128749,4283669.71,Завершен,False
401074,Транспортные услуги,Заказчик_0073,291422089614,Запрос ценовых предложений,2024-04-04,2024-04-25,21,3,Поставщик_0346,339552598135,1176653.06,Итоги подведены,False
401075,Канцелярские товары,Заказчик_0019,190156218256,Открытый конкурс,2025-06-07,2025-06-27,20,3,Поставщик_0198,662219935215,272170.03,Завершен,False
401076,Охранные услуги,Заказчик_0073,291422089614,Из одного источника по несостоявшимся закупкам,2024-02-15,2024-02-27,12,2,Поставщик_0629,485436510430,2069265.8,Итоги подведены,False
401077,Охранные услуги,Заказчик_0174,628964171749,Из одного источника,2023-04-22,2023-04-26,4,3,Поставщик_0751,018095025545,1816012.48,Итоги подведены,False
401078,Стройматериалы,Заказчик_0115,986712861740,Электронный аукцион,2025-06-02,2025-06-17,15,3,Поставщик_0792,041878927631,3284746.84,Завершен,False
401079,Канцелярские товары,Заказчик_0062,298543394596,Запрос ценовых предложений,2025-05-16,2025-05-19,3,2,Поставщик_0660,885690734448,283711.86,Завершен,False
401080,Медицинское оборудование,Заказчик_0125,691670073356,Открытый конкурс,2025-03-12,2025-03-23,11,2,Поставщик_0196,533133629586,6824672.33,Итоги подведены,False
401081,Клининг,Заказчик_0137,362813537454,Электронный аукцион,2023-05-07,2023-05-13,6,1,Поставщик_0173,631844261137,736786.72,Итоги подведены,False
401082,Охранные услуги,Заказчик_0090,423440463190,Запрос ценовых предложений,2024-04-14,2024-04-19,5,4,Поставщик_0670,218987005214,1964914.77,Завершен,False
401083,Стройматериалы,Заказчик_0155,850611322279,Из одного источника по несостоявшимся закупкам,2025-05-02,2025-05-16,14,3,Поставщик_0252,001422100968,3266916.68,Итоги подведены,False
401084,IT-услуги,Заказчик_0084,846650721507,Запрос ценовых предложений,2023-08-17,2023-09-01,15,5,Поставщик_0199,883751991993,4476399.23,Опубликован,False
401085,Мебель,Заказчик_0058,694569801375,Электронный аукцион,2025-01-25,2025-02-13,19,5,Поставщик_0558,339474201463,969720.12,Завершен,False
401086,Медицинское оборудование,Заказчик_0068,707783689405,Запрос ценовых предложений,2023-03-12,2023-03-23,11,1,Поставщик_0234,545458190187,7478923.94,Завершен,False
401087,Канцелярские товары,Заказчик_0078,598284873191,Открытый конкурс,2023-07-31,2023-08-08,8,1,Поставщик_0716,430475267338,275288.97,Итоги подведены,False
401088,Стройматериалы,Заказчик_0131,463876194901,Открытый конкурс,2025-05-08,2025-05-27,19,2,Поставщик_0405,385456565010,3268439.87,Завершен,False
401089,Клининг,Заказчик_0073,291422089614,Электронный аукцион,2024-07-31,2024-08-13,13,6,Поставщик_0068,643324683156,709074.63,Итоги подведены,False
401090,Транспортные услуги,Заказчик_0044,011652671671,Открытый конкурс,2024-08-01,2024-08-17,16,5,Поставщик_0260,316863067117,1275377.71,Итоги подведены,False
401091,Транспортные услуги,Заказчик_0066,882749582259,Открытый конкурс,2023-01-07,2023-01-22,15,2,Поставщик_0054,334605183424,1146705.11,Итоги подведены,False
401092,Канцелярские товары,Заказчик_0136,789135342202,Из одного источника по несостоявшимся закупкам,2024-02-21,2024-03-02,10,1,Поставщик_0704,159772307286,308353.22,Опубликован,False
401093,Мебель,Заказчик_0158,456227804705,Открытый конкурс,2024-09-01,2024-09-24,23,3,Поставщик_0721,536139518740,1062998.9,Итоги подведены,False
401094,Стройматериалы,Заказчик_0003,868570220212,Запрос ценовых предложений,2023-05-13,2023-05-22,9,10,Поставщик_0666,295758217844,2694812.41,Итоги подведены,False
401095,Транспортные услуги,Заказчик_0061,915640336836,Запрос ценовых предложений,2023-11-02,2023-11-15,13,6,Поставщик_0126,093758825163,1079039.76,Завершен,False
401096,Охранные услуги,Заказчик_0128,840683305887,Электронный аукцион,2024-02-22,2024-02-26,4,5,Поставщик_0261,540535849007,1757742.94,Итоги подведены,False
401097,Ремонт зданий,Заказчик_0159,055513512505,Запрос ценовых предложений,2023-01-20,2023-01-23,3,3,Поставщик_0435,150641092260,6134910.04,Отменен,False
401098,Клининг,Заказчик_0131,463876194901,Из одного источника по несостоявшимся закупкам,2023-07-24,2023-08-02,9,2,Поставщик_0782,920048121639,623517.52,Завершен,False
401099,Продукты питания,Заказчик_0078,598284873191,Из одного источника,2023-03-02,2023-03-09,7,3,Поставщик_0322,163573634487,524496.86,Завершен,False
401100,Медицинское оборудование,Заказчик_0122,138783944958,Открытый конкурс,2024-07-07,2024-07-25,18,5,Поставщик_0460,409351429754,8764409.75,Завершен,False
401101,IT-услуги,Заказчик_0096,626442714264,Открытый конкурс,2023-04-28,2023-05-18,20,2,Поставщик_0091,618880429026,4467063.69,Итоги подведены,False
401102,Мебель,Заказчик_0138,309592304864,Запрос ценовых предложений,2024-06-01,2024-06-06,5,4,Поставщик_0390,598768757751,1022721.7,Итоги подведены,False
401103,Медицинское оборудование,Заказчик_0068,707783689405,Открытый конкурс,2024-04-07,2024-04-16,9,2,Поставщик_0208,572426977114,7196281.73,Итоги подведены,False
401104,Канцелярские товары,Заказчик_0151,841936905579,Электронный аукцион,2024-12-15,2024-12-29,14,2,Поставщик_0533,258190416283,278946.77,Завершен,False
401105,Мебель,Заказчик_0026,217846198988,Открытый конкурс,2023-05-03,2023-05-28,25,3,Поставщик_0115,743645137591,943463.23,Отменен,False
401106,Клининг,Заказчик_0127,352249294184,Открытый конкурс,2024-06-10,2024-06-24,14,5,Поставщик_0160,261806834952,718127.77,Итоги подведены,False
401107,Мебель,Заказчик_0053,105295618485,Из одного источника,2024-12-04,2024-12-16,12,5,Поставщик_0529,476011360029,983702.82,Итоги подведены,False
401108,Продукты питания,Заказчик_0182,383719759048,Запрос ценовых предложений,2023-09-21,2023-10-04,13,2,Поставщик_0217,416790061879,481037.86,Завершен,False
401109,Стройматериалы,Заказчик_0011,890407714528,Из одного источника по несостоявшимся закупкам,2025-02-07,2025-02-23,16,1,Поставщик_0015,177191506476,3212994.21,Завершен,False
401110,Медицинское оборудование,Заказчик_0000,602276804025,Открытый конкурс,2025-04-17,2025-04-25,8,1,Поставщик_0708,707240161153,7924859.24,Завершен,False
401111,Охранные услуги,Заказчик_0111,446242745384,Электронный аукцион,2024-05-07,2024-05-12,5,6,Поставщик_0046,697251361799,1819713.92,Итоги подведены,False
401112,Клининг,Заказчик_0161,030990904779,Запрос ценовых предложений,2023-07-28,2023-08-08,11,5,Поставщик_0571,885399291688,622693.78,Итоги подведены,False
401113,Охранные услуги,Заказчик_0183,379370294394,Электронный аукцион,2024-11-12,2024-11-16,4,1,Поставщик_0221,526783920968,2859488.04,Опубликован,True
401114,IT-услуги,Заказчик_0048,544728808246,Электронный аукцион,2023-11-10,2023-11-22,12,2,Поставщик_0095,925701177161,4710479.92,Завершен,False
401115,Канцелярские товары,Заказчик_0141,155013446536,Открытый конкурс,2024-12-18,2024-12-30,12,5,Поставщик_0326,956745653116,323088.71,Завершен,False
401116,Стройматериалы,Заказчик_0150,560471705949,Электронный аукцион,2023-07-09,2023-07-21,12,5,Поставщик_0048,291807684220,3140302.6,Итоги подведены,False
401117,IT-услуги,Заказчик_0107,769835139635,Из одного источника по несостоявшимся закупкам,2024-02-15,2024-02-23,8,3,Поставщик_0563,314181945048,5022511.39,Завершен,False
401118,Канцелярские товары,Заказчик_0080,658912085920,Электронный аукцион,2024-06-09,2024-06-19,10,4,Поставщик_0602,542185985110,257763.87,Завершен,False
401119,Стройматериалы,Заказчик_0008,959807652614,Открытый конкурс,2023-06-05,2023-06-23,18,5,Поставщик_0750,522766264065,2869764.93,Итоги подведены,False
401120,Продукты питания,Заказчик_0117,419505214624,Из одного источника по несостоявшимся закупкам,2023-03-15,2023-03-20,5,1,Поставщик_0101,134564782885,629176.0,Завершен,True
401121,Транспортные услуги,Заказчик_0071,069974068469,Из одного источника,2025-03-08,2025-03-17,9,4,Поставщик_0760,233735125812,1290575.0,Завершен,False
401122,Охранные услуги,Заказчик_0019,190156218256,Электронный аукцион,2024-03-23,2024-03-28,5,2,Поставщик_0705,917107113218,1968414.2,Опубликован,False
401123,Ремонт зданий,Заказчик_0171,919426295735,Электронный аукцион,2023-09-14,2023-09-23,9,2,Поставщик_0275,849582772358,5155281.21,Опубликован,False
401124,Продукты питания,Заказчик_0165,105707422805,Электронный аукцион,2024-05-31,2024-06-04,4,1,Поставщик_0645,945551379107,661310.47,Итоги подведены,True
401125,Стройматериалы,Заказчик_0180,050288400985,Из одного источника по несостоявшимся закупкам,2025-05-07,2025-05-20,13,2,Поставщик_0230,446742286936,2757097.4,Отменен,False
401126,Продукты питания,Заказчик_0114,492430052930,Электронный аукцион,2024-05-30,2024-06-08,9,4,Поставщик_0102,016171228627,446180.08,Завершен,False
401127,Мебель,Заказчик_0068,707783689405,Из одного источника по несостоявшимся закупкам,2024-03-07,2024-03-23,16,7,Поставщик_0480,616875391974,869804.89,Опубликован,False
401128,Мебель,Заказчик_0003,868570220212,Электронный аукцион,2024-01-20,2024-02-04,15,4,Поставщик_0575,527776296651,879765.32,Итоги подведены,False
401129,Ремонт зданий,Заказчик_0107,769835139635,Электронный аукцион,2024-01-19,2024-01-23,4,1,Поставщик_0685,775363758901,7888937.08,Завершен,True
401130,Клининг,Заказчик_0185,103321145403,Запрос ценовых предложений,2024-03-06,2024-03-10,4,2,Поставщик_0636,644148931402,632815.84,Завершен,False
401131,Ремонт зданий,Заказчик_0155,850611322279,Электронный аукцион,2023-02-01,2023-02-15,14,6,Поставщик_0015,177191506476,5482157.15,Завершен,False
401132,Клининг,Заказчик_0110,880371318781,Запрос ценовых предложений,2024-11-02,2024-11-16,14,1,Поставщик_0532,454131066181,762895.01,Итоги подведены,False
401133,Мебель,Заказчик_0030,736535270957,Электронный аукцион,2024-04-08,2024-04-21,13,4,Поставщик_0698,602406269889,998748.59,Завершен,False
401134,Охранные услуги,Заказчик_0157,319262117645,Открытый конкурс,2023-12-02,2023-12-09,7,3,Поставщик_0031,900180549223,1752810.61,Завершен,False
401135,Мебель,Заказчик_0109,331294210817,Открытый конкурс,2025-01-22,2025-02-05,14,3,Поставщик_0464,487067317933,1098162.95,Итоги подведены,False
401136,Мебель,Заказчик_0116,028575123047,Из одного источника по несостоявшимся закупкам,2023-10-06,2023-10-26,20,5,Поставщик_0023,195771172870,958537.2,Завершен,False
401137,Канцелярские товары,Заказчик_0032,421496963502,Открытый конкурс,2024-06-23,2024-07-07,14,5,Поставщик_0089,402376755963,266555.39,Завершен,False
401138,Транспортные услуги,Заказчик_0116,028575123047,Из одного источника по несостоявшимся закупкам,2024-10-25,2024-11-08,14,4,Поставщик_0646,902533636786,1114249.98,Завершен,False
401139,Клининг,Заказчик_0047,881968747928,Электронный аукцион,2024-08-11,2024-08-19,8,5,Поставщик_0309,913322191117,709296.82,Отменен,False
401140,Клининг,Заказчик_0001,016525808631,Из одного источника по несостоявшимся закупкам,2023-06-05,2023-06-23,18,1,Поставщик_0585,126880847331,753587.75,Завершен,False
401141,Медицинское оборудование,Заказчик_0018,571295570558,Из одного источника по несостоявшимся закупкам,2024-05-30,2024-06-13,14,1,Поставщик_0369,627611614932,7225583.18,Завершен,False
401142,Транспортные услуги,Заказчик_0030,736535270957,Электронный аукцион,2025-04-20,2025-05-01,11,3,Поставщик_0467,681232354610,1158257.06,Завершен,False
401143,Стройматериалы,Заказчик_0171,919426295735,Запрос ценовых предложений,2024-12-04,2024-12-16,12,3,Поставщик_0499,933795584105,3231252.86,Завершен,False
401144,Мебель,Заказчик_0047,881968747928,Из одного источника по несостоявшимся закупкам,2023-08-25,2023-09-03,9,4,Поставщик_0098,571368539972,854887.49,Завершен,False
401145,Клининг,Заказчик_0037,867585874226,Открытый конкурс,2025-04-04,2025-04-12,8,1,Поставщик_0623,733963465975,760735.96,Итоги подведены,False
401146,Ремонт зданий,Заказчик_0035,461642607714,Электронный аукцион,2023-01-15,2023-01-20,5,4,Поставщик_0181,194339337476,5852311.37,Завершен,False
401147,Мебель,Заказчик_0122,138783944958,Электронный аукцион,2025-03-20,2025-04-08,19,3,Поставщик_0601,810431206859,1091113.43,Опубликован,False
401148,Продукты питания,Заказчик_0181,093957730128,Из одного источника по несостоявшимся закупкам,2024-11-05,2024-11-22,17,3,Поставщик_0270,416062438707,512287.05,Итоги подведены,False
401149,Транспортные услуги,Заказчик_0068,707783689405,Из одного источника,2024-07-13,2024-08-02,20,4,Поставщик_0107,130966453732,1037748.49,Итоги подведены,False
401150,Транспортные услуги,Заказчик_0174,628964171749,Открытый конкурс,2023-02-02,2023-02-17,15,1,Поставщик_0497,633282039319,1089063.41,Итоги подведены,False
401151,Продукты питания,Заказчик_0081,893419340814,Электронный аукцион,2024-02-20,2024-03-01,10,3,Поставщик_0517,249119330058,435891.16,Завершен,False
401152,Мебель,Заказчик_0036,195028486959,Открытый конкурс,2024-09-17,2024-09-23,6,4,Поставщик_0375,617428444873,917019.7,Завершен,False
401153,Продукты питания,Заказчик_0181,093957730128,Запрос ценовых предложений,2023-02-10,2023-02-28,18,5,Поставщик_0751,018095025545,431829.65,Опубликован,False
401154,Ремонт зданий,Заказчик_0056,936679226110,Из одного источника,2024-08-31,2024-09-15,15,3,Поставщик_0350,881081152855,6124614.9,Завершен,False
401155,Продукты питания,Заказчик_0117,419505214624,Открытый конкурс,2023-01-07,2023-01-12,5,5,Поставщик_0285,513462082964,440039.07,Итоги подведены,False
401156,Охранные услуги,Заказчик_0045,891036937066,Электронный аукцион,2023-03-20,2023-03-29,9,1,Поставщик_0573,786259204650,2016940.23,Завершен,False
401157,IT-услуги,Заказчик_0001,016525808631,Открытый конкурс,2023-09-24,2023-09-29,5,4,Поставщик_0497,633282039319,4260893.37,Завершен,False
401158,Клининг,Заказчик_0046,178619734353,Открытый конкурс,2024-04-27,2024-05-02,5,1,Поставщик_0268,601496730215,598173.21,Итоги подведены,False
401159,Канцелярские товары,Заказчик_0023,152672624980,Открытый конкурс,2025-03-23,2025-03-31,8,2,Поставщик_0429,862799779028,314298.71,Опубликован,False
401160,Клининг,Заказчик_0197,921159241640,Электронный аукцион,2025-05-17,2025-05-27,10,3,Поставщик_0493,659352082128,659947.32,Опубликован,False
401161,Транспортные услуги,Заказчик_0143,957760497757,Запрос ценовых предложений,2023-12-06,2023-12-09,3,6,Поставщик_0771,687593322342,1199999.64,Итоги подведены,False
401162,Стройматериалы,Заказчик_0029,639591919214,Запрос ценовых предложений,2023-04-02,2023-04-15,13,5,Поставщик_0001,131666954134,2791979.8,Завершен,False
401163,Охранные услуги,Заказчик_0027,073988827188,Из одного источника,2025-06-05,2025-06-24,19,6,Поставщик_0672,334018729361,2042415.94,Опубликован,False
401164,Медицинское оборудование,Заказчик_0109,331294210817,Открытый конкурс,2025-05-03,2025-05-11,8,2,Поставщик_0044,798305978893,7076123.46,Итоги подведены,False
401165,Канцелярские товары,Заказчик_0112,839942359881,Открытый конкурс,2025-01-30,2025-02-01,2,1,Поставщик_0336,874088944878,349970.32,Завершен,True
401166,Продукты питания,Заказчик_0118,609055953469,Открытый конкурс,2024-04-28,2024-05-11,13,2,Поставщик_0440,153928262967,512745.36,Завершен,False
401167,Продукты питания,Заказчик_0001,016525808631,Из одного источника,2025-03-22,2025-03-28,6,2,Поставщик_0262,018646815901,487115.19,Итоги подведены,False
401168,Стройматериалы,Заказчик_0129,967512170538,Запрос ценовых предложений,2024-05-12,2024-05-31,19,1,Поставщик_0319,930083708303,3236234.56,Завершен,False
401169,Транспортные услуги,Заказчик_0178,823345926868,Открытый конкурс,2024-05-30,2024-06-16,17,3,Поставщик_0661,241179908536,1135500.11,Завершен,False
401170,Мебель,Заказчик_0133,355191676858,Электронный аукцион,2025-05-24,2025-05-25,1,1,Поставщик_0422,801971335920,1395934.75,Завершен,True
401171,Ремонт зданий,Заказчик_0088,446490060265,Открытый конкурс,2024-09-22,2024-09-25,3,1,Поставщик_0024,820750434532,7850815.93,Отменен,True
401172,Стройматериалы,Заказчик_0105,101837512445,Из одного источника по несостоявшимся закупкам,2024-03-05,2024-03-23,18,4,Поставщик_0090,570623638590,2867031.31,Отменен,False
401173,Клининг,Заказчик_0036,195028486959,Из одного источника,2023-07-12,2023-07-28,16,3,Поставщик_0207,184717961441,730031.33,Итоги подведены,False
401174,Клининг,Заказчик_0021,049902298831,Открытый конкурс,2024-01-15,2024-01-25,10,4,Поставщик_0789,185832953116,676898.77,Итоги подведены,False
401175,Стройматериалы,Заказчик_0009,498251982661,Открытый конкурс,2024-07-23,2024-07-25,2,1,Поставщик_0029,042388906871,3688829.89,Завершен,True
401176,Клининг,Заказчик_0169,512269807126,Запрос ценовых предложений,2023-07-05,2023-07-08,3,5,Поставщик_0227,652331722063,741020.71,Завершен,False
401177,Стройматериалы,Заказчик_0119,207376773058,Из одного источника по несостоявшимся закупкам,2025-03-31,2025-04-13,13,3,Поставщик_0218,435602273530,2867842.07,Отменен,False
401178,Транспортные услуги,Заказчик_0112,839942359881,Открытый конкурс,2025-05-09,2025-05-14,5,3,Поставщик_0247,478301914972,1053415.53,Завершен,False
401179,Медицинское оборудование,Заказчик_0107,769835139635,Электронный аукцион,2023-07-22,2023-07-26,4,1,Поставщик_0685,775363758901,9584107.35,Завершен,True
401180,Клининг,Заказчик_0111,446242745384,Открытый конкурс,2025-06-10,2025-06-11,1,3,Поставщик_0439,477268128749,676027.69,Завершен,False
401181,Мебель,Заказчик_0140,572961937397,Открытый конкурс,2024-05-12,2024-05-26,14,4,Поставщик_0734,331897353844,918422.18,Отменен,False
401182,IT-услуги,Заказчик_0138,309592304864,Электронный аукцион,2023-01-24,2023-02-20,27,5,Поставщик_0560,600427856280,4749028.41,Завершен,False
401183,Медицинское оборудование,Заказчик_0081,893419340814,Из одного источника по несостоявшимся закупкам,2024-04-30,2024-05-10,10,2,Поставщик_0391,516505148191,8000058.88,Итоги подведены,False
401184,IT-услуги,Заказчик_0103,043205340808,Из одного источника,2024-12-05,2024-12-15,10,2,Поставщик_0553,597003912301,5279162.48,Опубликован,False
401185,Транспортные услуги,Заказчик_0013,352206298026,Электронный аукцион,2024-08-12,2024-08-24,12,2,Поставщик_0454,962676334080,1152151.79,Итоги подведены,False
401186,Продукты питания,Заказчик_0100,825533331515,Электронный аукцион,2024-12-05,2024-12-09,4,1,Поставщик_0026,859743472035,697436.26,Завершен,True
401187,Транспортные услуги,Заказчик_0101,937882116761,Открытый конкурс,2024-02-17,2024-02-27,10,5,Поставщик_0578,609946517910,1277054.45,Завершен,False
401188,Продукты питания,Заказчик_0152,918199349998,Открытый конкурс,2023-06-25,2023-06-26,1,3,Поставщик_0341,714420391749,428498.32,Итоги подведены,False
401189,Транспортные услуги,Заказчик_0027,073988827188,Открытый конкурс,2025-03-23,2025-04-03,11,4,Поставщик_0644,384477013768,1210448.28,Завершен,False
401190,Продукты питания,Заказчик_0170,681775483909,Из одного источника,2025-01-23,2025-02-09,17,3,Поставщик_0104,693993502678,436578.48,Итоги подведены,False
401191,Стройматериалы,Заказчик_0021,049902298831,Из одного источника,2024-10-16,2024-10-28,12,5,Поставщик_0473,721155851736,3080009.41,Итоги подведены,False
401192,Ремонт зданий,Заказчик_0024,420762754008,Запрос ценовых предложений,2023-07-01,2023-07-14,13,4,Поставщик_0703,802335654107,6369921.31,Опубликован,False
401193,Транспортные услуги,Заказчик_0075,929625670649,Запрос ценовых предложений,2023-09-23,2023-10-04,11,3,Поставщик_0455,161205892073,1143728.97,Завершен,False
401194,Продукты питания,Заказчик_0175,560089674827,Запрос ценовых предложений,2023-05-22,2023-05-31,9,3,Поставщик_0172,067712977841,449390.01,Завершен,False
401195,Ремонт зданий,Заказчик_0183,379370294394,Запрос ценовых предложений,2024-10-23,2024-11-02,10,2,Поставщик_0322,163573634487,6129136.61,Итоги подведены,False
401196,IT-услуги,Заказчик_0178,823345926868,Из одного источника,2024-09-14,2024-09-27,13,1,Поставщик_0698,602406269889,4416178.88,Завершен,False
401197,Продукты питания,Заказчик_0021,049902298831,Запрос ценовых предложений,2023-11-02,2023-11-12,10,3,Поставщик_0186,073848826607,494261.16,Завершен,False
401198,Транспортные услуги,Заказчик_0144,516681609103,Электронный аукцион,2023-11-25,2023-12-10,15,4,Поставщик_0060,512534346021,1316361.22,Опубликован,False
401199,Ремонт зданий,Заказчик_0194,940255554375,Из одного источника по несостоявшимся закупкам,2025-05-25,2025-06-01,7,3,Поставщик_0051,758056409181,6550734.97,Опубликован,False
401200,Стройматериалы,Заказчик_0086,600723107574,Открытый конкурс,2023-11-21,2023-11-22,1,3,Поставщик_0736,946616957932,3089070.59,Итоги подведены,False
401201,Транспортные услуги,Заказчик_0167,098964499673,Запрос ценовых предложений,2023-03-23,2023-03-29,6,3,Поставщик_0602,542185985110,1199960.35,Завершен,False
401202,Мебель,Заказчик_0086,600723107574,Открытый конкурс,2023-01-03,2023-01-11,8,2,Поставщик_0289,335139441430,1025796.35,Опубликован,False
401203,Охранные услуги,Заказчик_0025,958511387882,Из одного источника по несостоявшимся закупкам,2023-09-06,2023-09-19,13,5,Поставщик_0721,536139518740,1821114.21,Завершен,False
401204,Медицинское оборудование,Заказчик_0118,609055953469,Запрос ценовых предложений,2023-02-11,2023-02-16,5,1,Поставщик_0050,866108239013,7054515.24,Итоги подведены,False
401205,Мебель,Заказчик_0172,325409489345,Электронный аукцион,2024-10-29,2024-11-07,9,1,Поставщик_0028,253645471972,896067.5,Итоги подведены,False
401206,Стройматериалы,Заказчик_0012,425723964512,Открытый конкурс,2024-09-08,2024-09-19,11,1,Поставщик_0402,760086638831,2582498.82,Завершен,False
401207,Мебель,Заказчик_0055,539176725448,Из одного источника,2024-09-16,2024-09-30,14,2,Поставщик_0791,984190253969,1012054.83,Итоги подведены,False
401208,Канцелярские товары,Заказчик_0176,053666440505,Из одного источника по несостоявшимся закупкам,2023-02-04,2023-02-19,15,2,Поставщик_0121,843351688152,279705.92,Опубликован,False
401209,Транспортные услуги,Заказчик_0032,421496963502,Из одного источника,2025-05-23,2025-06-09,17,1,Поставщик_0219,637601336976,1109410.36,Завершен,False
401210,Клининг,Заказчик_0156,370660134587,Запрос ценовых предложений,2023-08-28,2023-09-09,12,3,Поставщик_0778,818114369237,621195.61,Завершен,False
401211,Стройматериалы,Заказчик_0138,309592304864,Открытый конкурс,2024-09-27,2024-10-04,7,2,Поставщик_0628,628834501796,3268818.6,Итоги подведены,False
401212,Канцелярские товары,Заказчик_0167,098964499673,Электронный аукцион,2023-11-19,2023-11-24,5,6,Поставщик_0630,072126329927,293176.84,Завершен,False
401213,Медицинское оборудование,Заказчик_0139,584877345150,Электронный аукцион,2023-11-20,2023-12-05,15,6,Поставщик_0778,818114369237,6901914.05,Итоги подведены,False
401214,Транспортные услуги,Заказчик_0175,560089674827,Запрос ценовых предложений,2023-10-09,2023-10-18,9,5,Поставщик_0150,536196460253,1075494.93,Опубликован,False
401215,Ремонт зданий,Заказчик_0018,571295570558,Открытый конкурс,2024-01-21,2024-01-30,9,1,Поставщик_0417,669535964147,6139279.43,Отменен,False
401216,Мебель,Заказчик_0147,252922273397,Открытый конкурс,2023-03-07,2023-03-17,10,1,Поставщик_0019,918536797002,1005714.79,Завершен,False
401217,Ремонт зданий,Заказчик_0140,572961937397,Открытый конкурс,2024-05-16,2024-05-24,8,2,Поставщик_0559,063934408962,6034276.42,Завершен,False
401218,Охранные услуги,Заказчик_0122,138783944958,Открытый конкурс,2024-10-17,2024-10-30,13,5,Поставщик_0796,772196538689,1843481.97,Завершен,False
401219,Канцелярские товары,Заказчик_0122,138783944958,Электронный аукцион,2023-11-23,2023-12-07,14,3,Поставщик_0711,363987954794,317825.96,Завершен,False
401220,Канцелярские товары,Заказчик_0169,512269807126,Открытый конкурс,2023-12-05,2023-12-18,13,1,Поставщик_0295,502489097049,325580.56,Завершен,False
401221,Транспортные услуги,Заказчик_0057,045227746976,Открытый конкурс,2023-11-20,2023-12-01,11,3,Поставщик_0402,760086638831,1264239.35,Завершен,False
401222,Ремонт зданий,Заказчик_0194,940255554375,Из одного источника по несостоявшимся закупкам,2024-06-03,2024-06-16,13,1,Поставщик_0160,261806834952,6055485.57,Завершен,False
401223,Продукты питания,Заказчик_0055,539176725448,Открытый конкурс,2025-02-02,2025-02-12,10,1,Поставщик_0356,484547864403,522491.16,Итоги подведены,False
401224,Стройматериалы,Заказчик_0126,693755362174,Открытый конкурс,2025-01-03,2025-01-09,6,8,Поставщик_0388,413845597476,3258715.6,Завершен,False
401225,Медицинское оборудование,Заказчик_0100,825533331515,Открытый конкурс,2025-01-24,2025-01-26,2,1,Поставщик_0026,859743472035,10798715.27,Завершен,True
401226,Медицинское оборудование,Заказчик_0149,424259616526,Открытый конкурс,2023-08-29,2023-09-03,5,2,Поставщик_0191,410813781099,7070651.29,Завершен,False
401227,Мебель,Заказчик_0179,703500144758,Из одного источника по несостоявшимся закупкам,2023-03-26,2023-04-09,14,4,Поставщик_0224,975718896174,856494.39,Итоги подведены,False
401228,IT-услуги,Заказчик_0084,846650721507,Из одного источника по несостоявшимся закупкам,2023-01-19,2023-02-04,16,7,Поставщик_0071,924307517257,4252823.22,Опубликован,False
401229,Продукты питания,Заказчик_0146,531933776661,Открытый конкурс,2024-09-24,2024-10-11,17,4,Поставщик_0431,457774731762,457953.46,Итоги подведены,False
401230,Продукты питания,Заказчик_0091,800785553136,Открытый конкурс,2023-04-01,2023-04-07,6,3,Поставщик_0652,496109906857,545264.51,Итоги подведены,False
401231,Клининг,Заказчик_0142,197238572836,Из одного источника,2024-01-07,2024-01-08,1,3,Поставщик_0522,767368917374,595191.11,Завершен,False
401232,Продукты питания,Заказчик_0038,756202235126,Из одного источника по несостоявшимся закупкам,2024-11-29,2024-12-12,13,2,Поставщик_0119,431616934635,446292.13,Опубликован,False
401233,Ремонт зданий,Заказчик_0113,268518827291,Открытый конкурс,2024-01-22,2024-02-03,12,6,Поставщик_0139,719001940200,6138275.85,Завершен,False
401234,Продукты питания,Заказчик_0072,072315571086,Из одного источника по несостоявшимся закупкам,2023-12-13,2023-12-21,8,7,Поставщик_0342,461718724186,505789.53,Отменен,False
401235,Охранные услуги,Заказчик_0085,228319081121,Из одного источника по несостоявшимся закупкам,2024-11-07,2024-11-18,11,4,Поставщик_0576,451280438340,1906471.77,Завершен,False
401236,Клининг,Заказчик_0115,986712861740,Электронный аукцион,2023-08-25,2023-09-10,16,3,Поставщик_0579,051812327924,767321.44,Итоги подведены,False
401237,Стройматериалы,Заказчик_0043,200593676791,Запрос ценовых предложений,2025-06-01,2025-06-07,6,1,Поставщик_0607,536449729464,2731895.65,Итоги подведены,False
401238,IT-услуги,Заказчик_0042,061403237378,Электронный аукцион,2024-07-25,2024-08-05,11,2,Поставщик_0236,351635939493,4971802.05,Отменен,False
401239,Канцелярские товары,Заказчик_0107,769835139635,Запрос ценовых предложений,2025-06-09,2025-06-24,15,4,Поставщик_0008,827876452446,280435.5,Итоги подведены,False
401240,Медицинское оборудование,Заказчик_0117,419505214624,Электронный аукцион,2023-04-05,2023-04-08,3,1,Поставщик_0101,134564782885,11576536.8,Опубликован,True
401241,Охранные услуги,Заказчик_0118,609055953469,Из одного источника по несостоявшимся закупкам,2023-08-27,2023-09-11,15,2,Поставщик_0711,363987954794,1926059.9,Завершен,False
401242,Продукты питания,Заказчик_0113,268518827291,Открытый конкурс,2024-12-09,2024-12-12,3,4,Поставщик_0352,598108649509,457494.96,Итоги подведены,False
401243,Канцелярские товары,Заказчик_0182,383719759048,Из одного источника по несостоявшимся закупкам,2023-06-29,2023-07-22,23,3,Поставщик_0006,761122032537,325991.62,Завершен,False
401244,Ремонт зданий,Заказчик_0179,703500144758,Из одного источника,2025-04-16,2025-04-18,2,5,Поставщик_0101,134564782885,5968117.2,Завершен,False
401245,Мебель,Заказчик_0185,103321145403,Запрос ценовых предложений,2023-04-25,2023-05-12,17,3,Поставщик_0069,836621096827,1024628.59,Завершен,False
401246,Клининг,Заказчик_0031,763063387334,Электронный аукцион,2025-05-27,2025-06-07,11,6,Поставщик_0500,113707972671,602733.39,Итоги подведены,False
401247,Транспортные услуги,Заказчик_0144,516681609103,Открытый конкурс,2024-02-01,2024-02-19,18,2,Поставщик_0108,105450223327,1105013.78,Итоги подведены,False
401248,Клининг,Заказчик_0111,446242745384,Открытый конкурс,2024-11-10,2024-11-13,3,2,Поставщик_0380,205571075277,739612.68,Завершен,False
401249,Клининг,Заказчик_0020,455927236237,Запрос ценовых предложений,2024-06-28,2024-07-05,7,7,Поставщик_0320,336265903303,637207.08,Завершен,False
401250,Охранные услуги,Заказчик_0176,053666440505,Из одного источника,2024-09-05,2024-09-19,14,2,Поставщик_0171,074530106996,1890694.98,Итоги подведены,False
401251,Стройматериалы,Заказчик_0097,603503212307,Запрос ценовых предложений,2023-12-19,2024-01-02,14,5,Поставщик_0045,931311979619,2994208.89,Итоги подведены,False
401252,Транспортные услуги,Заказчик_0060,098599620746,Электронный аукцион,2023-06-24,2023-07-05,11,5,Поставщик_0783,655871465909,1246596.6,Итоги подведены,False
401253,Мебель,Заказчик_0055,539176725448,Открытый конкурс,2023-03-09,2023-03-17,8,1,Поставщик_0384,084435553244,949773.62,Завершен,False
401254,Медицинское оборудование,Заказчик_0130,560397578096,Из одного источника,2025-05-23,2025-06-05,13,5,Поставщик_0491,158112158095,8649185.11,Итоги подведены,False
401255,Клининг,Заказчик_0070,366888337780,Электронный аукцион,2023-12-03,2023-12-15,12,3,Поставщик_0318,666548534963,630473.09,Итоги подведены,False
401256,Стройматериалы,Заказчик_0131,463876194901,Открытый конкурс,2023-05-17,2023-05-20,3,3,Поставщик_0739,795163914900,2848321.17,Итоги подведены,False
401257,Медицинское оборудование,Заказчик_0000,602276804025,Открытый конкурс,2025-06-01,2025-06-20,19,6,Поставщик_0564,149029451339,6925841.41,Завершен,False
401258,IT-услуги,Заказчик_0137,362813537454,Открытый конкурс,2023-05-28,2023-06-10,13,4,Поставщик_0234,545458190187,5401101.48,Завершен,False
401259,Медицинское оборудование,Заказчик_0015,769043821442,Открытый конкурс,2024-05-31,2024-06-13,13,2,Поставщик_0284,829126485629,8698726.1,Завершен,False
401260,IT-услуги,Заказчик_0167,098964499673,Открытый конкурс,2023-05-15,2023-05-27,12,4,Поставщик_0134,530528735776,5406740.24,Итоги подведены,False
401261,Клининг,Заказчик_0191,742687446267,Открытый конкурс,2023-07-27,2023-07-28,1,2,Поставщик_0431,457774731762,762645.18,Отменен,False
401262,Транспортные услуги,Заказчик_0147,252922273397,Запрос ценовых предложений,2023-09-15,2023-09-28,13,2,Поставщик_0200,591387784449,1041933.55,Итоги подведены,False
401263,Медицинское оборудование,Заказчик_0188,511393683388,Запрос ценовых предложений,2023-11-25,2023-12-03,8,1,Поставщик_0013,133626704126,7076780.86,Завершен,False
401264,Канцелярские товары,Заказчик_0012,425723964512,Открытый конкурс,2024-07-01,2024-07-08,7,3,Поставщик_0731,532932360613,311961.64,Завершен,False
401265,Канцелярские товары,Заказчик_0033,456442497105,Открытый конкурс,2025-01-20,2025-01-28,8,1,Поставщик_0449,235915981959,317063.21,Завершен,False
401266,Медицинское оборудование,Заказчик_0178,823345926868,Из одного источника по несостоявшимся закупкам,2025-04-14,2025-05-06,22,5,Поставщик_0249,753741809469,7113930.86,Завершен,False
401267,Канцелярские товары,Заказчик_0010,757503098830,Из одного источника по несостоявшимся закупкам,2024-08-22,2024-08-30,8,3,Поставщик_0515,994600436234,311065.03,Опубликован,False
401268,Транспортные услуги,Заказчик_0012,425723964512,Электронный аукцион,2024-12-12,2024-12-26,14,4,Поставщик_0405,385456565010,1070302.32,Завершен,False
401269,Продукты питания,Заказчик_0088,446490060265,Запрос ценовых предложений,2023-10-17,2023-10-22,5,1,Поставщик_0024,820750434532,712240.85,Итоги подведены,True
401270,Охранные услуги,Заказчик_0116,028575123047,Электронный аукцион,2024-10-23,2024-10-31,8,3,Поставщик_0407,496909492643,2044074.67,Итоги подведены,False
401271,Стройматериалы,Заказчик_0156,370660134587,Электронный аукцион,2023-08-13,2023-08-31,18,2,Поставщик_0135,014282841775,2808372.16,Итоги подведены,False
401272,Продукты питания,Заказчик_0166,287356331623,Открытый конкурс,2023-05-13,2023-05-30,17,3,Поставщик_0612,305653841439,511469.0,Опубликован,False
401273,Стройматериалы,Заказчик_0120,174668074201,Открытый конкурс,2023-12-20,2024-01-04,15,4,Поставщик_0622,537306373772,2781228.61,Опубликован,False
401274,Медицинское оборудование,Заказчик_0149,424259616526,Запрос ценовых предложений,2024-04-02,2024-04-11,9,4,Поставщик_0543,776243762180,7888327.02,Завершен,False
401275,Продукты питания,Заказчик_0067,415355431652,Открытый конкурс,2024-05-07,2024-05-17,10,6,Поставщик_0759,474938970727,448971.5,Завершен,False
401276,IT-услуги,Заказчик_0017,424039274499,Запрос ценовых предложений,2025-05-13,2025-06-01,19,4,Поставщик_0401,066049648775,4750335.69,Завершен,False
401277,Мебель,Заказчик_0020,455927236237,Из одного источника по несостоявшимся закупкам,2023-03-14,2023-03-25,11,3,Поставщик_0207,184717961441,1057995.57,Итоги подведены,False
401278,Ремонт зданий,Заказчик_0124,308392990638,Открытый конкурс,2023-10-02,2023-10-15,13,1,Поставщик_0057,866171998149,5176122.86,Завершен,False
401279,Клининг,Заказчик_0094,217330854160,Из одного источника,2024-07-18,2024-07-30,12,5,Поставщик_0427,644483312630,615216.21,Итоги подведены,False
401280,Ремонт зданий,Заказчик_0117,419505214624,Из одного источника,2024-12-24,2024-12-30,6,5,Поставщик_0041,628909287388,6235423.27,Завершен,False
401281,Ремонт зданий,Заказчик_0039,704542495687,Открытый конкурс,2023-06-04,2023-06-14,10,2,Поставщик_0524,751020189276,5408942.46,Итоги подведены,False
401282,Транспортные услуги,Заказчик_0092,787963526218,Открытый конкурс,2023-08-18,2023-08-21,3,5,Поставщик_0595,398571213861,1189906.01,Завершен,False
401283,IT-услуги,Заказчик_0076,276366676869,Запрос ценовых предложений,2024-07-26,2024-08-15,20,2,Поставщик_0451,536259268377,5466692.59,Отменен,False
401284,Ремонт зданий,Заказчик_0050,074766470263,Запрос ценовых предложений,2024-05-23,2024-05-31,8,5,Поставщик_0619,461861754269,5910120.85,Итоги подведены,False
401285,Канцелярские товары,Заказчик_0145,164798701236,Электронный аукцион,2024-01-22,2024-01-29,7,5,Поставщик_0008,827876452446,317572.42,Завершен,False
401286,Мебель,Заказчик_0096,626442714264,Открытый конкурс,2025-05-28,2025-06-11,14,5,Поставщик_0194,060328680862,1009244.06,Завершен,False
401287,Медицинское оборудование,Заказчик_0098,137588080098,Открытый конкурс,2025-01-12,2025-01-26,14,4,Поставщик_0120,533402274817,6987060.3,Опубликован,False
401288,Медицинское оборудование,Заказчик_0065,847528925395,Открытый конкурс,2023-01-14,2023-01-22,8,5,Поставщик_0420,118735108906,8728179.95,Завершен,False
401289,Транспортные услуги,Заказчик_0167,098964499673,Запрос ценовых предложений,2025-01-28,2025-02-08,11,1,Поставщик_0328,112845460112,1027545.98,Завершен,False
401290,Медицинское оборудование,Заказчик_0025,958511387882,Запрос ценовых предложений,2024-02-07,2024-02-13,6,5,Поставщик_0525,285036307574,8328272.8,Завершен,False
401291,Продукты питания,Заказчик_0136,789135342202,Запрос ценовых предложений,2024-08-03,2024-08-16,13,3,Поставщик_0608,196632700250,479240.78,Отменен,False
401292,Мебель,Заказчик_0025,958511387882,Запрос ценовых предложений,2023-09-24,2023-10-05,11,3,Поставщик_0417,669535964147,1093524.31,Завершен,False
401293,Канцелярские товары,Заказчик_0185,103321145403,Электронный аукцион,2023-04-10,2023-04-22,12,4,Поставщик_0728,624041259320,323942.45,Опубликован,False
401294,Мебель,Заказчик_0146,531933776661,Запрос ценовых предложений,2024-05-13,2024-05-17,4,1,Поставщик_0299,615581038112,1403105.67,Завершен,True
401295,Транспортные услуги,Заказчик_0061,915640336836,Из одного источника по несостоявшимся закупкам,2024-08-15,2024-08-25,10,4,Поставщик_0737,540378658813,1154435.52,Отменен,False
401296,IT-услуги,Заказчик_0117,419505214624,Из одного источника,2024-12-29,2025-01-02,4,1,Поставщик_0101,134564782885,5788339.65,Завершен,True
401297,Продукты питания,Заказчик_0093,375889866098,Электронный аукцион,2024-01-10,2024-01-20,10,3,Поставщик_0230,446742286936,526338.11,Завершен,False
401298,Канцелярские товары,Заказчик_0008,959807652614,Из одного источника по несостоявшимся закупкам,2025-01-17,2025-01-23,6,5,Поставщик_0246,128011514827,314942.61,Опубликован,False
401299,Транспортные услуги,Заказчик_0171,919426295735,Электронный аукцион,2023-06-06,2023-06-21,15,5,Поставщик_0415,349738713330,1067857.18,Опубликован,False
401300,IT-услуги,Заказчик_0094,217330854160,Из одного источника по несостоявшимся закупкам,2023-02-14,2023-02-23,9,1,Поставщик_0797,468272254890,4272855.68,Итоги подведены,False
401301,Мебель,Заказчик_0172,325409489345,Открытый конкурс,2024-05-15,2024-05-20,5,3,Поставщик_0338,671463015987,992328.45,Итоги подведены,False
401302,Ремонт зданий,Заказчик_0150,560471705949,Запрос ценовых предложений,2023-08-10,2023-08-17,7,5,Поставщик_0737,540378658813,5943341.33,Итоги подведены,False
401303,IT-услуги,Заказчик_0184,660677017673,Из одного источника по несостоявшимся закупкам,2025-05-01,2025-05-23,22,2,Поставщик_0650,226837630452,5021873.66,Завершен,False
401304,Канцелярские товары,Заказчик_0092,787963526218,Из одного источника,2024-10-24,2024-11-07,14,3,Поставщик_0447,811413512591,307114.47,Завершен,False
401305,Охранные услуги,Заказчик_0069,588454746149,Электронный аукцион,2025-05-20,2025-06-05,16,1,Поставщик_0745,427612360235,1798445.07,Завершен,False
401306,Клининг,Заказчик_0097,603503212307,Из одного источника,2023-01-17,2023-02-04,18,1,Поставщик_0065,561035185318,761060.9,Завершен,False
401307,IT-услуги,Заказчик_0032,421496963502,Открытый конкурс,2024-10-27,2024-11-15,19,2,Поставщик_0351,955407680663,4642668.47,Завершен,False
401308,Продукты питания,Заказчик_0137,362813537454,Запрос ценовых предложений,2025-01-30,2025-02-03,4,6,Поставщик_0008,827876452446,524895.55,Завершен,False
401309,Мебель,Заказчик_0078,598284873191,Электронный аукцион,2023-11-04,2023-11-24,20,4,Поставщик_0349,202749903744,1068644.33,Завершен,False
401310,Ремонт зданий,Заказчик_0152,918199349998,Открытый конкурс,2024-01-28,2024-02-13,16,3,Поставщик_0380,205571075277,6447092.73,Завершен,False
401311,Ремонт зданий,Заказчик_0077,634570271159,Из одного источника по несостоявшимся закупкам,2023-08-08,2023-08-26,18,8,Поставщик_0186,073848826607,5490019.92,Завершен,False
401312,Канцелярские товары,Заказчик_0003,868570220212,Электронный аукцион,2023-01-09,2023-01-11,2,3,Поставщик_0282,723262034517,318631.6,Завершен,False
401313,Транспортные услуги,Заказчик_0198,615372780181,Запрос ценовых предложений,2023-05-22,2023-06-04,13,2,Поставщик_0121,843351688152,1211220.81,Завершен,False
401314,Ремонт зданий,Заказчик_0031,763063387334,Из одного источника,2024-06-08,2024-06-16,8,2,Поставщик_0292,652920546051,6259242.35,Опубликован,False
401315,IT-услуги,Заказчик_0166,287356331623,Электронный аукцион,2023-02-09,2023-02-15,6,4,Поставщик_0200,591387784449,4623697.21,Завершен,False
401316,Медицинское оборудование,Заказчик_0106,132435760062,Из одного источника по несостоявшимся закупкам,2024-02-20,2024-03-03,12,3,Поставщик_0308,129590257354,7124740.21,Итоги подведены,False
401317,IT-услуги,Заказчик_0054,441094840601,Запрос ценовых предложений,2024-08-18,2024-08-29,11,2,Поставщик_0057,866171998149,4393803.52,Завершен,False
401318,Ремонт зданий,Заказчик_0056,936679226110,Запрос ценовых предложений,2024-11-14,2024-12-01,17,5,Поставщик_0468,705905069794,6119315.78,Завершен,False
401319,Продукты питания,Заказчик_0007,329500167403,Электронный аукцион,2024-05-29,2024-06-11,13,1,Поставщик_0702,608570421517,538198.14,Итоги подведены,False
401320,Охранные услуги,Заказчик_0135,486200442637,Из одного источника по несостоявшимся закупкам,2025-01-15,2025-02-04,20,2,Поставщик_0171,074530106996,2018552.04,Завершен,False
401321,Стройматериалы,Заказчик_0020,455927236237,Электронный аукцион,2025-02-17,2025-03-02,13,3,Поставщик_0562,307506639977,2560848.09,Завершен,False
401322,Клининг,Заказчик_0071,069974068469,Электронный аукцион,2024-04-08,2024-04-19,11,1,Поставщик_0214,459023304521,651248.76,Завершен,False
401323,IT-услуги,Заказчик_0189,913923992645,Из одного источника по несостоявшимся закупкам,2025-06-09,2025-06-27,18,4,Поставщик_0443,740529188101,5435965.73,Итоги подведены,False
401324,Клининг,Заказчик_0117,419505214624,Открытый конкурс,2024-01-08,2024-01-14,6,2,Поставщик_0666,295758217844,680921.47,Итоги подведены,False
401325,Охранные услуги,Заказчик_0012,425723964512,Открытый конкурс,2023-04-18,2023-04-27,9,2,Поставщик_0198,662219935215,2196064.08,Завершен,False
401326,Медицинское оборудование,Заказчик_0165,105707422805,Из одного источника,2025-02-07,2025-02-10,3,1,Поставщик_0645,945551379107,10775721.56,Завершен,True
401327,Ремонт зданий,Заказчик_0087,751590785490,Из одного источника по несостоявшимся закупкам,2023-03-10,2023-03-18,8,3,Поставщик_0151,625246342738,5624396.87,Завершен,False
401328,Охранные услуги,Заказчик_0118,609055953469,Электронный аукцион,2024-02-14,2024-02-27,13,4,Поставщик_0591,682114187894,2046860.79,Завершен,False
401329,Транспортные услуги,Заказчик_0104,865457848634,Открытый конкурс,2023-06-14,2023-06-26,12,4,Поставщик_0479,756235419844,1254327.13,Опубликован,False
401330,IT-услуги,Заказчик_0015,769043821442,Запрос ценовых предложений,2023-05-30,2023-06-07,8,3,Поставщик_0047,399069925917,4294159.31,Итоги подведены,False
401331,Транспортные услуги,Заказчик_0039,704542495687,Из одного источника по несостоявшимся закупкам,2023-01-29,2023-02-13,15,2,Поставщик_0549,779704718153,1069591.54,Опубликован,False
401332,Транспортные услуги,Заказчик_0083,349806593311,Запрос ценовых предложений,2024-01-18,2024-02-03,16,2,Поставщик_0674,587072334392,1163379.27,Отменен,False
401333,Продукты питания,Заказчик_0006,836394225258,Из одного источника,2023-09-06,2023-09-10,4,1,Поставщик_0495,246507961368,429432.34,Итоги подведены,False
401334,Медицинское оборудование,Заказчик_0186,053323099951,Открытый конкурс,2024-07-07,2024-07-13,6,3,Поставщик_0316,642385904933,6853495.75,Завершен,False
401335,Охранные услуги,Заказчик_0169,512269807126,Из одного источника по несостоявшимся закупкам,2024-10-08,2024-10-24,16,1,Поставщик_0199,883751991993,1719813.63,Завершен,False
401336,Продукты питания,Заказчик_0154,114217757188,Электронный аукцион,2023-09-19,2023-10-08,19,6,Поставщик_0708,707240161153,470404.77,Итоги подведены,False
401337,Канцелярские товары,Заказчик_0195,530149191342,Электронный аукцион,2024-03-19,2024-04-03,15,4,Поставщик_0642,380264830214,295310.6,Завершен,False
401338,Охранные услуги,Заказчик_0042,061403237378,Из одного источника,2023-02-04,2023-02-17,13,1,Поставщик_0203,070247970998,2030025.67,Завершен,False
401339,Ремонт зданий,Заказчик_0159,055513512505,Электронный аукцион,2024-12-07,2024-12-16,9,7,Поставщик_0726,926884112358,5720871.83,Завершен,False
401340,Ремонт зданий,Заказчик_0045,891036937066,Из одного источника,2023-07-06,2023-07-19,13,1,Поставщик_0027,918990428350,5504983.11,Завершен,False
401341,Медицинское оборудование,Заказчик_0147,252922273397,Запрос ценовых предложений,2025-01-16,2025-02-01,16,3,Поставщик_0496,641940601150,7339838.31,Итоги подведены,False
401342,Транспортные услуги,Заказчик_0032,421496963502,Запрос ценовых предложений,2025-01-24,2025-01-31,7,4,Поставщик_0630,072126329927,1050870.89,Завершен,False
401343,Канцелярские товары,Заказчик_0060,098599620746,Открытый конкурс,2023-12-25,2023-12-27,2,4,Поставщик_0154,360846433592,314856.03,Завершен,False
401344,Охранные услуги,Заказчик_0058,694569801375,Запрос ценовых предложений,2023-01-14,2023-02-03,20,3,Поставщик_0194,060328680862,2063317.56,Итоги подведены,False
401345,Мебель,Заказчик_0155,850611322279,Открытый конкурс,2023-08-02,2023-08-17,15,6,Поставщик_0294,807498289481,1036085.06,Завершен,False
401346,Охранные услуги,Заказчик_0176,053666440505,Запрос ценовых предложений,2023-12-05,2023-12-16,11,2,Поставщик_0227,652331722063,1904423.62,Итоги подведены,False
401347,Канцелярские товары,Заказчик_0033,456442497105,Открытый конкурс,2024-06-17,2024-06-29,12,1,Поставщик_0437,124746955620,270937.17,Опубликован,False
401348,Транспортные услуги,Заказчик_0008,959807652614,Электронный аукцион,2023-07-01,2023-07-10,9,1,Поставщик_0093,500663526930,1256557.35,Итоги подведены,False
401349,Клининг,Заказчик_0117,419505214624,Открытый конкурс,2024-05-09,2024-05-14,5,1,Поставщик_0101,134564782885,989890.15,Завершен,True
401350,Стройматериалы,Заказчик_0195,530149191342,Электронный аукцион,2023-12-12,2023-12-23,11,8,Поставщик_0162,584323088340,2850041.22,Итоги подведены,False
401351,Канцелярские товары,Заказчик_0097,603503212307,Открытый конкурс,2025-06-11,2025-06-20,9,7,Поставщик_0014,068941037138,296671.64,Завершен,False
401352,Медицинское оборудование,Заказчик_0101,937882116761,Открытый конкурс,2024-05-29,2024-06-17,19,1,Поставщик_0660,885690734448,8096233.61,Итоги подведены,False
401353,Клининг,Заказчик_0056,936679226110,Из одного источника по несостоявшимся закупкам,2024-05-26,2024-06-08,13,2,Поставщик_0571,885399291688,619044.38,Завершен,False
401354,Медицинское оборудование,Заказчик_0180,050288400985,Открытый конкурс,2025-03-17,2025-03-31,14,7,Поставщик_0504,777279885669,7070793.62,Завершен,False
401355,Ремонт зданий,Заказчик_0181,093957730128,Из одного источника по несостоявшимся закупкам,2024-06-23,2024-06-29,6,4,Поставщик_0546,843681861106,5410324.4,Итоги подведены,False
401356,Ремонт зданий,Заказчик_0122,138783944958,Открытый конкурс,2024-12-12,2024-12-22,10,2,Поставщик_0453,267596208325,5809468.63,Итоги подведены,False
401357,Медицинское оборудование,Заказчик_0037,867585874226,Открытый конкурс,2023-12-15,2023-12-29,14,5,Поставщик_0221,526783920968,8347997.64,Отменен,False
401358,Медицинское оборудование,Заказчик_0036,195028486959,Из одного источника,2024-12-31,2025-01-11,11,4,Поставщик_0729,302785633903,8674686.64,Завершен,False
401359,Стройматериалы,Заказчик_0193,560763609637,Запрос ценовых предложений,2023-10-01,2023-10-16,15,1,Поставщик_0259,469059047610,2924776.39,Отменен,False
401360,Транспортные услуги,Заказчик_0143,957760497757,Из одного источника,2024-09-28,2024-10-16,18,2,Поставщик_0758,294831337443,1255076.78,Завершен,False
401361,Медицинское оборудование,Заказчик_0045,891036937066,Запрос ценовых предложений,2023-02-13,2023-02-23,10,3,Поставщик_0362,693663310109,7277781.9,Завершен,False
401362,Ремонт зданий,Заказчик_0046,178619734353,Из одного источника по несостоявшимся закупкам,2025-05-09,2025-05-18,9,1,Поставщик_0632,492032371579,6452205.6,Отменен,False
401363,Транспортные услуги,Заказчик_0054,441094840601,Электронный аукцион,2023-10-15,2023-10-20,5,3,Поставщик_0050,866108239013,1264057.59,Итоги подведены,False
401364,Канцелярские товары,Заказчик_0162,649389366563,Из одного источника по несостоявшимся закупкам,2024-09-25,2024-10-09,14,4,Поставщик_0490,845577179815,274795.77,Итоги подведены,False
401365,Канцелярские товары,Заказчик_0017,424039274499,Из одного источника по несостоявшимся закупкам,2023-07-31,2023-08-18,18,5,Поставщик_0117,937934651281,280836.69,Завершен,False
401366,IT-услуги,Заказчик_0101,937882116761,Запрос ценовых предложений,2024-07-10,2024-07-26,16,5,Поставщик_0503,457459864697,4426687.92,Завершен,False
401367,Канцелярские товары,Заказчик_0001,016525808631,Электронный аукцион,2024-02-27,2024-03-13,15,3,Поставщик_0322,163573634487,287794.62,Завершен,False
401368,Клининг,Заказчик_0078,598284873191,Из одного источника по несостоявшимся закупкам,2024-08-19,2024-08-29,10,1,Поставщик_0668,657739497386,728878.15,Завершен,False
401369,Медицинское оборудование,Заказчик_0003,868570220212,Из одного источника по несостоявшимся закупкам,2023-05-05,2023-05-14,9,1,Поставщик_0073,163037373228,8246576.67,Завершен,False
401370,Ремонт зданий,Заказчик_0044,011652671671,Электронный аукцион,2024-01-30,2024-02-18,19,4,Поставщик_0058,496829903332,5658225.77,Завершен,False
401371,IT-услуги,Заказчик_0169,512269807126,Электронный аукцион,2023-05-23,2023-05-25,2,1,Поставщик_0584,713034785365,5023092.12,Итоги подведены,False
401372,Охранные услуги,Заказчик_0168,413748378959,Электронный аукцион,2025-05-31,2025-06-18,18,3,Поставщик_0064,880188249728,1952741.09,Завершен,False
401373,IT-услуги,Заказчик_0121,095952713783,Открытый конкурс,2023-12-04,2023-12-17,13,5,Поставщик_0326,956745653116,4622648.78,Завершен,False
401374,Стройматериалы,Заказчик_0044,011652671671,Из одного источника,2023-03-16,2023-03-31,15,7,Поставщик_0675,738345126963,3111435.57,Опубликован,False
401375,Стройматериалы,Заказчик_0109,331294210817,Из одного источника,2023-01-29,2023-02-09,11,1,Поставщик_0274,413867661980,2839932.45,Опубликован,False
401376,Мебель,Заказчик_0196,444633818661,Из одного источника,2025-04-02,2025-04-22,20,2,Поставщик_0350,881081152855,1083348.52,Завершен,False
401377,IT-услуги,Заказчик_0004,633229661713,Запрос ценовых предложений,2023-06-12,2023-06-24,12,5,Поставщик_0686,637171490418,4287146.52,Опубликован,False
401378,Ремонт зданий,Заказчик_0151,841936905579,Из одного источника,2024-12-14,2024-12-30,16,3,Поставщик_0605,427937196986,5773112.1,Завершен,False
401379,Клининг,Заказчик_0127,352249294184,Электронный аукцион,2024-09-26,2024-10-05,9,6,Поставщик_0189,115461672073,737833.82,Опубликован,False
401380,Продукты питания,Заказчик_0035,461642607714,Открытый конкурс,2023-08-24,2023-09-08,15,6,Поставщик_0172,067712977841,434891.5,Завершен,False
401381,Медицинское оборудование,Заказчик_0170,681775483909,Открытый конкурс,2025-06-12,2025-06-15,3,5,Поставщик_0637,527875907801,7921341.54,Итоги подведены,False
401382,Охранные услуги,Заказчик_0024,420762754008,Открытый конкурс,2023-09-23,2023-10-12,19,1,Поставщик_0677,115828932790,1882418.15,Опубликован,False
401383,IT-услуги,Заказчик_0018,571295570558,Из одного источника,2023-02-09,2023-02-18,9,1,Поставщик_0585,126880847331,4581010.92,Завершен,False
401384,Ремонт зданий,Заказчик_0158,456227804705,Электронный аукцион,2024-02-11,2024-02-20,9,1,Поставщик_0544,750868589574,5971672.22,Завершен,False
401385,Охранные услуги,Заказчик_0103,043205340808,Открытый конкурс,2025-06-12,2025-06-30,18,5,Поставщик_0535,861556163831,2117419.84,Завершен,False
401386,Стройматериалы,Заказчик_0042,061403237378,Электронный аукцион,2024-05-12,2024-05-21,9,4,Поставщик_0495,246507961368,2997130.24,Завершен,False
401387,Мебель,Заказчик_0197,921159241640,Открытый конкурс,2025-04-05,2025-04-11,6,2,Поставщик_0448,231433408630,1015989.31,Завершен,False
401388,Продукты питания,Заказчик_0117,419505214624,Из одного источника,2023-06-24,2023-06-30,6,1,Поставщик_0101,134564782885,593980.49,Отменен,True
401389,Клининг,Заказчик_0159,055513512505,Электронный аукцион,2024-10-29,2024-11-17,19,1,Поставщик_0557,404694079971,653729.62,Завершен,False
401390,Канцелярские товары,Заказчик_0163,155720026558,Из одного источника,2024-06-03,2024-06-09,6,1,Поставщик_0646,902533636786,256842.1,Завершен,False
401391,IT-услуги,Заказчик_0051,545473722111,Открытый конкурс,2023-11-21,2023-12-03,12,4,Поставщик_0093,500663526930,4926888.2,Завершен,False
401392,Ремонт зданий,Заказчик_0084,846650721507,Электронный аукцион,2025-05-05,2025-05-25,20,3,Поставщик_0031,900180549223,5934958.76,Отменен,False
401393,Мебель,Заказчик_0163,155720026558,Электронный аукцион,2023-07-20,2023-08-05,16,5,Поставщик_0238,882733335641,900379.89,Завершен,False
401394,Продукты питания,Заказчик_0040,303789475622,Открытый конкурс,2023-10-09,2023-10-29,20,4,Поставщик_0070,821788866676,479207.98,Завершен,False
401395,Продукты питания,Заказчик_0198,615372780181,Электронный аукцион,2024-12-31,2025-01-04,4,4,Поставщик_0387,393471508828,545002.54,Завершен,False
401396,IT-услуги,Заказчик_0144,516681609103,Запрос ценовых предложений,2025-06-04,2025-06-10,6,4,Поставщик_0290,793742995159,5061959.1,Завершен,False
401397,Продукты питания,Заказчик_0000,602276804025,Открытый конкурс,2023-11-10,2023-11-25,15,3,Поставщик_0574,790371463282,511930.18,Завершен,False
401398,IT-услуги,Заказчик_0079,987998370546,Электронный аукцион,2024-12-30,2025-01-03,4,2,Поставщик_0780,091498516634,5429973.9,Завершен,False
401399,Ремонт зданий,Заказчик_0076,276366676869,Запрос ценовых предложений,2024-07-16,2024-08-02,17,1,Поставщик_0607,536449729464,6177149.68,Завершен,False
401400,IT-услуги,Заказчик_0022,876960826911,Электронный аукцион,2023-09-01,2023-09-12,11,2,Поставщик_0206,560233844605,4687656.2,Завершен,False
401401,Транспортные услуги,Заказчик_0109,331294210817,Запрос ценовых предложений,2024-02-11,2024-02-20,9,4,Поставщик_0034,830235629044,1089045.87,Завершен,False
401402,Транспортные услуги,Заказчик_0008,959807652614,Открытый конкурс,2023-02-11,2023-02-19,8,5,Поставщик_0250,609694983206,1057382.15,Завершен,False
401403,Канцелярские товары,Заказчик_0120,174668074201,Открытый конкурс,2023-10-20,2023-11-02,13,2,Поставщик_0602,542185985110,256857.62,Итоги подведены,False
401404,IT-услуги,Заказчик_0144,516681609103,Электронный аукцион,2023-12-28,2024-01-03,6,4,Поставщик_0190,906433503969,4783776.85,Отменен,False
401405,Охранные услуги,Заказчик_0020,455927236237,Открытый конкурс,2025-03-23,2025-04-06,14,8,Поставщик_0650,226837630452,1846273.17,Завершен,False
401406,Транспортные услуги,Заказчик_0035,461642607714,Запрос ценовых предложений,2024-07-26,2024-08-03,8,2,Поставщик_0389,754448376423,1093585.11,Завершен,False
401407,Канцелярские товары,Заказчик_0012,425723964512,Запрос ценовых предложений,2023-08-21,2023-08-30,9,3,Поставщик_0607,536449729464,281420.94,Завершен,False
401408,Продукты питания,Заказчик_0045,891036937066,Электронный аукцион,2024-11-29,2024-12-05,6,5,Поставщик_0112,415797697143,441859.51,Завершен,False
401409,Медицинское оборудование,Заказчик_0118,609055953469,Электронный аукцион,2025-01-28,2025-02-14,17,1,Поставщик_0211,624850825440,8287910.88,Завершен,False
401410,Канцелярские товары,Заказчик_0020,455927236237,Из одного источника по несостоявшимся закупкам,2025-05-18,2025-05-28,10,4,Поставщик_0628,628834501796,306550.27,Завершен,False
401411,Клининг,Заказчик_0158,456227804705,Из одного источника по несостоявшимся закупкам,2025-06-12,2025-06-26,14,5,Поставщик_0583,869301373063,733716.8,Итоги подведены,False
401412,Мебель,Заказчик_0100,825533331515,Электронный аукцион,2024-11-21,2024-11-25,4,1,Поставщик_0026,859743472035,1184788.87,Завершен,True
401413,Канцелярские товары,Заказчик_0076,276366676869,Из одного источника,2025-03-29,2025-04-10,12,5,Поставщик_0771,687593322342,257172.07,Завершен,False
401414,IT-услуги,Заказчик_0190,238315556594,Открытый конкурс,2025-05-16,2025-05-25,9,5,Поставщик_0074,485908583208,4678594.85,Итоги подведены,False
401415,IT-услуги,Заказчик_0156,370660134587,Открытый конкурс,2023-12-03,2024-01-01,29,5,Поставщик_0583,869301373063,4787353.86,Итоги подведены,False
401416,Мебель,Заказчик_0062,298543394596,Из одного источника по несостоявшимся закупкам,2024-01-28,2024-02-06,9,4,Поставщик_0248,462736711337,1063222.72,Итоги подведены,False
401417,IT-услуги,Заказчик_0070,366888337780,Запрос ценовых предложений,2023-04-12,2023-04-30,18,3,Поставщик_0291,467915348400,5026685.55,Завершен,False
401418,IT-услуги,Заказчик_0104,865457848634,Открытый конкурс,2023-01-17,2023-02-02,16,1,Поставщик_0538,464738624455,4641887.01,Итоги подведены,False
401419,Клининг,Заказчик_0043,200593676791,Открытый конкурс,2023-02-10,2023-02-27,17,4,Поставщик_0048,291807684220,612904.76,Завершен,False
401420,Клининг,Заказчик_0107,769835139635,Открытый конкурс,2023-03-04,2023-03-13,9,1,Поставщик_0740,689804271765,665917.12,Итоги подведены,False
401421,Мебель,Заказчик_0171,919426295735,Из одного источника по несостоявшимся закупкам,2024-05-19,2024-06-09,21,2,Поставщик_0657,574512230495,948077.12,Итоги подведены,False
401422,Клининг,Заказчик_0149,424259616526,Из одного источника по несостоявшимся закупкам,2024-10-17,2024-10-22,5,3,Поставщик_0276,515090470547,637852.36,Опубликован,False
401423,Медицинское оборудование,Заказчик_0026,217846198988,Из одного источника,2025-04-20,2025-04-23,3,1,Поставщик_0778,818114369237,7730795.32,Завершен,False
401424,Медицинское оборудование,Заказчик_0015,769043821442,Запрос ценовых предложений,2024-05-21,2024-06-09,19,3,Поставщик_0117,937934651281,7308055.45,Итоги подведены,False
401425,Продукты питания,Заказчик_0122,138783944958,Электронный аукцион,2025-04-15,2025-04-20,5,4,Поставщик_0531,201609917372,436938.02,Завершен,False
401426,IT-услуги,Заказчик_0161,030990904779,Запрос ценовых предложений,2023-05-09,2023-05-25,16,3,Поставщик_0422,801971335920,4900662.23,Завершен,False
401427,Охранные услуги,Заказчик_0149,424259616526,Открытый конкурс,2023-09-12,2023-09-26,14,1,Поставщик_0796,772196538689,2011932.32,Завершен,False
401428,Канцелярские товары,Заказчик_0002,930086875935,Открытый конкурс,2025-05-30,2025-06-10,11,6,Поставщик_0284,829126485629,259036.91,Завершен,False
401429,IT-услуги,Заказчик_0097,603503212307,Из одного источника,2023-12-07,2023-12-13,6,4,Поставщик_0151,625246342738,5291866.64,Итоги подведены,False
401430,Канцелярские товары,Заказчик_0145,164798701236,Открытый конкурс,2024-10-22,2024-11-04,13,5,Поставщик_0028,253645471972,328727.92,Завершен,False
401431,Транспортные услуги,Заказчик_0027,073988827188,Открытый конкурс,2023-01-21,2023-02-02,12,2,Поставщик_0117,937934651281,1154092.2,Завершен,False
401432,Охранные услуги,Заказчик_0085,228319081121,Из одного источника по несостоявшимся закупкам,2024-05-23,2024-06-10,18,7,Поставщик_0364,117948525800,2048595.79,Завершен,False
401433,Мебель,Заказчик_0100,825533331515,Открытый конкурс,2024-04-06,2024-04-11,5,1,Поставщик_0026,859743472035,1322095.19,Завершен,True
401434,Охранные услуги,Заказчик_0000,602276804025,Запрос ценовых предложений,2024-05-15,2024-05-25,10,2,Поставщик_0440,153928262967,1932256.43,Отменен,False
401435,Стройматериалы,Заказчик_0146,531933776661,Запрос ценовых предложений,2025-06-17,2025-06-28,11,6,Поставщик_0267,068487626549,2559694.47,Итоги подведены,False
401436,Клининг,Заказчик_0076,276366676869,Открытый конкурс,2024-01-08,2024-01-16,8,4,Поставщик_0712,059899197139,746083.83,Завершен,False
401437,Ремонт зданий,Заказчик_0056,936679226110,Открытый конкурс,2025-01-30,2025-02-11,12,6,Поставщик_0228,414610415586,5834970.84,Итоги подведены,False
401438,Клининг,Заказчик_0094,217330854160,Открытый конкурс,2023-12-14,2023-12-20,6,3,Поставщик_0209,353759337956,763335.17,Завершен,False
401439,Медицинское оборудование,Заказчик_0048,544728808246,Из одного источника по несостоявшимся закупкам,2024-09-23,2024-09-30,7,5,Поставщик_0161,496156655633,6868571.47,Итоги подведены,False
401440,Медицинское оборудование,Заказчик_0008,959807652614,Из одного источника по несостоявшимся закупкам,2023-12-31,2024-01-18,18,3,Поставщик_0199,883751991993,8177334.17,Завершен,False
401441,IT-услуги,Заказчик_0046,178619734353,Открытый конкурс,2023-07-02,2023-07-11,9,3,Поставщик_0212,625658016086,5214906.78,Завершен,False
401442,Продукты питания,Заказчик_0077,634570271159,Открытый конкурс,2025-03-23,2025-03-28,5,3,Поставщик_0461,666972086666,543540.01,Итоги подведены,False
401443,Ремонт зданий,Заказчик_0129,967512170538,Запрос ценовых предложений,2023-09-09,2023-09-30,21,3,Поставщик_0690,530413526928,5889893.65,Итоги подведены,False
401444,Ремонт зданий,Заказчик_0138,309592304864,Из одного источника по несостоявшимся закупкам,2023-12-06,2023-12-21,15,5,Поставщик_0033,459232116860,5406856.13,Завершен,False
401445,Транспортные услуги,Заказчик_0181,093957730128,Запрос ценовых предложений,2023-11-10,2023-11-21,11,3,Поставщик_0144,898856957794,1102117.99,Завершен,False
401446,IT-услуги,Заказчик_0097,603503212307,Из одного источника по несостоявшимся закупкам,2023-12-12,2023-12-27,15,2,Поставщик_0051,758056409181,4945233.23,Завершен,False
401447,Стройматериалы,Заказчик_0165,105707422805,Запрос ценовых предложений,2025-05-28,2025-05-30,2,1,Поставщик_0645,945551379107,4053328.38,Итоги подведены,True
401448,Стройматериалы,Заказчик_0119,207376773058,Открытый конкурс,2023-05-22,2023-06-05,14,1,Поставщик_0038,806224502118,3281262.25,Завершен,False
401449,Транспортные услуги,Заказчик_0014,219547810444,Открытый конкурс,2023-01-18,2023-01-29,11,6,Поставщик_0549,779704718153,1244577.42,Итоги подведены,False
401450,Транспортные услуги,Заказчик_0012,425723964512,Открытый конкурс,2025-05-28,2025-06-02,5,7,Поставщик_0572,516919540856,1068237.07,Завершен,False
401451,IT-услуги,Заказчик_0108,933786876564,Электронный аукцион,2024-08-01,2024-08-13,12,2,Поставщик_0185,771865953750,5113568.23,Завершен,False
401452,Транспортные услуги,Заказчик_0186,053323099951,Из одного источника по несостоявшимся закупкам,2024-06-07,2024-06-10,3,4,Поставщик_0776,349263125116,1236918.18,Завершен,False
401453,Канцелярские товары,Заказчик_0034,638762102480,Электронный аукцион,2024-07-22,2024-08-02,11,4,Поставщик_0156,783261183658,324973.63,Завершен,False
401454,Канцелярские товары,Заказчик_0002,930086875935,Открытый конкурс,2024-01-01,2024-01-12,11,2,Поставщик_0137,267474352337,302064.89,Завершен,False
401455,Мебель,Заказчик_0027,073988827188,Открытый конкурс,2023-11-21,2023-11-28,7,2,Поставщик_0010,463052422835,977240.43,Завершен,False
401456,Канцелярские товары,Заказчик_0050,074766470263,Открытый конкурс,2024-04-23,2024-05-08,15,5,Поставщик_0479,756235419844,281614.3,Завершен,False
401457,Стройматериалы,Заказчик_0171,919426295735,Из одного источника,2025-01-04,2025-01-24,20,2,Поставщик_0467,681232354610,3289537.77,Завершен,False
401458,Продукты питания,Заказчик_0112,839942359881,Из одного источника по несостоявшимся закупкам,2023-09-07,2023-09-08,1,1,Поставщик_0336,874088944878,653590.28,Завершен,True
401459,Мебель,Заказчик_0088,446490060265,Из одного источника по несостоявшимся закупкам,2024-02-02,2024-02-05,3,1,Поставщик_0024,820750434532,1232511.27,Итоги подведены,True
401460,Продукты питания,Заказчик_0044,011652671671,Открытый конкурс,2025-03-17,2025-03-24,7,3,Поставщик_0379,687413037719,503646.52,Завершен,False
401461,Стройматериалы,Заказчик_0044,011652671671,Из одного источника,2024-09-20,2024-10-02,12,1,Поставщик_0752,736110152455,2822523.06,Завершен,False
401462,IT-услуги,Заказчик_0124,308392990638,Открытый конкурс,2023-06-03,2023-06-13,10,3,Поставщик_0029,042388906871,5031697.68,Завершен,False
401463,Медицинское оборудование,Заказчик_0011,890407714528,Открытый конкурс,2024-04-14,2024-04-20,6,3,Поставщик_0303,571408943388,8064623.58,Завершен,False
401464,Мебель,Заказчик_0189,913923992645,Из одного источника по несостоявшимся закупкам,2023-01-21,2023-01-31,10,2,Поставщик_0789,185832953116,988770.75,Опубликован,False
401465,Охранные услуги,Заказчик_0183,379370294394,Открытый конкурс,2024-08-12,2024-08-20,8,1,Поставщик_0221,526783920968,2709428.98,Итоги подведены,True
401466,IT-услуги,Заказчик_0013,352206298026,Из одного источника по несостоявшимся закупкам,2024-07-02,2024-07-10,8,2,Поставщик_0059,487654415799,5280919.0,Завершен,False
401467,Ремонт зданий,Заказчик_0066,882749582259,Запрос ценовых предложений,2023-03-08,2023-03-21,13,4,Поставщик_0559,063934408962,6186586.32,Завершен,False
401468,Стройматериалы,Заказчик_0121,095952713783,Запрос ценовых предложений,2023-04-05,2023-04-19,14,3,Поставщик_0707,835273872658,2809438.03,Завершен,False
401469,IT-услуги,Заказчик_0105,101837512445,Открытый конкурс,2025-04-01,2025-04-09,8,3,Поставщик_0615,400863024307,4740042.38,Итоги подведены,False
401470,Медицинское оборудование,Заказчик_0067,415355431652,Открытый конкурс,2024-05-27,2024-06-03,7,6,Поставщик_0368,861279867778,7268836.6,Завершен,False
401471,Канцелярские товары,Заказчик_0137,362813537454,Из одного источника по несостоявшимся закупкам,2025-04-29,2025-05-06,7,1,Поставщик_0451,536259268377,260325.19,Завершен,False
401472,Охранные услуги,Заказчик_0161,030990904779,Открытый конкурс,2025-04-09,2025-04-15,6,6,Поставщик_0517,249119330058,1880444.97,Итоги подведены,False
401473,Стройматериалы,Заказчик_0046,178619734353,Открытый конкурс,2024-10-14,2024-10-24,10,4,Поставщик_0613,744440594763,3033601.24,Опубликован,False
401474,Мебель,Заказчик_0176,053666440505,Электронный аукцион,2025-06-18,2025-07-03,15,4,Поставщик_0403,760494202930,1073693.37,Итоги подведены,False
401475,IT-услуги,Заказчик_0182,383719759048,Открытый конкурс,2024-05-29,2024-06-05,7,4,Поставщик_0519,159617905379,4822106.97,Итоги подведены,False
401476,Медицинское оборудование,Заказчик_0063,541376725946,Электронный аукцион,2025-03-11,2025-03-18,7,4,Поставщик_0642,380264830214,6896185.68,Завершен,False
401477,Мебель,Заказчик_0196,444633818661,Из одного источника,2024-12-21,2024-12-27,6,3,Поставщик_0190,906433503969,1058686.98,Опубликован,False
401478,Стройматериалы,Заказчик_0022,876960826911,Из одного источника,2025-02-10,2025-02-28,18,9,Поставщик_0122,800050545955,2992975.56,Завершен,False
401479,Клининг,Заказчик_0010,757503098830,Открытый конкурс,2024-10-28,2024-10-31,3,1,Поставщик_0185,771865953750,889839.28,Завершен,True
401480,Ремонт зданий,Заказчик_0190,238315556594,Запрос ценовых предложений,2024-05-02,2024-05-08,6,1,Поставщик_0580,935274531168,6950011.37,Итоги подведены,True
401481,Стройматериалы,Заказчик_0116,028575123047,Из одного источника по несостоявшимся закупкам,2024-05-30,2024-06-03,4,2,Поставщик_0496,641940601150,3192668.66,Завершен,False
401482,Продукты питания,Заказчик_0161,030990904779,Из одного источника,2024-03-22,2024-04-06,15,2,Поставщик_0612,305653841439,516977.64,Завершен,False
401483,Стройматериалы,Заказчик_0150,560471705949,Из одного источника,2023-03-27,2023-04-06,10,4,Поставщик_0632,492032371579,2715211.11,Завершен,False
401484,Транспортные услуги,Заказчик_0045,891036937066,Запрос ценовых предложений,2024-07-03,2024-07-12,9,3,Поставщик_0752,736110152455,1246549.26,Итоги подведены,False
401485,Стройматериалы,Заказчик_0126,693755362174,Открытый конкурс,2023-04-14,2023-04-26,12,6,Поставщик_0179,039907515261,2915845.6,Завершен,False
401486,Охранные услуги,Заказчик_0099,557410386890,Запрос ценовых предложений,2024-07-28,2024-08-14,17,1,Поставщик_0255,733092449614,2065081.75,Завершен,False
401487,Охранные услуги,Заказчик_0046,178619734353,Открытый конкурс,2023-03-19,2023-04-04,16,4,Поставщик_0369,627611614932,1825350.71,Итоги подведены,False
401488,Медицинское оборудование,Заказчик_0036,195028486959,Открытый конкурс,2024-10-27,2024-11-16,20,3,Поставщик_0180,741634681143,6953936.34,Завершен,False
401489,Транспортные услуги,Заказчик_0175,560089674827,Из одного источника по несостоявшимся закупкам,2025-04-25,2025-04-26,1,1,Поставщик_0605,427937196986,1074129.97,Итоги подведены,False
401490,Ремонт зданий,Заказчик_0049,308127387209,Из одного источника,2023-09-06,2023-09-22,16,6,Поставщик_0757,117786199677,6441348.87,Итоги подведены,False
401491,Клининг,Заказчик_0050,074766470263,Открытый конкурс,2024-08-16,2024-08-20,4,3,Поставщик_0296,457711350883,598532.27,Завершен,False
401492,Охранные услуги,Заказчик_0004,633229661713,Электронный аукцион,2024-07-23,2024-08-03,11,2,Поставщик_0531,201609917372,1822343.71,Завершен,False
401493,Мебель,Заказчик_0148,216398982273,Из одного источника,2024-01-30,2024-02-13,14,1,Поставщик_0012,926161926239,1034167.42,Завершен,False
401494,Продукты питания,Заказчик_0042,061403237378,Открытый конкурс,2025-04-21,2025-04-24,3,4,Поставщик_0383,675235830780,471740.88,Завершен,False
401495,Ремонт зданий,Заказчик_0196,444633818661,Электронный аукцион,2024-02-12,2024-02-21,9,3,Поставщик_0357,426146524941,5277316.9,Опубликован,False
401496,Транспортные услуги,Заказчик_0048,544728808246,Из одного источника по несостоявшимся закупкам,2025-01-06,2025-01-17,11,4,Поставщик_0458,517244360141,1175078.36,Завершен,False
401497,Мебель,Заказчик_0179,703500144758,Из одного источника,2024-09-16,2024-09-17,1,2,Поставщик_0406,252571696525,1075735.73,Завершен,False
401498,Канцелярские товары,Заказчик_0040,303789475622,Из одного источника,2025-01-20,2025-02-05,16,1,Поставщик_0612,305653841439,258371.51,Итоги подведены,False
401499,Ремонт зданий,Заказчик_0059,216695400432,Открытый конкурс,2023-04-19,2023-05-05,16,1,Поставщик_0463,595148239633,5530115.89,Итоги подведены,False
401500,Охранные услуги,Заказчик_0081,893419340814,Из одного источника по несостоявшимся закупкам,2023-06-10,2023-06-28,18,1,Поставщик_0163,994042203453,2044212.13,Итоги подведены,False
401501,Мебель,Заказчик_0039,704542495687,Открытый конкурс,2023-12-30,2024-01-11,12,3,Поставщик_0082,626181711111,960191.68,Итоги подведены,False
401502,Транспортные услуги,Заказчик_0138,309592304864,Открытый конкурс,2024-12-10,2024-12-18,8,2,Поставщик_0619,461861754269,1310080.51,Завершен,False
401503,Транспортные услуги,Заказчик_0146,531933776661,Запрос ценовых предложений,2023-10-07,2023-10-10,3,1,Поставщик_0299,615581038112,1389601.92,Завершен,True
401504,Стройматериалы,Заказчик_0018,571295570558,Электронный аукцион,2024-06-20,2024-07-02,12,6,Поставщик_0787,912415283490,3232140.94,Завершен,False
401505,Продукты питания,Заказчик_0038,756202235126,Запрос ценовых предложений,2023-12-26,2024-01-10,15,5,Поставщик_0323,852094270803,446299.44,Итоги подведены,False
401506,Мебель,Заказчик_0102,747749566861,Открытый конкурс,2023-03-08,2023-03-13,5,1,Поставщик_0746,277946131833,1439535.06,Завершен,True
401507,Медицинское оборудование,Заказчик_0165,105707422805,Электронный аукцион,2025-02-04,2025-02-09,5,1,Поставщик_0740,689804271765,8078887.91,Завершен,False
401508,Медицинское оборудование,Заказчик_0010,757503098830,Электронный аукцион,2024-05-27,2024-05-31,4,1,Поставщик_0185,771865953750,11203548.63,Завершен,True
401509,Мебель,Заказчик_0131,463876194901,Открытый конкурс,2024-05-12,2024-05-28,16,1,Поставщик_0684,527233135406,913521.14,Завершен,False
401510,Стройматериалы,Заказчик_0049,308127387209,Открытый конкурс,2024-06-30,2024-07-15,15,1,Поставщик_0109,598906496696,2621290.03,Завершен,False
401511,Клининг,Заказчик_0194,940255554375,Из одного источника по несостоявшимся закупкам,2023-11-21,2023-11-29,8,3,Поставщик_0044,798305978893,682605.74,Завершен,False
401512,Клининг,Заказчик_0057,045227746976,Запрос ценовых предложений,2024-01-17,2024-01-27,10,1,Поставщик_0160,261806834952,595099.93,Опубликован,False
401513,Стройматериалы,Заказчик_0045,891036937066,Из одного источника по несостоявшимся закупкам,2025-04-13,2025-04-28,15,2,Поставщик_0096,934771498574,3165590.5,Итоги подведены,False
401514,Медицинское оборудование,Заказчик_0019,190156218256,Электронный аукцион,2023-08-21,2023-09-10,20,4,Поставщик_0303,571408943388,7506896.08,Завершен,False
401515,Стройматериалы,Заказчик_0182,383719759048,Электронный аукцион,2023-08-13,2023-09-05,23,2,Поставщик_0157,012322624835,2719038.03,Итоги подведены,False
401516,Клининг,Заказчик_0106,132435760062,Электронный аукцион,2023-08-06,2023-08-24,18,1,Поставщик_0411,650003801943,755147.83,Завершен,False
401517,Продукты питания,Заказчик_0026,217846198988,Из одного источника по несостоявшимся закупкам,2024-11-04,2024-11-13,9,1,Поставщик_0112,415797697143,537207.78,Завершен,False
401518,IT-услуги,Заказчик_0142,197238572836,Электронный аукцион,2025-04-20,2025-05-01,11,5,Поставщик_0398,829094583365,5140676.95,Завершен,False
401519,IT-услуги,Заказчик_0192,709445965738,Открытый конкурс,2025-01-12,2025-01-23,11,6,Поставщик_0689,815804109316,5042504.97,Опубликован,False
401520,Ремонт зданий,Заказчик_0045,891036937066,Запрос ценовых предложений,2023-07-26,2023-08-05,10,3,Поставщик_0514,178751956210,5261938.93,Итоги подведены,False
401521,Охранные услуги,Заказчик_0113,268518827291,Запрос ценовых предложений,2023-08-16,2023-08-25,9,3,Поставщик_0491,158112158095,1747856.16,Завершен,False
401522,Транспортные услуги,Заказчик_0133,355191676858,Электронный аукцион,2024-10-19,2024-10-30,11,1,Поставщик_0397,629397549404,1258259.77,Завершен,False
401523,IT-услуги,Заказчик_0102,747749566861,Запрос ценовых предложений,2024-08-21,2024-09-01,11,2,Поставщик_0121,843351688152,4506149.75,Завершен,False
401524,Медицинское оборудование,Заказчик_0055,539176725448,Открытый конкурс,2023-04-12,2023-04-28,16,4,Поставщик_0184,103135280397,7258678.44,Завершен,False
401525,Медицинское оборудование,Заказчик_0183,379370294394,Из одного источника,2023-09-20,2023-09-23,3,2,Поставщик_0183,933280862559,8437895.1,Опубликован,False
401526,Медицинское оборудование,Заказчик_0004,633229661713,Электронный аукцион,2023-01-17,2023-01-24,7,1,Поставщик_0065,561035185318,8788687.26,Опубликован,False
401527,Медицинское оборудование,Заказчик_0156,370660134587,Открытый конкурс,2024-07-22,2024-07-27,5,4,Поставщик_0222,535877304424,7692701.99,Итоги подведены,False
401528,Стройматериалы,Заказчик_0072,072315571086,Запрос ценовых предложений,2023-08-06,2023-08-10,4,3,Поставщик_0523,211268747532,2557554.71,Итоги подведены,False
401529,Мебель,Заказчик_0197,921159241640,Из одного источника по несостоявшимся закупкам,2024-02-18,2024-02-23,5,4,Поставщик_0114,566757091730,1096105.6,Опубликован,False
401530,Мебель,Заказчик_0114,492430052930,Открытый конкурс,2024-08-19,2024-09-02,14,3,Поставщик_0778,818114369237,881465.79,Завершен,False
401531,Мебель,Заказчик_0152,918199349998,Из одного источника,2024-08-01,2024-08-16,15,1,Поставщик_0284,829126485629,1096512.82,Завершен,False
401532,Клининг,Заказчик_0024,420762754008,Запрос ценовых предложений,2025-06-08,2025-06-09,1,5,Поставщик_0526,630882919597,655671.76,Завершен,False
401533,Стройматериалы,Заказчик_0188,511393683388,Электронный аукцион,2024-06-30,2024-07-10,10,2,Поставщик_0058,496829903332,2782010.5,Завершен,False
401534,Ремонт зданий,Заказчик_0108,933786876564,Электронный аукцион,2023-05-27,2023-06-06,10,4,Поставщик_0755,943941043946,5555699.28,Завершен,False
401535,Медицинское оборудование,Заказчик_0180,050288400985,Открытый конкурс,2023-12-03,2023-12-14,11,3,Поставщик_0005,294384972853,8250228.63,Завершен,False
401536,Канцелярские товары,Заказчик_0191,742687446267,Открытый конкурс,2023-01-20,2023-02-02,13,2,Поставщик_0344,401366777200,302631.96,Завершен,False
401537,Ремонт зданий,Заказчик_0048,544728808246,Из одного источника по несостоявшимся закупкам,2023-02-09,2023-02-24,15,2,Поставщик_0003,007225147751,5527125.41,Завершен,False
401538,Продукты питания,Заказчик_0083,349806593311,Из одного источника по несостоявшимся закупкам,2023-02-27,2023-03-13,14,1,Поставщик_0276,515090470547,540711.43,Завершен,False
401539,Клининг,Заказчик_0060,098599620746,Электронный аукцион,2025-06-15,2025-07-01,16,5,Поставщик_0001,131666954134,769906.57,Итоги подведены,False
401540,Клининг,Заказчик_0176,053666440505,Открытый конкурс,2023-11-10,2023-11-14,4,3,Поставщик_0427,644483312630,682407.16,Итоги подведены,False
401541,Мебель,Заказчик_0043,200593676791,Запрос ценовых предложений,2025-03-17,2025-03-23,6,5,Поставщик_0578,609946517910,855819.87,Итоги подведены,False
401542,Продукты питания,Заказчик_0015,769043821442,Электронный аукцион,2025-01-01,2025-01-28,27,2,Поставщик_0546,843681861106,473510.29,Завершен,False
401543,Медицинское оборудование,Заказчик_0117,419505214624,Из одного источника по несостоявшимся закупкам,2024-01-07,2024-01-16,9,4,Поставщик_0232,187367544659,7944544.7,Завершен,False
401544,Клининг,Заказчик_0052,571247952112,Из одного источника по несостоявшимся закупкам,2023-03-25,2023-04-06,12,2,Поставщик_0513,247215278928,686833.41,Завершен,False
401545,Ремонт зданий,Заказчик_0172,325409489345,Из одного источника по несостоявшимся закупкам,2023-12-23,2023-12-31,8,3,Поставщик_0208,572426977114,5935540.41,Завершен,False
401546,Охранные услуги,Заказчик_0104,865457848634,Из одного источника,2023-01-09,2023-01-19,10,3,Поставщик_0085,401028370708,2178627.52,Завершен,False
401547,Стройматериалы,Заказчик_0161,030990904779,Из одного источника,2024-10-08,2024-10-16,8,4,Поставщик_0768,424876063568,3050343.58,Итоги подведены,False
401548,Ремонт зданий,Заказчик_0045,891036937066,Электронный аукцион,2023-06-06,2023-06-18,12,3,Поставщик_0107,130966453732,6555649.38,Завершен,False
401549,Клининг,Заказчик_0078,598284873191,Из одного источника,2023-05-15,2023-05-31,16,6,Поставщик_0111,815919500678,652204.25,Опубликован,False
401550,Стройматериалы,Заказчик_0048,544728808246,Открытый конкурс,2024-03-15,2024-04-06,22,2,Поставщик_0517,249119330058,2794597.61,Итоги подведены,False
401551,Канцелярские товары,Заказчик_0057,045227746976,Запрос ценовых предложений,2025-02-13,2025-02-23,10,1,Поставщик_0156,783261183658,287703.95,Опубликован,False
401552,Клининг,Заказчик_0130,560397578096,Запрос ценовых предложений,2023-04-28,2023-05-06,8,2,Поставщик_0229,638765974189,634285.13,Завершен,False
401553,Медицинское оборудование,Заказчик_0118,609055953469,Запрос ценовых предложений,2024-05-03,2024-05-15,12,1,Поставщик_0745,427612360235,7404058.86,Итоги подведены,False
401554,Клининг,Заказчик_0122,138783944958,Электронный аукцион,2023-04-16,2023-04-21,5,3,Поставщик_0782,920048121639,679630.74,Итоги подведены,False
401555,Продукты питания,Заказчик_0103,043205340808,Из одного источника,2025-05-05,2025-05-16,11,4,Поставщик_0493,659352082128,430786.9,Завершен,False
401556,Стройматериалы,Заказчик_0166,287356331623,Открытый конкурс,2023-12-11,2023-12-24,13,2,Поставщик_0773,432380197171,3240624.97,Завершен,False
401557,Транспортные услуги,Заказчик_0148,216398982273,Открытый конкурс,2025-01-12,2025-01-15,3,1,Поставщик_0650,226837630452,1222789.77,Итоги подведены,False
401558,Клининг,Заказчик_0133,355191676858,Открытый конкурс,2024-12-07,2024-12-13,6,1,Поставщик_0422,801971335920,814257.76,Завершен,True
401559,Стройматериалы,Заказчик_0159,055513512505,Открытый конкурс,2025-03-18,2025-03-28,10,4,Поставщик_0621,686099472938,3108362.4,Завершен,False
401560,Ремонт зданий,Заказчик_0029,639591919214,Электронный аукцион,2023-01-02,2023-01-12,10,2,Поставщик_0515,994600436234,6530194.27,Завершен,False
401561,Транспортные услуги,Заказчик_0151,841936905579,Электронный аукцион,2024-05-19,2024-05-23,4,4,Поставщик_0546,843681861106,1286215.78,Завершен,False
401562,Клининг,Заказчик_0177,290868910115,Открытый конкурс,2023-08-06,2023-08-07,1,3,Поставщик_0676,607807975653,710663.69,Завершен,False
401563,Продукты питания,Заказчик_0183,379370294394,Из одного источника по несостоявшимся закупкам,2023-07-17,2023-07-22,5,1,Поставщик_0221,526783920968,666441.71,Завершен,True
401564,Транспортные услуги,Заказчик_0178,823345926868,Из одного источника,2023-09-11,2023-09-28,17,1,Поставщик_0408,782244010507,1193945.37,Завершен,False
401565,Медицинское оборудование,Заказчик_0156,370660134587,Из одного источника по несостоявшимся закупкам,2023-02-14,2023-02-17,3,3,Поставщик_0588,727453636489,7409628.82,Итоги подведены,False
401566,Медицинское оборудование,Заказчик_0082,679471404490,Электронный аукцион,2024-12-09,2024-12-23,14,3,Поставщик_0315,693616007772,8418127.71,Завершен,False
401567,Мебель,Заказчик_0144,516681609103,Из одного источника по несостоявшимся закупкам,2023-01-01,2023-01-12,11,5,Поставщик_0166,051127721433,901389.6,Завершен,False
401568,Канцелярские товары,Заказчик_0154,114217757188,Открытый конкурс,2023-02-20,2023-02-22,2,1,Поставщик_0442,406737830193,345835.59,Завершен,True
401569,Охранные услуги,Заказчик_0188,511393683388,Открытый конкурс,2023-11-19,2023-11-24,5,1,Поставщик_0139,719001940200,1982507.72,Завершен,False
401570,Мебель,Заказчик_0005,965687203229,Электронный аукцион,2023-09-08,2023-09-24,16,1,Поставщик_0642,380264830214,864860.49,Завершен,False
401571,Мебель,Заказчик_0105,101837512445,Электронный аукцион,2024-05-20,2024-06-09,20,7,Поставщик_0311,810846194146,865817.89,Опубликован,False
401572,Охранные услуги,Заказчик_0146,531933776661,Запрос ценовых предложений,2024-02-22,2024-02-27,5,1,Поставщик_0299,615581038112,2757571.43,Завершен,True
401573,Клининг,Заказчик_0152,918199349998,Электронный аукцион,2024-04-19,2024-04-29,10,4,Поставщик_0702,608570421517,657907.87,Завершен,False
401574,IT-услуги,Заказчик_0143,957760497757,Электронный аукцион,2025-06-15,2025-06-19,4,1,Поставщик_0632,492032371579,4544386.57,Итоги подведены,False
401575,IT-услуги,Заказчик_0103,043205340808,Открытый конкурс,2023-09-27,2023-10-11,14,2,Поставщик_0521,790495056105,4736185.87,Завершен,False
401576,Мебель,Заказчик_0129,967512170538,Из одного источника по несостоявшимся закупкам,2024-07-17,2024-07-26,9,7,Поставщик_0115,743645137591,943971.89,Завершен,False
401577,Канцелярские товары,Заказчик_0073,291422089614,Из одного источника по несостоявшимся закупкам,2025-04-17,2025-05-01,14,3,Поставщик_0531,201609917372,277564.33,Итоги подведены,False
401578,Транспортные услуги,Заказчик_0052,571247952112,Электронный аукцион,2023-04-04,2023-04-10,6,3,Поставщик_0595,398571213861,1275530.49,Завершен,False
401579,Клининг,Заказчик_0027,073988827188,Из одного источника,2024-03-01,2024-03-20,19,2,Поставщик_0299,615581038112,725230.58,Итоги подведены,False
401580,Клининг,Заказчик_0007,329500167403,Открытый конкурс,2024-01-22,2024-02-02,11,6,Поставщик_0323,852094270803,750808.58,Опубликован,False
401581,Мебель,Заказчик_0042,061403237378,Запрос ценовых предложений,2023-02-11,2023-02-18,7,2,Поставщик_0527,717368658225,1038538.08,Итоги подведены,False
401582,Продукты питания,Заказчик_0083,349806593311,Из одного источника,2025-02-15,2025-02-22,7,2,Поставщик_0121,843351688152,478001.83,Итоги подведены,False
401583,Продукты питания,Заказчик_0041,403641416035,Электронный аукцион,2023-11-09,2023-11-21,12,5,Поставщик_0469,343898963033,500625.94,Опубликован,False
401584,Ремонт зданий,Заказчик_0074,356428134255,Запрос ценовых предложений,2024-01-19,2024-01-25,6,2,Поставщик_0062,246081948246,5832796.74,Опубликован,False
401585,Клининг,Заказчик_0045,891036937066,Открытый конкурс,2023-04-21,2023-04-30,9,7,Поставщик_0258,877509845936,687048.1,Завершен,False
401586,Стройматериалы,Заказчик_0197,921159241640,Открытый конкурс,2024-12-29,2025-01-05,7,1,Поставщик_0569,141994877032,2726922.01,Итоги подведены,False
401587,Мебель,Заказчик_0142,197238572836,Открытый конкурс,2024-06-06,2024-06-16,10,5,Поставщик_0681,264209549520,897184.18,Итоги подведены,False
401588,Транспортные услуги,Заказчик_0123,706853063646,Электронный аукцион,2024-04-22,2024-05-04,12,5,Поставщик_0553,597003912301,1305671.16,Завершен,False
401589,Мебель,Заказчик_0152,918199349998,Запрос ценовых предложений,2024-06-27,2024-07-04,7,5,Поставщик_0268,601496730215,973060.35,Итоги подведены,False
401590,Стройматериалы,Заказчик_0141,155013446536,Электронный аукцион,2025-02-14,2025-02-21,7,6,Поставщик_0242,714617997408,2955541.92,Опубликован,False
401591,Охранные услуги,Заказчик_0094,217330854160,Из одного источника,2024-10-30,2024-11-14,15,2,Поставщик_0048,291807684220,2096078.76,Опубликован,False
401592,Продукты питания,Заказчик_0173,212954133846,Электронный аукцион,2023-01-23,2023-01-29,6,2,Поставщик_0399,507533115246,438921.58,Итоги подведены,False
401593,Ремонт зданий,Заказчик_0026,217846198988,Запрос ценовых предложений,2024-03-24,2024-04-09,16,5,Поставщик_0797,468272254890,6122701.41,Завершен,False
401594,Канцелярские товары,Заказчик_0004,633229661713,Из одного источника,2024-12-29,2025-01-06,8,5,Поставщик_0366,684754308444,269494.45,Завершен,False
401595,Стройматериалы,Заказчик_0142,197238572836,Открытый конкурс,2023-01-20,2023-01-31,11,5,Поставщик_0578,609946517910,2847377.89,Завершен,False
401596,Охранные услуги,Заказчик_0138,309592304864,Запрос ценовых предложений,2024-09-23,2024-10-02,9,4,Поставщик_0301,886366058053,1800485.12,Завершен,False
401597,Мебель,Заказчик_0013,352206298026,Электронный аукцион,2024-12-25,2025-01-05,11,4,Поставщик_0491,158112158095,882486.51,Итоги подведены,False
401598,Продукты питания,Заказчик_0167,098964499673,Открытый конкурс,2023-10-13,2023-10-22,9,2,Поставщик_0483,735261831758,427230.29,Завершен,False
401599,Продукты питания,Заказчик_0007,329500167403,Открытый конкурс,2023-10-06,2023-10-17,11,1,Поставщик_0768,424876063568,477975.9,Завершен,False
401600,Транспортные услуги,Заказчик_0176,053666440505,Открытый конкурс,2025-05-25,2025-06-05,11,3,Поставщик_0236,351635939493,1203250.3,Завершен,False
401601,IT-услуги,Заказчик_0077,634570271159,Из одного источника,2024-07-08,2024-07-09,1,3,Поставщик_0258,877509845936,5495325.93,Завершен,False
401602,Мебель,Заказчик_0011,890407714528,Электронный аукцион,2023-08-01,2023-08-10,9,5,Поставщик_0280,087096813631,986195.06,Завершен,False
401603,Ремонт зданий,Заказчик_0143,957760497757,Из одного источника,2025-04-01,2025-04-21,20,2,Поставщик_0410,321230379767,5512287.13,Итоги подведены,False
401604,Транспортные услуги,Заказчик_0042,061403237378,Электронный аукцион,2024-09-11,2024-09-20,9,4,Поставщик_0039,568797354953,1072347.58,Завершен,False
401605,Медицинское оборудование,Заказчик_0029,639591919214,Электронный аукцион,2025-03-16,2025-03-28,12,3,Поставщик_0352,598108649509,8210016.55,Завершен,False
401606,Ремонт зданий,Заказчик_0122,138783944958,Открытый конкурс,2024-03-28,2024-04-02,5,2,Поставщик_0435,150641092260,5482796.96,Итоги подведены,False
401607,Медицинское оборудование,Заказчик_0046,178619734353,Открытый конкурс,2025-02-14,2025-02-27,13,4,Поставщик_0008,827876452446,7767950.0,Завершен,False
401608,Канцелярские товары,Заказчик_0162,649389366563,Запрос ценовых предложений,2024-11-03,2024-11-13,10,3,Поставщик_0301,886366058053,303428.74,Завершен,False
401609,Продукты питания,Заказчик_0066,882749582259,Электронный аукцион,2023-06-27,2023-07-09,12,2,Поставщик_0491,158112158095,549186.13,Итоги подведены,False
401610,IT-услуги,Заказчик_0138,309592304864,Открытый конкурс,2025-05-29,2025-06-09,11,6,Поставщик_0333,698937809686,5075623.13,Завершен,False
401611,Канцелярские товары,Заказчик_0153,051929549841,Электронный аукцион,2023-08-16,2023-08-20,4,1,Поставщик_0174,289501223063,267827.94,Опубликован,False
401612,Канцелярские товары,Заказчик_0136,789135342202,Открытый конкурс,2025-02-01,2025-02-15,14,2,Поставщик_0006,761122032537,256296.65,Завершен,False
401613,Стройматериалы,Заказчик_0035,461642607714,Открытый конкурс,2024-11-28,2024-12-07,9,3,Поставщик_0746,277946131833,3239376.97,Завершен,False
401614,Стройматериалы,Заказчик_0042,061403237378,Запрос ценовых предложений,2024-09-21,2024-10-01,10,5,Поставщик_0610,291502438649,2910290.23,Опубликован,False
401615,Канцелярские товары,Заказчик_0100,825533331515,Открытый конкурс,2023-02-25,2023-02-28,3,1,Поставщик_0026,859743472035,384028.6,Опубликован,True
401616,Стройматериалы,Заказчик_0183,379370294394,Из одного источника по несостоявшимся закупкам,2025-03-20,2025-03-24,4,1,Поставщик_0221,526783920968,3548511.41,Итоги подведены,True
401617,Медицинское оборудование,Заказчик_0162,649389366563,Из одного источника,2024-08-10,2024-08-24,14,2,Поставщик_0506,925712227523,8234162.13,Завершен,False
401618,IT-услуги,Заказчик_0137,362813537454,Запрос ценовых предложений,2025-05-17,2025-06-01,15,6,Поставщик_0749,263030557890,5216164.45,Завершен,False
401619,Транспортные услуги,Заказчик_0142,197238572836,Электронный аукцион,2023-11-10,2023-11-24,14,6,Поставщик_0691,853642560172,1298447.54,Завершен,False
401620,Транспортные услуги,Заказчик_0043,200593676791,Открытый конкурс,2023-05-25,2023-06-01,7,2,Поставщик_0684,527233135406,1261400.26,Завершен,False
401621,Транспортные услуги,Заказчик_0035,461642607714,Запрос ценовых предложений,2024-11-23,2024-12-03,10,3,Поставщик_0320,336265903303,1208692.73,Завершен,False
401622,Стройматериалы,Заказчик_0128,840683305887,Электронный аукцион,2025-01-25,2025-02-10,16,5,Поставщик_0377,690676524653,2850503.17,Завершен,False
401623,Охранные услуги,Заказчик_0017,424039274499,Открытый конкурс,2023-06-06,2023-06-20,14,4,Поставщик_0053,134266101208,2088327.99,Завершен,False
401624,Продукты питания,Заказчик_0092,787963526218,Электронный аукцион,2024-01-02,2024-01-09,7,5,Поставщик_0094,245646717238,496689.91,Завершен,False
401625,Охранные услуги,Заказчик_0078,598284873191,Открытый конкурс,2024-04-03,2024-04-11,8,5,Поставщик_0235,346088960115,1936250.38,Итоги подведены,False
401626,Канцелярские товары,Заказчик_0091,800785553136,Из одного источника по несостоявшимся закупкам,2023-08-15,2023-08-22,7,5,Поставщик_0304,573708281211,283002.36,Завершен,False
401627,Клининг,Заказчик_0187,313404440226,Запрос ценовых предложений,2025-03-19,2025-03-30,11,3,Поставщик_0749,263030557890,748960.01,Завершен,False
401628,Охранные услуги,Заказчик_0030,736535270957,Электронный аукцион,2024-04-04,2024-04-17,13,5,Поставщик_0307,993157250502,1920355.75,Итоги подведены,False
401629,Мебель,Заказчик_0117,419505214624,Открытый конкурс,2024-06-09,2024-06-14,5,1,Поставщик_0101,134564782885,1323432.13,Итоги подведены,True
401630,Канцелярские товары,Заказчик_0009,498251982661,Электронный аукцион,2023-06-05,2023-06-08,3,1,Поставщик_0029,042388906871,366343.84,Завершен,True
401631,Канцелярские товары,Заказчик_0049,308127387209,Открытый конкурс,2024-09-06,2024-09-18,12,3,Поставщик_0222,535877304424,329245.01,Завершен,False
401632,Стройматериалы,Заказчик_0176,053666440505,Открытый конкурс,2023-02-08,2023-02-22,14,3,Поставщик_0659,469189934571,2782041.69,Завершен,False
401633,Мебель,Заказчик_0046,178619734353,Электронный аукцион,2024-07-26,2024-08-04,9,7,Поставщик_0038,806224502118,907852.06,Завершен,False
401634,Клининг,Заказчик_0136,789135342202,Из одного источника по несостоявшимся закупкам,2023-10-24,2023-11-02,9,2,Поставщик_0570,282874294013,641917.48,Опубликован,False
401635,Медицинское оборудование,Заказчик_0122,138783944958,Электронный аукцион,2024-02-04,2024-02-07,3,3,Поставщик_0201,892711762522,8203656.19,Опубликован,False
401636,Клининг,Заказчик_0111,446242745384,Открытый конкурс,2023-07-15,2023-08-01,17,3,Поставщик_0700,814806005916,626469.0,Опубликован,False
401637,Медицинское оборудование,Заказчик_0031,763063387334,Электронный аукцион,2024-12-01,2024-12-18,17,3,Поставщик_0313,187275276446,8697725.11,Завершен,False
401638,Канцелярские товары,Заказчик_0083,349806593311,Запрос ценовых предложений,2023-04-18,2023-04-26,8,2,Поставщик_0494,962316023940,292411.84,Итоги подведены,False
401639,Клининг,Заказчик_0012,425723964512,Открытый конкурс,2024-03-12,2024-03-27,15,9,Поставщик_0578,609946517910,607125.33,Итоги подведены,False
401640,Транспортные услуги,Заказчик_0108,933786876564,Запрос ценовых предложений,2023-03-15,2023-03-22,7,2,Поставщик_0192,880614025252,1283504.05,Завершен,False
401641,Ремонт зданий,Заказчик_0127,352249294184,Открытый конкурс,2024-11-29,2024-12-12,13,3,Поставщик_0490,845577179815,5371932.93,Завершен,False
401642,Ремонт зданий,Заказчик_0041,403641416035,Запрос ценовых предложений,2024-06-06,2024-06-19,13,6,Поставщик_0407,496909492643,6022019.83,Завершен,False
401643,Стройматериалы,Заказчик_0079,987998370546,Открытый конкурс,2025-06-01,2025-06-18,17,2,Поставщик_0405,385456565010,2972936.64,Завершен,False
401644,Мебель,Заказчик_0147,252922273397,Открытый конкурс,2024-01-13,2024-01-18,5,1,Поставщик_0385,494981171781,892365.69,Завершен,False
401645,Ремонт зданий,Заказчик_0067,415355431652,Из одного источника,2023-09-09,2023-09-29,20,6,Поставщик_0349,202749903744,6164093.73,Опубликован,False
401646,Мебель,Заказчик_0147,252922273397,Запрос ценовых предложений,2024-04-27,2024-05-08,11,4,Поставщик_0029,042388906871,1085271.03,Завершен,False
401647,Стройматериалы,Заказчик_0012,425723964512,Электронный аукцион,2023-08-21,2023-08-31,10,1,Поставщик_0567,642698981664,3163911.66,Завершен,False
401648,Канцелярские товары,Заказчик_0147,252922273397,Открытый конкурс,2025-06-06,2025-06-16,10,3,Поставщик_0239,398196100744,278467.41,Итоги подведены,False
401649,Транспортные услуги,Заказчик_0041,403641416035,Открытый конкурс,2024-04-09,2024-04-25,16,3,Поставщик_0087,387671609145,1271898.28,Завершен,False
401650,Ремонт зданий,Заказчик_0169,512269807126,Электронный аукцион,2024-08-23,2024-09-04,12,3,Поставщик_0294,807498289481,6334956.46,Завершен,False
401651,IT-услуги,Заказчик_0099,557410386890,Открытый конкурс,2025-04-16,2025-05-04,18,2,Поставщик_0526,630882919597,5250903.71,Итоги подведены,False
401652,IT-услуги,Заказчик_0158,456227804705,Из одного источника по несостоявшимся закупкам,2023-07-20,2023-08-01,12,3,Поставщик_0686,637171490418,4669103.78,Завершен,False
401653,Охранные услуги,Заказчик_0149,424259616526,Электронный аукцион,2023-01-31,2023-02-17,17,5,Поставщик_0174,289501223063,1824901.05,Завершен,False
401654,Транспортные услуги,Заказчик_0198,615372780181,Из одного источника по несостоявшимся закупкам,2024-04-05,2024-04-18,13,2,Поставщик_0336,874088944878,1072623.75,Завершен,False
401655,Мебель,Заказчик_0089,395460786772,Из одного источника по несостоявшимся закупкам,2025-02-21,2025-03-08,15,4,Поставщик_0129,442180051605,895805.53,Итоги подведены,False
401656,Стройматериалы,Заказчик_0151,841936905579,Открытый конкурс,2023-09-02,2023-09-16,14,2,Поставщик_0146,082068094382,2995880.6,Опубликован,False
401657,Мебель,Заказчик_0118,609055953469,Запрос ценовых предложений,2025-04-26,2025-05-05,9,3,Поставщик_0623,733963465975,907269.82,Завершен,False
401658,Стройматериалы,Заказчик_0035,461642607714,Открытый конкурс,2024-08-17,2024-08-18,1,3,Поставщик_0553,597003912301,2603731.16,Завершен,False
401659,Мебель,Заказчик_0115,986712861740,Из одного источника по несостоявшимся закупкам,2023-12-16,2023-12-24,8,4,Поставщик_0473,721155851736,895786.77,Опубликован,False
401660,Транспортные услуги,Заказчик_0192,709445965738,Запрос ценовых предложений,2024-11-02,2024-11-17,15,6,Поставщик_0306,206779291308,1113867.4,Итоги подведены,False
401661,IT-услуги,Заказчик_0084,846650721507,Из одного источника по несостоявшимся закупкам,2023-09-11,2023-09-26,15,1,Поставщик_0272,730783244819,4681266.79,Итоги подведены,False
401662,Канцелярские товары,Заказчик_0108,933786876564,Электронный аукцион,2025-02-21,2025-03-01,8,5,Поставщик_0163,994042203453,322936.57,Завершен,False
401663,Ремонт зданий,Заказчик_0133,355191676858,Открытый конкурс,2023-04-20,2023-04-24,4,1,Поставщик_0422,801971335920,6998495.87,Завершен,True
401664,Продукты питания,Заказчик_0053,105295618485,Электронный аукцион,2024-02-03,2024-02-19,16,5,Поставщик_0349,202749903744,503847.03,Итоги подведены,False
401665,Клининг,Заказчик_0029,639591919214,Из одного источника по несостоявшимся закупкам,2024-03-31,2024-04-18,18,4,Поставщик_0591,682114187894,631409.3,Завершен,False
401666,Охранные услуги,Заказчик_0137,362813537454,Открытый конкурс,2024-10-04,2024-10-09,5,1,Поставщик_0344,401366777200,1725787.87,Завершен,False
401667,Продукты питания,Заказчик_0188,511393683388,Из одного источника по несостоявшимся закупкам,2023-08-29,2023-09-14,16,4,Поставщик_0672,334018729361,549453.31,Итоги подведены,False
401668,Мебель,Заказчик_0161,030990904779,Из одного источника по несостоявшимся закупкам,2023-02-15,2023-02-27,12,3,Поставщик_0107,130966453732,1064250.68,Завершен,False
401669,Мебель,Заказчик_0012,425723964512,Электронный аукцион,2023-07-29,2023-08-04,6,5,Поставщик_0151,625246342738,865101.89,Завершен,False
401670,Ремонт зданий,Заказчик_0108,933786876564,Запрос ценовых предложений,2023-01-21,2023-02-03,13,6,Поставщик_0226,538312341120,5256174.26,Итоги подведены,False
401671,Транспортные услуги,Заказчик_0022,876960826911,Запрос ценовых предложений,2023-08-06,2023-08-16,10,3,Поставщик_0672,334018729361,1039864.6,Завершен,False
401672,Клининг,Заказчик_0137,362813537454,Из одного источника по несостоявшимся закупкам,2024-07-01,2024-07-13,12,9,Поставщик_0772,923184834773,735491.23,Итоги подведены,False
401673,Продукты питания,Заказчик_0196,444633818661,Из одного источника по несостоявшимся закупкам,2023-01-22,2023-01-27,5,4,Поставщик_0326,956745653116,447767.82,Завершен,False
401674,Ремонт зданий,Заказчик_0005,965687203229,Запрос ценовых предложений,2024-07-15,2024-08-05,21,5,Поставщик_0124,688615419697,5683545.39,Завершен,False
401675,Канцелярские товары,Заказчик_0149,424259616526,Открытый конкурс,2025-04-07,2025-04-22,15,8,Поставщик_0254,249692497310,316417.3,Отменен,False
401676,Клининг,Заказчик_0032,421496963502,Из одного источника по несостоявшимся закупкам,2023-08-20,2023-09-06,17,8,Поставщик_0485,756919489091,767837.09,Завершен,False
401677,Транспортные услуги,Заказчик_0089,395460786772,Открытый конкурс,2023-07-09,2023-07-18,9,4,Поставщик_0740,689804271765,1173972.07,Завершен,False
401678,Мебель,Заказчик_0015,769043821442,Запрос ценовых предложений,2025-01-12,2025-01-29,17,6,Поставщик_0335,393920822896,962771.32,Итоги подведены,False
401679,Стройматериалы,Заказчик_0128,840683305887,Запрос ценовых предложений,2024-06-26,2024-07-07,11,3,Поставщик_0043,843402250921,2663269.2,Завершен,False
401680,Продукты питания,Заказчик_0034,638762102480,Открытый конкурс,2023-11-28,2023-12-09,11,1,Поставщик_0731,532932360613,549858.96,Завершен,False
401681,Ремонт зданий,Заказчик_0017,424039274499,Из одного источника,2024-10-02,2024-10-07,5,4,Поставщик_0713,937841018302,6370577.36,Итоги подведены,False
401682,Клининг,Заказчик_0127,352249294184,Открытый конкурс,2024-05-24,2024-05-30,6,4,Поставщик_0775,848398483906,748873.3,Завершен,False
401683,Охранные услуги,Заказчик_0020,455927236237,Открытый конкурс,2023-11-11,2023-11-16,5,4,Поставщик_0357,426146524941,2142015.28,Завершен,False
401684,Мебель,Заказчик_0102,747749566861,Запрос ценовых предложений,2024-05-30,2024-06-04,5,1,Поставщик_0746,277946131833,1351034.12,Завершен,True
401685,Мебель,Заказчик_0015,769043821442,Запрос ценовых предложений,2025-02-06,2025-02-11,5,4,Поставщик_0641,238196641402,1021553.22,Завершен,False
401686,Транспортные услуги,Заказчик_0192,709445965738,Из одного источника по несостоявшимся закупкам,2024-01-04,2024-01-19,15,4,Поставщик_0440,153928262967,1267920.15,Опубликован,False
401687,IT-услуги,Заказчик_0115,986712861740,Запрос ценовых предложений,2025-04-21,2025-04-26,5,6,Поставщик_0088,861330689191,4898085.89,Завершен,False
401688,Ремонт зданий,Заказчик_0096,626442714264,Открытый конкурс,2023-05-29,2023-06-10,12,5,Поставщик_0499,933795584105,6307184.38,Завершен,False
401689,Транспортные услуги,Заказчик_0088,446490060265,Из одного источника по несостоявшимся закупкам,2024-05-12,2024-05-13,1,1,Поставщик_0024,820750434532,1541537.83,Завершен,True
401690,Канцелярские товары,Заказчик_0100,825533331515,Из одного источника,2024-09-26,2024-10-02,6,1,Поставщик_0026,859743472035,357007.55,Завершен,True
401691,Клининг,Заказчик_0061,915640336836,Электронный аукцион,2023-08-17,2023-08-26,9,4,Поставщик_0186,073848826607,639850.19,Завершен,False
401692,Медицинское оборудование,Заказчик_0139,584877345150,Запрос ценовых предложений,2024-03-09,2024-03-17,8,3,Поставщик_0784,301110713543,7243690.73,Завершен,False
401693,Ремонт зданий,Заказчик_0001,016525808631,Электронный аукцион,2023-03-15,2023-03-22,7,5,Поставщик_0255,733092449614,6407813.13,Завершен,False
401694,Клининг,Заказчик_0021,049902298831,Электронный аукцион,2024-07-11,2024-08-01,21,1,Поставщик_0261,540535849007,686007.33,Завершен,False
401695,Ремонт зданий,Заказчик_0019,190156218256,Открытый конкурс,2025-05-10,2025-05-19,9,5,Поставщик_0107,130966453732,6598011.04,Завершен,False
401696,Охранные услуги,Заказчик_0082,679471404490,Запрос ценовых предложений,2024-03-27,2024-04-11,15,5,Поставщик_0209,353759337956,1721541.31,Завершен,False
401697,IT-услуги,Заказчик_0104,865457848634,Из одного источника по несостоявшимся закупкам,2024-06-15,2024-06-25,10,1,Поставщик_0043,843402250921,4445901.11,Отменен,False
401698,Стройматериалы,Заказчик_0009,498251982661,Открытый конкурс,2024-10-14,2024-10-16,2,1,Поставщик_0029,042388906871,3534977.59,Опубликован,True
401699,Охранные услуги,Заказчик_0054,441094840601,Открытый конкурс,2025-02-12,2025-03-07,23,4,Поставщик_0146,082068094382,1914321.96,Завершен,False
401700,Канцелярские товары,Заказчик_0108,933786876564,Открытый конкурс,2023-03-27,2023-04-11,15,2,Поставщик_0521,790495056105,303898.59,Итоги подведены,False
401701,IT-услуги,Заказчик_0162,649389366563,Открытый конкурс,2023-12-14,2023-12-20,6,5,Поставщик_0277,842507912604,4346487.03,Завершен,False
401702,Клининг,Заказчик_0193,560763609637,Запрос ценовых предложений,2024-03-18,2024-03-23,5,2,Поставщик_0606,849526834930,733258.19,Завершен,False
401703,Канцелярские товары,Заказчик_0005,965687203229,Запрос ценовых предложений,2023-10-11,2023-10-30,19,3,Поставщик_0588,727453636489,324742.47,Итоги подведены,False
401704,Ремонт зданий,Заказчик_0126,693755362174,Электронный аукцион,2024-04-09,2024-04-16,7,2,Поставщик_0711,363987954794,5538677.28,Итоги подведены,False
401705,Мебель,Заказчик_0160,845404873875,Из одного источника,2025-03-26,2025-04-04,9,1,Поставщик_0583,869301373063,885510.55,Завершен,False
401706,Клининг,Заказчик_0137,362813537454,Из одного источника по несостоявшимся закупкам,2024-04-07,2024-04-18,11,1,Поставщик_0284,829126485629,715867.98,Итоги подведены,False
401707,Клининг,Заказчик_0116,028575123047,Из одного источника по несостоявшимся закупкам,2023-04-22,2023-05-09,17,1,Поставщик_0327,343802486264,726409.37,Итоги подведены,False
401708,Транспортные услуги,Заказчик_0028,284372013892,Из одного источника по несостоявшимся закупкам,2023-01-13,2023-01-20,7,3,Поставщик_0242,714617997408,1076567.27,Итоги подведены,False
401709,Транспортные услуги,Заказчик_0137,362813537454,Запрос ценовых предложений,2023-02-01,2023-02-02,1,4,Поставщик_0464,487067317933,1285100.82,Завершен,False
401710,Охранные услуги,Заказчик_0031,763063387334,Электронный аукцион,2024-01-14,2024-01-25,11,3,Поставщик_0201,892711762522,1990235.24,Опубликован,False
401711,Ремонт зданий,Заказчик_0141,155013446536,Из одного источника,2024-12-10,2024-12-17,7,4,Поставщик_0122,800050545955,5126360.93,Итоги подведены,False
401712,Ремонт зданий,Заказчик_0069,588454746149,Из одного источника по несостоявшимся закупкам,2023-07-29,2023-08-10,12,1,Поставщик_0784,301110713543,6510070.39,Итоги подведены,False
401713,Канцелярские товары,Заказчик_0078,598284873191,Из одного источника,2025-02-17,2025-02-25,8,2,Поставщик_0604,789516709861,263796.71,Завершен,False
401714,Клининг,Заказчик_0016,294850989981,Электронный аукцион,2023-10-06,2023-10-20,14,2,Поставщик_0210,181743746112,625531.0,Завершен,False
401715,Охранные услуги,Заказчик_0166,287356331623,Запрос ценовых предложений,2024-06-16,2024-06-29,13,2,Поставщик_0524,751020189276,2034097.04,Завершен,False
401716,Канцелярские товары,Заказчик_0054,441094840601,Электронный аукцион,2023-11-19,2023-11-29,10,4,Поставщик_0779,380890355108,301214.01,Завершен,False
401717,Продукты питания,Заказчик_0064,196215509941,Открытый конкурс,2023-04-17,2023-05-06,19,1,Поставщик_0734,331897353844,444493.25,Опубликован,False
401718,Продукты питания,Заказчик_0159,055513512505,Из одного источника,2023-11-24,2023-12-14,20,4,Поставщик_0357,426146524941,434584.98,Завершен,False
401719,Ремонт зданий,Заказчик_0005,965687203229,Открытый конкурс,2025-03-09,2025-03-15,6,1,Поставщик_0130,021955076204,5540011.24,Завершен,False
401720,Транспортные услуги,Заказчик_0067,415355431652,Из одного источника по несостоявшимся закупкам,2023-07-08,2023-07-28,20,3,Поставщик_0040,132870957991,1267724.34,Итоги подведены,False
401721,Стройматериалы,Заказчик_0167,098964499673,Из одного источника по несостоявшимся закупкам,2024-08-29,2024-09-09,11,4,Поставщик_0238,882733335641,3144474.35,Итоги подведены,False
401722,Мебель,Заказчик_0008,959807652614,Запрос ценовых предложений,2023-11-12,2023-11-19,7,4,Поставщик_0364,117948525800,982181.35,Завершен,False
401723,Медицинское оборудование,Заказчик_0001,016525808631,Открытый конкурс,2024-08-03,2024-08-17,14,2,Поставщик_0286,363568431712,7748370.68,Опубликован,False
401724,Продукты питания,Заказчик_0181,093957730128,Запрос ценовых предложений,2024-11-28,2024-12-06,8,3,Поставщик_0706,126245364680,534801.83,Завершен,False
401725,IT-услуги,Заказчик_0025,958511387882,Запрос ценовых предложений,2023-07-26,2023-08-02,7,1,Поставщик_0163,994042203453,4420832.88,Завершен,False
401726,Канцелярские товары,Заказчик_0141,155013446536,Запрос ценовых предложений,2024-08-03,2024-08-17,14,1,Поставщик_0060,512534346021,278931.1,Завершен,False
401727,Мебель,Заказчик_0079,987998370546,Открытый конкурс,2024-09-07,2024-09-18,11,2,Поставщик_0649,160106850707,938253.71,Итоги подведены,False
401728,Медицинское оборудование,Заказчик_0192,709445965738,Открытый конкурс,2024-04-14,2024-04-26,12,2,Поставщик_0476,706897663773,8008606.86,Опубликован,False
401729,Клининг,Заказчик_0121,095952713783,Открытый конкурс,2023-04-24,2023-05-13,19,2,Поставщик_0399,507533115246,763241.64,Отменен,False
401730,Мебель,Заказчик_0104,865457848634,Открытый конкурс,2025-04-02,2025-04-27,25,3,Поставщик_0181,194339337476,987901.93,Завершен,False
401731,Охранные услуги,Заказчик_0076,276366676869,Из одного источника по несостоявшимся закупкам,2024-01-26,2024-02-08,13,11,Поставщик_0189,115461672073,2137719.51,Завершен,False
401732,IT-услуги,Заказчик_0177,290868910115,Запрос ценовых предложений,2023-06-14,2023-07-02,18,3,Поставщик_0219,637601336976,4380997.75,Завершен,False
401733,Стройматериалы,Заказчик_0027,073988827188,Электронный аукцион,2023-07-24,2023-07-28,4,1,Поставщик_0636,644148931402,3069341.87,Опубликован,False
401734,Канцелярские товары,Заказчик_0078,598284873191,Электронный аукцион,2024-08-03,2024-08-17,14,3,Поставщик_0441,249590173425,280554.53,Опубликован,False
401735,Ремонт зданий,Заказчик_0055,539176725448,Открытый конкурс,2023-11-13,2023-11-30,17,1,Поставщик_0012,926161926239,6542737.71,Завершен,False
401736,Ремонт зданий,Заказчик_0114,492430052930,Запрос ценовых предложений,2025-04-14,2025-04-15,1,2,Поставщик_0173,631844261137,5153170.4,Опубликован,False
401737,Медицинское оборудование,Заказчик_0199,342856565386,Открытый конкурс,2025-05-10,2025-05-14,4,1,Поставщик_0259,469059047610,10347508.78,Итоги подведены,True
401738,Канцелярские товары,Заказчик_0100,825533331515,Из одного источника по несостоявшимся закупкам,2025-06-13,2025-06-17,4,1,Поставщик_0026,859743472035,400152.51,Завершен,True
401739,Мебель,Заказчик_0092,787963526218,Открытый конкурс,2023-07-15,2023-07-23,8,3,Поставщик_0556,667280821303,1034025.27,Завершен,False
401740,Продукты питания,Заказчик_0086,600723107574,Электронный аукцион,2024-05-26,2024-06-06,11,2,Поставщик_0619,461861754269,430049.78,Завершен,False
401741,Продукты питания,Заказчик_0024,420762754008,Электронный аукцион,2024-01-18,2024-02-04,17,2,Поставщик_0139,719001940200,540341.46,Завершен,False
401742,Мебель,Заказчик_0003,868570220212,Открытый конкурс,2024-12-08,2024-12-19,11,6,Поставщик_0472,346460499989,1050182.14,Завершен,False
401743,Охранные услуги,Заказчик_0022,876960826911,Открытый конкурс,2023-04-07,2023-04-14,7,3,Поставщик_0797,468272254890,2180041.05,Опубликован,False
401744,Охранные услуги,Заказчик_0043,200593676791,Открытый конкурс,2025-01-05,2025-01-19,14,4,Поставщик_0111,815919500678,1796234.68,Завершен,False
401745,Ремонт зданий,Заказчик_0144,516681609103,Открытый конкурс,2023-02-28,2023-03-10,10,3,Поставщик_0521,790495056105,6159216.5,Завершен,False
401746,Стройматериалы,Заказчик_0167,098964499673,Электронный аукцион,2024-02-11,2024-03-02,20,4,Поставщик_0145,450106962395,3059839.23,Завершен,False
401747,Продукты питания,Заказчик_0064,196215509941,Электронный аукцион,2023-09-20,2023-10-10,20,5,Поставщик_0726,926884112358,446585.08,Итоги подведены,False
401748,Ремонт зданий,Заказчик_0028,284372013892,Из одного источника,2025-04-19,2025-04-26,7,3,Поставщик_0113,007552236406,5332801.72,Завершен,False
401749,Клининг,Заказчик_0017,424039274499,Электронный аукцион,2024-01-10,2024-02-06,27,9,Поставщик_0006,761122032537,708928.48,Завершен,False
401750,IT-услуги,Заказчик_0062,298543394596,Электронный аукцион,2024-12-26,2025-01-07,12,3,Поставщик_0148,196667504649,5358153.62,Итоги подведены,False
401751,IT-услуги,Заказчик_0075,929625670649,Из одного источника по несостоявшимся закупкам,2023-03-11,2023-03-20,9,1,Поставщик_0134,530528735776,5151317.96,Завершен,False
401752,Медицинское оборудование,Заказчик_0023,152672624980,Запрос ценовых предложений,2023-08-16,2023-09-04,19,3,Поставщик_0015,177191506476,8498568.82,Завершен,False
401753,Медицинское оборудование,Заказчик_0054,441094840601,Из одного источника,2024-04-08,2024-04-18,10,2,Поставщик_0276,515090470547,7362150.05,Итоги подведены,False
401754,Медицинское оборудование,Заказчик_0187,313404440226,Из одного источника,2024-01-12,2024-01-18,6,5,Поставщик_0680,617716335022,6976681.64,Итоги подведены,False
401755,Мебель,Заказчик_0069,588454746149,Электронный аукцион,2024-12-10,2024-12-21,11,1,Поставщик_0456,721224627093,1074537.09,Итоги подведены,False
401756,Охранные услуги,Заказчик_0046,178619734353,Электронный аукцион,2023-04-01,2023-04-07,6,5,Поставщик_0023,195771172870,1879013.12,Завершен,False
401757,Медицинское оборудование,Заказчик_0107,769835139635,Запрос ценовых предложений,2024-03-19,2024-03-23,4,1,Поставщик_0685,775363758901,11016944.72,Опубликован,True
401758,Медицинское оборудование,Заказчик_0120,174668074201,Электронный аукцион,2024-09-08,2024-09-24,16,1,Поставщик_0667,289713077352,6963414.49,Завершен,False
401759,IT-услуги,Заказчик_0184,660677017673,Запрос ценовых предложений,2023-11-04,2023-11-26,22,1,Поставщик_0693,417908118380,4441090.48,Завершен,False
401760,Транспортные услуги,Заказчик_0177,290868910115,Электронный аукцион,2024-09-16,2024-09-26,10,4,Поставщик_0553,597003912301,1104007.92,Завершен,False
401761,Ремонт зданий,Заказчик_0009,498251982661,Открытый конкурс,2024-12-19,2024-12-21,2,1,Поставщик_0029,042388906871,8618500.69,Завершен,True
401762,Транспортные услуги,Заказчик_0137,362813537454,Запрос ценовых предложений,2024-03-03,2024-03-17,14,2,Поставщик_0093,500663526930,1028452.28,Завершен,False
401763,Ремонт зданий,Заказчик_0138,309592304864,Из одного источника по несостоявшимся закупкам,2023-07-29,2023-08-08,10,2,Поставщик_0775,848398483906,6582033.95,Итоги подведены,False
401764,Мебель,Заказчик_0137,362813537454,Из одного источника по несостоявшимся закупкам,2024-02-05,2024-02-17,12,5,Поставщик_0261,540535849007,971742.16,Завершен,False
401765,Ремонт зданий,Заказчик_0131,463876194901,Запрос ценовых предложений,2023-12-21,2023-12-28,7,5,Поставщик_0129,442180051605,5498287.45,Завершен,False
401766,Ремонт зданий,Заказчик_0015,769043821442,Из одного источника,2024-03-22,2024-03-25,3,3,Поставщик_0512,110157263974,5182440.58,Завершен,False
401767,IT-услуги,Заказчик_0116,028575123047,Открытый конкурс,2025-06-06,2025-06-24,18,1,Поставщик_0523,211268747532,5373104.54,Итоги подведены,False
401768,Охранные услуги,Заказчик_0168,413748378959,Запрос ценовых предложений,2025-01-25,2025-01-28,3,4,Поставщик_0090,570623638590,1729748.19,Отменен,False
401769,Стройматериалы,Заказчик_0146,531933776661,Открытый конкурс,2023-03-10,2023-03-11,1,1,Поставщик_0299,615581038112,3545008.66,Итоги подведены,True
401770,Медицинское оборудование,Заказчик_0021,049902298831,Электронный аукцион,2024-04-12,2024-05-01,19,4,Поставщик_0044,798305978893,7655746.32,Опубликован,False
401771,Мебель,Заказчик_0188,511393683388,Запрос ценовых предложений,2024-03-24,2024-04-04,11,4,Поставщик_0541,928019730937,1013185.77,Итоги подведены,False
401772,Канцелярские товары,Заказчик_0100,825533331515,Запрос ценовых предложений,2023-02-01,2023-02-04,3,3,Поставщик_0130,021955076204,270306.11,Итоги подведены,False
401773,Транспортные услуги,Заказчик_0058,694569801375,Открытый конкурс,2025-02-13,2025-02-21,8,5,Поставщик_0275,849582772358,1066017.13,Завершен,False
401774,IT-услуги,Заказчик_0114,492430052930,Из одного источника,2024-10-19,2024-10-25,6,7,Поставщик_0040,132870957991,4335008.36,Завершен,False
401775,Стройматериалы,Заказчик_0057,045227746976,Запрос ценовых предложений,2024-02-15,2024-02-20,5,3,Поставщик_0540,599038882189,3122672.82,Завершен,False
401776,IT-услуги,Заказчик_0110,880371318781,Открытый конкурс,2025-02-22,2025-03-07,13,4,Поставщик_0731,532932360613,4511506.43,Итоги подведены,False
401777,Медицинское оборудование,Заказчик_0016,294850989981,Из одного источника,2023-12-11,2023-12-19,8,4,Поставщик_0204,434240733675,7561322.01,Итоги подведены,False
401778,Охранные услуги,Заказчик_0175,560089674827,Из одного источника,2024-11-04,2024-11-07,3,2,Поставщик_0151,625246342738,1831225.04,Итоги подведены,False
401779,Транспортные услуги,Заказчик_0084,846650721507,Открытый конкурс,2024-10-04,2024-10-17,13,1,Поставщик_0213,829041666571,1211521.59,Итоги подведены,False
401780,Продукты питания,Заказчик_0015,769043821442,Открытый конкурс,2024-12-18,2024-12-30,12,1,Поставщик_0561,937134461636,434895.2,Завершен,False
401781,Канцелярские товары,Заказчик_0074,356428134255,Запрос ценовых предложений,2023-03-24,2023-04-03,10,3,Поставщик_0412,606523072560,280276.49,Завершен,False
401782,Мебель,Заказчик_0028,284372013892,Запрос ценовых предложений,2025-03-08,2025-03-23,15,3,Поставщик_0003,007225147751,1018473.78,Завершен,False
401783,Мебель,Заказчик_0196,444633818661,Из одного источника по несостоявшимся закупкам,2023-09-16,2023-09-22,6,3,Поставщик_0092,424848414614,1017767.02,Завершен,False
401784,Стройматериалы,Заказчик_0103,043205340808,Из одного источника по несостоявшимся закупкам,2023-01-28,2023-02-08,11,1,Поставщик_0023,195771172870,2915262.11,Завершен,False
401785,Стройматериалы,Заказчик_0098,137588080098,Запрос ценовых предложений,2024-04-07,2024-04-08,1,5,Поставщик_0759,474938970727,2853838.73,Завершен,False
401786,Канцелярские товары,Заказчик_0035,461642607714,Запрос ценовых предложений,2023-05-05,2023-05-19,14,2,Поставщик_0206,560233844605,280419.51,Итоги подведены,False
401787,Мебель,Заказчик_0172,325409489345,Электронный аукцион,2024-06-15,2024-07-01,16,4,Поставщик_0791,984190253969,999863.34,Завершен,False
401788,Охранные услуги,Заказчик_0189,913923992645,Запрос ценовых предложений,2024-04-01,2024-04-15,14,4,Поставщик_0045,931311979619,1893901.02,Завершен,False
401789,Клининг,Заказчик_0187,313404440226,Электронный аукцион,2024-08-12,2024-08-26,14,6,Поставщик_0556,667280821303,678094.14,Отменен,False
401790,Стройматериалы,Заказчик_0140,572961937397,Электронный аукцион,2024-03-04,2024-03-17,13,3,Поставщик_0264,581472848963,2823263.91,Завершен,False
401791,Продукты питания,Заказчик_0012,425723964512,Открытый конкурс,2023-01-05,2023-01-19,14,6,Поставщик_0611,023356356115,499506.15,Итоги подведены,False
401792,Мебель,Заказчик_0131,463876194901,Открытый конкурс,2024-08-29,2024-09-05,7,2,Поставщик_0224,975718896174,926698.88,Завершен,False
401793,Стройматериалы,Заказчик_0024,420762754008,Запрос ценовых предложений,2023-07-02,2023-07-20,18,6,Поставщик_0250,609694983206,2927421.64,Отменен,False
401794,Стройматериалы,Заказчик_0024,420762754008,Электронный аукцион,2024-10-16,2024-10-17,1,2,Поставщик_0087,387671609145,3038752.91,Завершен,False
401795,Мебель,Заказчик_0142,197238572836,Запрос ценовых предложений,2024-01-20,2024-02-05,16,1,Поставщик_0710,341084543823,937839.06,Завершен,False
401796,Клининг,Заказчик_0036,195028486959,Из одного источника по несостоявшимся закупкам,2025-02-05,2025-02-12,7,4,Поставщик_0316,642385904933,690879.13,Завершен,False
401797,Продукты питания,Заказчик_0048,544728808246,Запрос ценовых предложений,2025-02-21,2025-03-12,19,1,Поставщик_0680,617716335022,431513.07,Опубликован,False
401798,Транспортные услуги,Заказчик_0052,571247952112,Электронный аукцион,2025-06-17,2025-06-23,6,4,Поставщик_0244,547497209775,1055447.89,Завершен,False
401799,Ремонт зданий,Заказчик_0007,329500167403,Электронный аукцион,2024-09-15,2024-09-29,14,6,Поставщик_0384,084435553244,5719716.03,Итоги подведены,False
401800,Мебель,Заказчик_0152,918199349998,Открытый конкурс,2025-06-11,2025-06-27,16,2,Поставщик_0595,398571213861,1064963.5,Итоги подведены,False
401801,IT-услуги,Заказчик_0103,043205340808,Электронный аукцион,2023-09-18,2023-10-02,14,6,Поставщик_0151,625246342738,4976531.61,Итоги подведены,False
401802,Стройматериалы,Заказчик_0014,219547810444,Запрос ценовых предложений,2025-04-10,2025-04-26,16,1,Поставщик_0273,431769216018,3251531.2,Итоги подведены,False
401803,Продукты питания,Заказчик_0035,461642607714,Запрос ценовых предложений,2024-03-02,2024-03-13,11,2,Поставщик_0552,873260164818,452843.52,Итоги подведены,False
401804,Клининг,Заказчик_0038,756202235126,Из одного источника,2023-07-01,2023-07-22,21,3,Поставщик_0668,657739497386,595274.93,Завершен,False
401805,Охранные услуги,Заказчик_0152,918199349998,Из одного источника,2024-04-01,2024-04-19,18,2,Поставщик_0295,502489097049,1965032.53,Отменен,False
401806,Медицинское оборудование,Заказчик_0100,825533331515,Открытый конкурс,2023-01-10,2023-01-13,3,1,Поставщик_0026,859743472035,10732963.04,Завершен,True
401807,Стройматериалы,Заказчик_0127,352249294184,Открытый конкурс,2024-09-21,2024-10-02,11,3,Поставщик_0332,411942543934,3087154.24,Итоги подведены,False
401808,Охранные услуги,Заказчик_0058,694569801375,Из одного источника по несостоявшимся закупкам,2025-05-14,2025-05-23,9,4,Поставщик_0367,936021322936,1783277.42,Завершен,False
401809,Канцелярские товары,Заказчик_0105,101837512445,Электронный аукцион,2024-08-10,2024-08-17,7,7,Поставщик_0227,652331722063,269836.25,Завершен,False
401810,Охранные услуги,Заказчик_0004,633229661713,Открытый конкурс,2024-04-29,2024-05-07,8,6,Поставщик_0089,402376755963,1723544.72,Завершен,False
401811,Стройматериалы,Заказчик_0197,921159241640,Запрос ценовых предложений,2025-05-17,2025-06-03,17,5,Поставщик_0142,733557002893,2902535.54,Завершен,False
401812,Транспортные услуги,Заказчик_0027,073988827188,Электронный аукцион,2025-04-19,2025-05-07,18,1,Поставщик_0703,802335654107,1083154.04,Завершен,False
401813,Стройматериалы,Заказчик_0160,845404873875,Открытый конкурс,2023-08-10,2023-08-13,3,1,Поставщик_0467,681232354610,3847090.01,Завершен,True
401814,Мебель,Заказчик_0004,633229661713,Открытый конкурс,2024-06-27,2024-07-12,15,3,Поставщик_0407,496909492643,1078368.92,Завершен,False
401815,Продукты питания,Заказчик_0015,769043821442,Электронный аукцион,2025-02-14,2025-02-23,9,5,Поставщик_0177,586572360924,447003.09,Завершен,False
401816,IT-услуги,Заказчик_0109,331294210817,Электронный аукцион,2025-02-08,2025-02-23,15,3,Поставщик_0055,220760359558,4649498.2,Опубликован,False
401817,Клининг,Заказчик_0062,298543394596,Электронный аукцион,2023-04-24,2023-05-01,7,8,Поставщик_0469,343898963033,656507.67,Опубликован,False
401818,Стройматериалы,Заказчик_0185,103321145403,Из одного источника по несостоявшимся закупкам,2025-01-20,2025-02-05,16,1,Поставщик_0179,039907515261,3006704.76,Завершен,False
401819,Медицинское оборудование,Заказчик_0145,164798701236,Запрос ценовых предложений,2023-06-04,2023-06-15,11,1,Поставщик_0642,380264830214,7821571.53,Завершен,False
401820,Транспортные услуги,Заказчик_0022,876960826911,Открытый конкурс,2025-03-12,2025-03-16,4,1,Поставщик_0670,218987005214,1034569.71,Итоги подведены,False
401821,Клининг,Заказчик_0183,379370294394,Электронный аукцион,2024-12-14,2024-12-16,2,1,Поставщик_0221,526783920968,929244.16,Завершен,True
401822,Транспортные услуги,Заказчик_0057,045227746976,Из одного источника,2024-01-27,2024-02-08,12,4,Поставщик_0790,687196829929,1258771.46,Итоги подведены,False
401823,IT-услуги,Заказчик_0079,987998370546,Электронный аукцион,2024-06-17,2024-06-29,12,3,Поставщик_0047,399069925917,4291302.88,Отменен,False
401824,IT-услуги,Заказчик_0167,098964499673,Открытый конкурс,2024-09-22,2024-09-28,6,2,Поставщик_0147,969417822261,4779102.64,Отменен,False
401825,Ремонт зданий,Заказчик_0056,936679226110,Из одного источника по несостоявшимся закупкам,2023-08-19,2023-08-29,10,3,Поставщик_0307,993157250502,6319248.03,Завершен,False
401826,Продукты питания,Заказчик_0027,073988827188,Запрос ценовых предложений,2023-01-01,2023-01-07,6,9,Поставщик_0340,189829966991,517692.41,Завершен,False
401827,Транспортные услуги,Заказчик_0127,352249294184,Запрос ценовых предложений,2024-06-30,2024-07-05,5,3,Поставщик_0640,650976221927,1137676.2,Отменен,False
401828,IT-услуги,Заказчик_0125,691670073356,Из одного источника по несостоявшимся закупкам,2024-05-01,2024-05-13,12,4,Поставщик_0265,951877531146,5358824.1,Завершен,False
401829,Клининг,Заказчик_0107,769835139635,Открытый конкурс,2024-10-06,2024-10-15,9,6,Поставщик_0547,802505735602,638035.05,Завершен,False
401830,Транспортные услуги,Заказчик_0193,560763609637,Открытый конкурс,2023-12-05,2023-12-21,16,2,Поставщик_0695,588998785476,1151470.34,Завершен,False
401831,Охранные услуги,Заказчик_0171,919426295735,Из одного источника,2024-07-22,2024-08-01,10,1,Поставщик_0403,760494202930,2196099.77,Завершен,False
401832,Продукты питания,Заказчик_0130,560397578096,Электронный аукцион,2024-11-11,2024-11-24,13,3,Поставщик_0428,856790002133,486122.02,Итоги подведены,False
401833,Ремонт зданий,Заказчик_0089,395460786772,Из одного источника,2024-08-17,2024-08-26,9,3,Поставщик_0409,940213604856,6180909.69,Отменен,False
401834,Медицинское оборудование,Заказчик_0070,366888337780,Из одного источника,2025-02-24,2025-03-04,8,4,Поставщик_0636,644148931402,7007703.24,Итоги подведены,False
401835,Ремонт зданий,Заказчик_0139,584877345150,Электронный аукцион,2024-04-11,2024-04-24,13,1,Поставщик_0276,515090470547,5475376.83,Итоги подведены,False
401836,IT-услуги,Заказчик_0121,095952713783,Электронный аукцион,2024-08-27,2024-09-10,14,2,Поставщик_0082,626181711111,4473411.72,Завершен,False
401837,Мебель,Заказчик_0015,769043821442,Запрос ценовых предложений,2024-04-10,2024-04-24,14,1,Поставщик_0370,008318800461,1084511.72,Опубликован,False
401838,Ремонт зданий,Заказчик_0027,073988827188,Из одного источника по несостоявшимся закупкам,2024-12-27,2025-01-05,9,3,Поставщик_0310,750312639452,6307060.65,Завершен,False
401839,Охранные услуги,Заказчик_0077,634570271159,Из одного источника,2025-04-08,2025-04-16,8,4,Поставщик_0128,110621371287,1737527.92,Завершен,False
401840,IT-услуги,Заказчик_0053,105295618485,Электронный аукцион,2024-03-11,2024-03-20,9,4,Поставщик_0314,442712461000,5444278.79,Итоги подведены,False
401841,Ремонт зданий,Заказчик_0140,572961937397,Открытый конкурс,2023-06-07,2023-07-01,24,2,Поставщик_0113,007552236406,5181007.32,Завершен,False
401842,Транспортные услуги,Заказчик_0163,155720026558,Электронный аукцион,2023-02-11,2023-02-26,15,2,Поставщик_0258,877509845936,1154863.01,Завершен,False
401843,Транспортные услуги,Заказчик_0041,403641416035,Электронный аукцион,2025-04-02,2025-04-04,2,1,Поставщик_0588,727453636489,1216876.8,Итоги подведены,False
401844,Продукты питания,Заказчик_0102,747749566861,Запрос ценовых предложений,2024-11-03,2024-11-04,1,1,Поставщик_0746,277946131833,646528.11,Завершен,True
401845,Стройматериалы,Заказчик_0196,444633818661,Открытый конкурс,2025-03-24,2025-04-09,16,4,Поставщик_0686,637171490418,2788787.41,Итоги подведены,False
401846,Охранные услуги,Заказчик_0198,615372780181,Открытый конкурс,2024-02-29,2024-03-08,8,3,Поставщик_0563,314181945048,2101980.86,Опубликован,False
401847,Медицинское оборудование,Заказчик_0118,609055953469,Открытый конкурс,2024-03-30,2024-04-04,5,1,Поставщик_0684,527233135406,8203950.4,Завершен,False
401848,IT-услуги,Заказчик_0057,045227746976,Электронный аукцион,2024-11-03,2024-11-11,8,3,Поставщик_0600,570574392301,4361795.04,Итоги подведены,False
401849,Клининг,Заказчик_0128,840683305887,Из одного источника по несостоявшимся закупкам,2023-12-11,2023-12-29,18,5,Поставщик_0741,047238737564,615387.38,Опубликован,False
401850,Клининг,Заказчик_0070,366888337780,Запрос ценовых предложений,2023-07-21,2023-08-09,19,3,Поставщик_0429,862799779028,763788.35,Завершен,False
401851,Ремонт зданий,Заказчик_0103,043205340808,Открытый конкурс,2024-09-22,2024-10-01,9,3,Поставщик_0792,041878927631,5164689.85,Опубликован,False
401852,Стройматериалы,Заказчик_0025,958511387882,Из одного источника,2025-05-23,2025-06-03,11,3,Поставщик_0186,073848826607,3226473.73,Опубликован,False
401853,Транспортные услуги,Заказчик_0079,987998370546,Открытый конкурс,2025-06-14,2025-06-29,15,5,Поставщик_0767,597578096977,1041900.81,Завершен,False
401854,Медицинское оборудование,Заказчик_0063,541376725946,Из одного источника по несостоявшимся закупкам,2023-04-18,2023-04-30,12,2,Поставщик_0121,843351688152,7791041.7,Итоги подведены,False
401855,Продукты питания,Заказчик_0079,987998370546,Запрос ценовых предложений,2024-03-26,2024-04-09,14,2,Поставщик_0540,599038882189,501144.26,Завершен,False
401856,Канцелярские товары,Заказчик_0127,352249294184,Открытый конкурс,2025-05-25,2025-06-07,13,5,Поставщик_0730,344726620896,277869.17,Итоги подведены,False
401857,Клининг,Заказчик_0098,137588080098,Открытый конкурс,2024-01-17,2024-01-27,10,3,Поставщик_0059,487654415799,705511.53,Завершен,False
401858,Продукты питания,Заказчик_0178,823345926868,Открытый конкурс,2023-04-11,2023-04-23,12,2,Поставщик_0608,196632700250,473915.4,Завершен,False
401859,Мебель,Заказчик_0159,055513512505,Запрос ценовых предложений,2023-12-10,2023-12-23,13,5,Поставщик_0050,866108239013,1067819.83,Опубликован,False
401860,IT-услуги,Заказчик_0008,959807652614,Из одного источника,2023-03-11,2023-03-23,12,6,Поставщик_0214,459023304521,5206058.52,Завершен,False
401861,Охранные услуги,Заказчик_0029,639591919214,Открытый конкурс,2023-06-08,2023-06-23,15,3,Поставщик_0768,424876063568,1728309.44,Завершен,False
401862,Стройматериалы,Заказчик_0150,560471705949,Из одного источника по несостоявшимся закупкам,2024-10-07,2024-10-21,14,2,Поставщик_0780,091498516634,3223237.49,Завершен,False
401863,Ремонт зданий,Заказчик_0011,890407714528,Из одного источника по несостоявшимся закупкам,2024-11-26,2024-12-15,19,2,Поставщик_0107,130966453732,6367814.24,Итоги подведены,False
401864,Ремонт зданий,Заказчик_0039,704542495687,Из одного источника по несостоявшимся закупкам,2024-04-13,2024-04-24,11,1,Поставщик_0363,826646713440,6042766.29,Завершен,False
401865,Мебель,Заказчик_0192,709445965738,Из одного источника,2023-04-18,2023-05-05,17,2,Поставщик_0739,795163914900,966572.94,Завершен,False
401866,Стройматериалы,Заказчик_0148,216398982273,Запрос ценовых предложений,2024-07-19,2024-07-26,7,5,Поставщик_0651,338468137346,2799439.36,Завершен,False
401867,Клининг,Заказчик_0084,846650721507,Из одного источника по несостоявшимся закупкам,2023-09-06,2023-09-23,17,3,Поставщик_0009,805293930777,736667.99,Завершен,False
401868,Стройматериалы,Заказчик_0052,571247952112,Из одного источника,2023-01-06,2023-01-16,10,2,Поставщик_0348,238397186701,2680453.2,Завершен,False
401869,Клининг,Заказчик_0042,061403237378,Запрос ценовых предложений,2024-07-21,2024-08-01,11,2,Поставщик_0023,195771172870,609985.94,Завершен,False
401870,Медицинское оборудование,Заказчик_0142,197238572836,Электронный аукцион,2024-01-04,2024-01-13,9,1,Поставщик_0454,962676334080,7312411.41,Завершен,False
401871,Продукты питания,Заказчик_0120,174668074201,Открытый конкурс,2023-08-13,2023-08-24,11,7,Поставщик_0479,756235419844,465923.03,Завершен,False
401872,Продукты питания,Заказчик_0183,379370294394,Открытый конкурс,2024-10-05,2024-10-07,2,1,Поставщик_0221,526783920968,583305.21,Завершен,True
401873,Ремонт зданий,Заказчик_0007,329500167403,Запрос ценовых предложений,2024-12-17,2024-12-24,7,2,Поставщик_0524,751020189276,5742626.19,Завершен,False
401874,Мебель,Заказчик_0120,174668074201,Из одного источника,2023-10-09,2023-10-20,11,5,Поставщик_0158,941076970110,905651.63,Завершен,False
401875,Канцелярские товары,Заказчик_0173,212954133846,Запрос ценовых предложений,2025-06-05,2025-06-19,14,5,Поставщик_0776,349263125116,260595.32,Завершен,False
401876,Ремонт зданий,Заказчик_0064,196215509941,Электронный аукцион,2024-12-22,2024-12-31,9,5,Поставщик_0793,809281791467,5869633.76,Завершен,False
401877,Канцелярские товары,Заказчик_0124,308392990638,Электронный аукцион,2025-03-23,2025-04-04,12,5,Поставщик_0232,187367544659,261406.43,Опубликован,False
401878,Ремонт зданий,Заказчик_0143,957760497757,Из одного источника по несостоявшимся закупкам,2025-02-24,2025-03-10,14,1,Поставщик_0007,228960979981,5178457.54,Завершен,False
401879,IT-услуги,Заказчик_0140,572961937397,Открытый конкурс,2024-11-15,2024-11-26,11,1,Поставщик_0740,689804271765,4640054.22,Итоги подведены,False
401880,Транспортные услуги,Заказчик_0090,423440463190,Электронный аукцион,2024-09-09,2024-09-21,12,3,Поставщик_0512,110157263974,1050901.9,Опубликован,False
401881,Медицинское оборудование,Заказчик_0166,287356331623,Открытый конкурс,2024-01-11,2024-01-16,5,1,Поставщик_0300,493259571075,7086487.77,Завершен,False
401882,Медицинское оборудование,Заказчик_0054,441094840601,Из одного источника по несостоявшимся закупкам,2024-03-24,2024-04-08,15,1,Поставщик_0190,906433503969,8271090.2,Завершен,False
401883,Стройматериалы,Заказчик_0100,825533331515,Запрос ценовых предложений,2023-06-08,2023-06-13,5,4,Поставщик_0393,448321011203,3262995.2,Завершен,False
401884,Ремонт зданий,Заказчик_0141,155013446536,Электронный аукцион,2024-05-25,2024-06-02,8,5,Поставщик_0466,194810172946,6140257.89,Завершен,False
401885,Охранные услуги,Заказчик_0005,965687203229,Электронный аукцион,2023-09-06,2023-09-17,11,5,Поставщик_0453,267596208325,1801152.52,Завершен,False
401886,Транспортные услуги,Заказчик_0016,294850989981,Электронный аукцион,2024-04-27,2024-05-11,14,5,Поставщик_0706,126245364680,1270270.56,Завершен,False
401887,Мебель,Заказчик_0093,375889866098,Запрос ценовых предложений,2023-05-19,2023-05-28,9,3,Поставщик_0145,450106962395,970805.47,Опубликован,False
401888,Продукты питания,Заказчик_0188,511393683388,Открытый конкурс,2024-12-25,2024-12-26,1,5,Поставщик_0416,560588412973,437964.55,Итоги подведены,False
401889,Медицинское оборудование,Заказчик_0099,557410386890,Открытый конкурс,2023-11-27,2023-12-03,6,3,Поставщик_0491,158112158095,7247379.58,Итоги подведены,False
401890,Канцелярские товары,Заказчик_0050,074766470263,Электронный аукцион,2024-08-11,2024-08-16,5,3,Поставщик_0664,021248299796,291708.89,Завершен,False
401891,IT-услуги,Заказчик_0040,303789475622,Открытый конкурс,2023-08-31,2023-09-16,16,5,Поставщик_0216,992635931556,5350001.88,Итоги подведены,False
401892,Стройматериалы,Заказчик_0158,456227804705,Электронный аукцион,2024-04-26,2024-05-02,6,1,Поставщик_0227,652331722063,3241354.32,Завершен,False
401893,IT-услуги,Заказчик_0138,309592304864,Из одного источника по несостоявшимся закупкам,2024-01-13,2024-01-22,9,4,Поставщик_0515,994600436234,4785463.34,Опубликован,False
401894,Продукты питания,Заказчик_0002,930086875935,Электронный аукцион,2023-01-09,2023-02-01,23,3,Поставщик_0109,598906496696,446477.41,Итоги подведены,False
401895,Мебель,Заказчик_0019,190156218256,Из одного источника по несостоявшимся закупкам,2023-08-03,2023-08-08,5,5,Поставщик_0323,852094270803,1074856.18,Итоги подведены,False
401896,Продукты питания,Заказчик_0037,867585874226,Открытый конкурс,2024-10-14,2024-10-24,10,1,Поставщик_0072,965888101287,447743.48,Завершен,False
401897,Транспортные услуги,Заказчик_0195,530149191342,Из одного источника по несостоявшимся закупкам,2023-05-19,2023-05-28,9,3,Поставщик_0563,314181945048,1254977.31,Отменен,False
401898,IT-услуги,Заказчик_0103,043205340808,Запрос ценовых предложений,2023-01-31,2023-02-11,11,3,Поставщик_0250,609694983206,4982041.11,Завершен,False
401899,Мебель,Заказчик_0084,846650721507,Открытый конкурс,2024-11-28,2024-12-10,12,4,Поставщик_0563,314181945048,867972.08,Опубликован,False
401900,Продукты питания,Заказчик_0083,349806593311,Открытый конкурс,2023-01-04,2023-01-10,6,1,Поставщик_0121,843351688152,499001.0,Итоги подведены,False
401901,IT-услуги,Заказчик_0127,352249294184,Электронный аукцион,2023-07-21,2023-08-04,14,6,Поставщик_0787,912415283490,5061218.73,Отменен,False
401902,Охранные услуги,Заказчик_0129,967512170538,Из одного источника по несостоявшимся закупкам,2025-01-01,2025-01-11,10,6,Поставщик_0599,267317822732,2018808.73,Итоги подведены,False
401903,Стройматериалы,Заказчик_0081,893419340814,Электронный аукцион,2024-09-06,2024-09-18,12,3,Поставщик_0565,950808586644,2726847.31,Завершен,False
401904,Стройматериалы,Заказчик_0035,461642607714,Электронный аукцион,2025-03-18,2025-04-04,17,5,Поставщик_0078,631351822753,3280679.24,Итоги подведены,False
401905,Охранные услуги,Заказчик_0084,846650721507,Из одного источника по несостоявшимся закупкам,2024-08-08,2024-08-17,9,2,Поставщик_0137,267474352337,1972266.1,Завершен,False
401906,Транспортные услуги,Заказчик_0195,530149191342,Запрос ценовых предложений,2024-12-07,2024-12-15,8,3,Поставщик_0518,373753623817,1068898.28,Опубликован,False
401907,Транспортные услуги,Заказчик_0066,882749582259,Открытый конкурс,2025-01-28,2025-02-05,8,5,Поставщик_0654,255547850454,1232012.75,Опубликован,False
401908,Мебель,Заказчик_0118,609055953469,Открытый конкурс,2025-04-21,2025-04-24,3,3,Поставщик_0751,018095025545,1052027.37,Завершен,False
401909,Медицинское оборудование,Заказчик_0075,929625670649,Из одного источника по несостоявшимся закупкам,2025-02-27,2025-03-12,13,1,Поставщик_0445,688678330077,8486057.44,Итоги подведены,False
401910,Транспортные услуги,Заказчик_0197,921159241640,Открытый конкурс,2023-11-06,2023-11-08,2,1,Поставщик_0791,984190253969,1083896.29,Завершен,False
401911,Медицинское оборудование,Заказчик_0009,498251982661,Электронный аукцион,2023-09-17,2023-09-21,4,1,Поставщик_0029,042388906871,9717351.4,Опубликован,True
401912,Канцелярские товары,Заказчик_0015,769043821442,Из одного источника по несостоявшимся закупкам,2024-12-08,2024-12-24,16,7,Поставщик_0474,581416227604,261312.15,Завершен,False
401913,Ремонт зданий,Заказчик_0067,415355431652,Из одного источника по несостоявшимся закупкам,2023-01-30,2023-02-03,4,3,Поставщик_0492,354903957645,6420873.71,Завершен,False
401914,Канцелярские товары,Заказчик_0123,706853063646,Запрос ценовых предложений,2024-03-19,2024-03-26,7,5,Поставщик_0062,246081948246,284311.14,Завершен,False
401915,Охранные услуги,Заказчик_0081,893419340814,Электронный аукцион,2023-01-01,2023-01-13,12,2,Поставщик_0233,338574752609,1821356.79,Завершен,False
401916,Медицинское оборудование,Заказчик_0113,268518827291,Открытый конкурс,2023-04-18,2023-04-27,9,1,Поставщик_0074,485908583208,7813364.74,Итоги подведены,False
401917,Клининг,Заказчик_0083,349806593311,Запрос ценовых предложений,2024-06-03,2024-06-15,12,1,Поставщик_0687,475324296563,631004.34,Завершен,False
401918,Продукты питания,Заказчик_0041,403641416035,Запрос ценовых предложений,2023-05-11,2023-05-20,9,4,Поставщик_0340,189829966991,450327.76,Завершен,False
401919,Ремонт зданий,Заказчик_0175,560089674827,Электронный аукцион,2024-09-24,2024-10-06,12,4,Поставщик_0151,625246342738,6170629.68,Итоги подведены,False
401920,Медицинское оборудование,Заказчик_0142,197238572836,Электронный аукцион,2024-10-29,2024-11-09,11,1,Поставщик_0307,993157250502,7917815.27,Отменен,False
401921,Охранные услуги,Заказчик_0106,132435760062,Электронный аукцион,2024-08-13,2024-08-21,8,3,Поставщик_0139,719001940200,1971023.71,Опубликован,False
401922,Ремонт зданий,Заказчик_0174,628964171749,Открытый конкурс,2023-09-19,2023-09-26,7,2,Поставщик_0489,645009718055,5918529.6,Итоги подведены,False
401923,Канцелярские товары,Заказчик_0086,600723107574,Открытый конкурс,2024-08-20,2024-09-03,14,3,Поставщик_0561,937134461636,284291.77,Отменен,False
401924,Ремонт зданий,Заказчик_0121,095952713783,Электронный аукцион,2023-03-15,2023-04-01,17,4,Поставщик_0141,820552102019,5552902.53,Завершен,False
401925,Медицинское оборудование,Заказчик_0055,539176725448,Из одного источника по несостоявшимся закупкам,2023-12-06,2023-12-24,18,2,Поставщик_0441,249590173425,8292283.56,Итоги подведены,False
401926,Охранные услуги,Заказчик_0155,850611322279,Открытый конкурс,2024-08-15,2024-09-05,21,2,Поставщик_0687,475324296563,2195012.46,Завершен,False
401927,IT-услуги,Заказчик_0132,113739882651,Из одного источника,2023-11-12,2023-11-13,1,5,Поставщик_0535,861556163831,4777937.34,Отменен,False
401928,Мебель,Заказчик_0173,212954133846,Открытый конкурс,2023-11-11,2023-11-22,11,2,Поставщик_0058,496829903332,1000871.11,Завершен,False
401929,Транспортные услуги,Заказчик_0199,342856565386,Открытый конкурс,2023-09-08,2023-09-09,1,1,Поставщик_0259,469059047610,1609125.55,Итоги подведены,True
401930,Клининг,Заказчик_0154,114217757188,Из одного источника по несостоявшимся закупкам,2024-01-08,2024-01-12,4,1,Поставщик_0442,406737830193,903755.41,Завершен,True
401931,Стройматериалы,Заказчик_0083,349806593311,Запрос ценовых предложений,2023-02-23,2023-03-07,12,8,Поставщик_0460,409351429754,3036211.49,Завершен,False
401932,IT-услуги,Заказчик_0198,615372780181,Открытый конкурс,2023-10-09,2023-10-20,11,3,Поставщик_0196,533133629586,5193661.81,Завершен,False
401933,Транспортные услуги,Заказчик_0105,101837512445,Электронный аукцион,2024-10-26,2024-11-10,15,4,Поставщик_0754,155928225349,1057948.31,Завершен,False
401934,Мебель,Заказчик_0118,609055953469,Электронный аукцион,2025-01-12,2025-01-26,14,6,Поставщик_0347,110188792867,1042177.73,Завершен,False
401935,Медицинское оборудование,Заказчик_0111,446242745384,Из одного источника по несостоявшимся закупкам,2023-05-23,2023-05-31,8,4,Поставщик_0600,570574392301,8273767.81,Итоги подведены,False
401936,Продукты питания,Заказчик_0061,915640336836,Из одного источника по несостоявшимся закупкам,2024-08-06,2024-08-18,12,2,Поставщик_0539,835456772090,508318.31,Завершен,False
401937,Медицинское оборудование,Заказчик_0122,138783944958,Открытый конкурс,2024-10-17,2024-10-26,9,5,Поставщик_0412,606523072560,7363017.82,Итоги подведены,False
401938,Медицинское оборудование,Заказчик_0116,028575123047,Запрос ценовых предложений,2024-10-04,2024-10-16,12,2,Поставщик_0184,103135280397,7654273.95,Опубликован,False
401939,Медицинское оборудование,Заказчик_0044,011652671671,Из одного источника,2025-03-16,2025-03-21,5,3,Поставщик_0150,536196460253,7744379.99,Завершен,False
401940,Стройматериалы,Заказчик_0194,940255554375,Открытый конкурс,2023-04-12,2023-04-19,7,4,Поставщик_0475,719972248115,3076192.46,Итоги подведены,False
401941,Охранные услуги,Заказчик_0109,331294210817,Запрос ценовых предложений,2024-10-19,2024-11-04,16,1,Поставщик_0503,457459864697,2048526.89,Завершен,False
401942,Медицинское оборудование,Заказчик_0014,219547810444,Из одного источника по несостоявшимся закупкам,2023-11-06,2023-11-15,9,2,Поставщик_0161,496156655633,8013932.93,Завершен,False
401943,Клининг,Заказчик_0095,724337750016,Открытый конкурс,2025-03-13,2025-04-02,20,1,Поставщик_0274,413867661980,709737.45,Итоги подведены,False
401944,Ремонт зданий,Заказчик_0147,252922273397,Запрос ценовых предложений,2024-04-15,2024-04-18,3,2,Поставщик_0033,459232116860,5314233.92,Завершен,False
401945,Стройматериалы,Заказчик_0108,933786876564,Из одного источника,2024-05-30,2024-06-17,18,3,Поставщик_0008,827876452446,3030575.07,Завершен,False
401946,Медицинское оборудование,Заказчик_0047,881968747928,Открытый конкурс,2025-04-12,2025-04-29,17,7,Поставщик_0184,103135280397,7872124.22,Итоги подведены,False
401947,Мебель,Заказчик_0140,572961937397,Открытый конкурс,2024-06-01,2024-06-20,19,4,Поставщик_0272,730783244819,888932.99,Завершен,False
401948,Ремонт зданий,Заказчик_0068,707783689405,Электронный аукцион,2023-08-07,2023-08-19,12,4,Поставщик_0079,893931994271,5487594.4,Опубликован,False
401949,Клининг,Заказчик_0006,836394225258,Из одного источника по несостоявшимся закупкам,2023-08-17,2023-08-28,11,3,Поставщик_0461,666972086666,611645.51,Завершен,False
401950,Продукты питания,Заказчик_0055,539176725448,Из одного источника по несостоявшимся закупкам,2024-12-25,2025-01-08,14,1,Поставщик_0082,626181711111,533870.51,Завершен,False
401951,Канцелярские товары,Заказчик_0114,492430052930,Из одного источника по несостоявшимся закупкам,2025-05-25,2025-05-29,4,3,Поставщик_0040,132870957991,273278.33,Итоги подведены,False
401952,Продукты питания,Заказчик_0008,959807652614,Открытый конкурс,2023-02-05,2023-02-12,7,6,Поставщик_0203,070247970998,450704.83,Завершен,False
401953,Ремонт зданий,Заказчик_0117,419505214624,Открытый конкурс,2024-12-03,2024-12-09,6,3,Поставщик_0385,494981171781,5709339.92,Завершен,False
401954,Стройматериалы,Заказчик_0112,839942359881,Открытый конкурс,2023-08-15,2023-08-17,2,1,Поставщик_0336,874088944878,3567714.89,Завершен,True
401955,Канцелярские товары,Заказчик_0142,197238572836,Открытый конкурс,2025-03-31,2025-04-11,11,3,Поставщик_0227,652331722063,277333.37,Отменен,False
401956,Продукты питания,Заказчик_0189,913923992645,Электронный аукцион,2024-07-06,2024-07-19,13,5,Поставщик_0332,411942543934,438436.15,Завершен,False
401957,Медицинское оборудование,Заказчик_0089,395460786772,Запрос ценовых предложений,2023-12-31,2024-01-09,9,3,Поставщик_0627,512422188156,8190826.83,Итоги подведены,False
401958,Клининг,Заказчик_0083,349806593311,Открытый конкурс,2023-08-29,2023-09-03,5,1,Поставщик_0618,401498858686,597725.65,Завершен,False
401959,Мебель,Заказчик_0057,045227746976,Открытый конкурс,2024-02-27,2024-03-20,22,3,Поставщик_0717,679611243642,976151.32,Завершен,False
401960,Охранные услуги,Заказчик_0046,178619734353,Электронный аукцион,2024-06-21,2024-07-02,11,5,Поставщик_0089,402376755963,1947709.81,Завершен,False
401961,Мебель,Заказчик_0030,736535270957,Из одного источника по несостоявшимся закупкам,2023-10-30,2023-11-10,11,3,Поставщик_0227,652331722063,989638.2,Завершен,False
401962,Продукты питания,Заказчик_0076,276366676869,Из одного источника,2023-08-27,2023-09-16,20,2,Поставщик_0576,451280438340,504470.52,Итоги подведены,False
401963,Продукты питания,Заказчик_0032,421496963502,Из одного источника по несостоявшимся закупкам,2025-04-19,2025-05-04,15,6,Поставщик_0735,849125341936,458195.63,Завершен,False
401964,Ремонт зданий,Заказчик_0165,105707422805,Электронный аукцион,2024-05-02,2024-05-04,2,1,Поставщик_0645,945551379107,8615496.69,Итоги подведены,True
401965,Клининг,Заказчик_0164,232971847802,Электронный аукцион,2023-11-30,2023-12-10,10,2,Поставщик_0210,181743746112,643550.95,Завершен,False
401966,IT-услуги,Заказчик_0159,055513512505,Запрос ценовых предложений,2024-07-25,2024-08-08,14,5,Поставщик_0600,570574392301,4717143.76,Завершен,False
401967,Охранные услуги,Заказчик_0185,103321145403,Открытый конкурс,2024-08-01,2024-08-12,11,1,Поставщик_0559,063934408962,1835558.05,Завершен,False
401968,Продукты питания,Заказчик_0107,769835139635,Запрос ценовых предложений,2024-02-02,2024-02-08,6,4,Поставщик_0771,687593322342,541224.05,Завершен,False
401969,Продукты питания,Заказчик_0043,200593676791,Открытый конкурс,2025-04-20,2025-05-12,22,3,Поставщик_0010,463052422835,430251.26,Завершен,False
401970,Стройматериалы,Заказчик_0144,516681609103,Из одного источника,2024-09-18,2024-09-30,12,2,Поставщик_0175,108727653545,3249332.42,Завершен,False
401971,Медицинское оборудование,Заказчик_0047,881968747928,Из одного источника по несостоявшимся закупкам,2024-10-01,2024-10-10,9,1,Поставщик_0380,205571075277,6954688.0,Итоги подведены,False
401972,IT-услуги,Заказчик_0060,098599620746,Запрос ценовых предложений,2023-06-15,2023-06-27,12,3,Поставщик_0286,363568431712,5017257.43,Завершен,False
401973,Мебель,Заказчик_0008,959807652614,Запрос ценовых предложений,2024-05-25,2024-06-07,13,2,Поставщик_0177,586572360924,892977.17,Итоги подведены,False
401974,Транспортные услуги,Заказчик_0049,308127387209,Открытый конкурс,2023-06-26,2023-07-15,19,1,Поставщик_0177,586572360924,1252482.13,Опубликован,False
401975,Медицинское оборудование,Заказчик_0062,298543394596,Электронный аукцион,2023-04-17,2023-05-05,18,3,Поставщик_0041,628909287388,7427056.66,Завершен,False
401976,Транспортные услуги,Заказчик_0166,287356331623,Из одного источника по несостоявшимся закупкам,2024-02-15,2024-03-02,16,5,Поставщик_0352,598108649509,1287840.19,Итоги подведены,False
401977,Продукты питания,Заказчик_0029,639591919214,Запрос ценовых предложений,2024-09-10,2024-09-26,16,3,Поставщик_0746,277946131833,503103.45,Завершен,False
401978,Транспортные услуги,Заказчик_0072,072315571086,Электронный аукцион,2024-02-05,2024-02-19,14,3,Поставщик_0735,849125341936,1237500.36,Завершен,False
401979,Продукты питания,Заказчик_0057,045227746976,Из одного источника по несостоявшимся закупкам,2023-09-01,2023-09-13,12,5,Поставщик_0594,125587341592,427774.12,Завершен,False
401980,Клининг,Заказчик_0143,957760497757,Открытый конкурс,2023-07-04,2023-07-24,20,3,Поставщик_0213,829041666571,683166.17,Завершен,False
401981,Канцелярские товары,Заказчик_0049,308127387209,Из одного источника по несостоявшимся закупкам,2023-09-15,2023-09-18,3,4,Поставщик_0301,886366058053,270342.74,Итоги подведены,False
401982,Ремонт зданий,Заказчик_0041,403641416035,Запрос ценовых предложений,2024-02-02,2024-02-18,16,1,Поставщик_0135,014282841775,5215486.21,Опубликован,False
401983,Клининг,Заказчик_0006,836394225258,Электронный аукцион,2023-03-30,2023-04-06,7,5,Поставщик_0764,707738948144,651601.94,Итоги подведены,False
401984,Канцелярские товары,Заказчик_0031,763063387334,Открытый конкурс,2024-01-28,2024-02-07,10,5,Поставщик_0275,849582772358,290637.99,Итоги подведены,False
401985,Стройматериалы,Заказчик_0041,403641416035,Из одного источника по несостоявшимся закупкам,2024-11-17,2024-11-27,10,4,Поставщик_0058,496829903332,2729975.65,Завершен,False
401986,Транспортные услуги,Заказчик_0192,709445965738,Запрос ценовых предложений,2023-07-19,2023-07-26,7,2,Поставщик_0320,336265903303,1310326.34,Итоги подведены,False
401987,Мебель,Заказчик_0153,051929549841,Запрос ценовых предложений,2025-04-04,2025-04-22,18,4,Поставщик_0057,866171998149,1032957.85,Завершен,False
401988,Канцелярские товары,Заказчик_0127,352249294184,Электронный аукцион,2023-09-22,2023-10-02,10,1,Поставщик_0077,930130381662,259645.43,Завершен,False
401989,IT-услуги,Заказчик_0150,560471705949,Электронный аукцион,2023-07-01,2023-07-10,9,2,Поставщик_0163,994042203453,4336919.33,Опубликован,False
401990,Продукты питания,Заказчик_0098,137588080098,Открытый конкурс,2025-01-07,2025-01-13,6,2,Поставщик_0793,809281791467,434768.66,Итоги подведены,False
401991,Стройматериалы,Заказчик_0144,516681609103,Открытый конкурс,2024-03-25,2024-04-12,18,3,Поставщик_0458,517244360141,3020759.58,Завершен,False
401992,Стройматериалы,Заказчик_0150,560471705949,Открытый конкурс,2024-11-03,2024-11-15,12,2,Поставщик_0405,385456565010,3151987.45,Завершен,False
401993,Канцелярские товары,Заказчик_0025,958511387882,Электронный аукцион,2024-03-02,2024-03-04,2,5,Поставщик_0237,009412350783,313999.1,Итоги подведены,False
401994,Медицинское оборудование,Заказчик_0108,933786876564,Из одного источника по несостоявшимся закупкам,2025-05-11,2025-06-02,22,5,Поставщик_0280,087096813631,8010636.45,Завершен,False
401995,Медицинское оборудование,Заказчик_0170,681775483909,Из одного источника по несостоявшимся закупкам,2024-01-18,2024-01-26,8,2,Поставщик_0644,384477013768,8178888.43,Итоги подведены,False
401996,IT-услуги,Заказчик_0098,137588080098,Открытый конкурс,2024-07-27,2024-08-05,9,4,Поставщик_0145,450106962395,4384965.27,Итоги подведены,False
401997,Мебель,Заказчик_0108,933786876564,Открытый конкурс,2023-12-16,2024-01-06,21,3,Поставщик_0784,301110713543,851565.01,Завершен,False
401998,Продукты питания,Заказчик_0146,531933776661,Запрос ценовых предложений,2024-10-09,2024-10-12,3,1,Поставщик_0299,615581038112,594257.67,Итоги подведены,True
401999,IT-услуги,Заказчик_0080,658912085920,Из одного источника по несостоявшимся закупкам,2023-04-18,2023-05-05,17,3,Поставщик_0276,515090470547,5487061.81,Опубликован,False
402000,Медицинское оборудование,Заказчик_0180,050288400985,Открытый конкурс,2024-03-31,2024-04-19,19,4,Поставщик_0362,693663310109,8021663.8,Завершен,False
402001,Транспортные услуги,Заказчик_0090,423440463190,Открытый конкурс,2024-02-26,2024-03-08,11,1,Поставщик_0096,934771498574,1269243.43,Завершен,False
402002,Медицинское оборудование,Заказчик_0025,958511387882,Запрос ценовых предложений,2023-01-29,2023-02-08,10,2,Поставщик_0107,130966453732,7932502.53,Завершен,False
402003,Продукты питания,Заказчик_0132,113739882651,Из одного источника по несостоявшимся закупкам,2023-12-11,2023-12-24,13,5,Поставщик_0496,641940601150,425286.19,Итоги подведены,False
402004,Охранные услуги,Заказчик_0163,155720026558,Открытый конкурс,2024-10-27,2024-11-09,13,1,Поставщик_0477,658821007971,2030508.93,Завершен,False
402005,Медицинское оборудование,Заказчик_0095,724337750016,Запрос ценовых предложений,2025-01-14,2025-01-31,17,2,Поставщик_0257,169627955944,8533822.18,Итоги подведены,False
402006,Медицинское оборудование,Заказчик_0023,152672624980,Электронный аукцион,2024-10-13,2024-10-28,15,4,Поставщик_0241,316582545395,8050294.43,Итоги подведены,False
402007,IT-услуги,Заказчик_0160,845404873875,Из одного источника по несостоявшимся закупкам,2024-12-04,2024-12-09,5,1,Поставщик_0467,681232354610,6843141.68,Итоги подведены,True
402008,Стройматериалы,Заказчик_0151,841936905579,Открытый конкурс,2023-03-01,2023-03-10,9,6,Поставщик_0007,228960979981,2951729.43,Завершен,False
402009,Клининг,Заказчик_0123,706853063646,Электронный аукцион,2023-04-28,2023-05-07,9,3,Поставщик_0441,249590173425,624336.35,Завершен,False
402010,Ремонт зданий,Заказчик_0147,252922273397,Открытый конкурс,2023-01-07,2023-01-12,5,5,Поставщик_0213,829041666571,5722925.29,Итоги подведены,False
402011,Медицинское оборудование,Заказчик_0150,560471705949,Запрос ценовых предложений,2024-10-08,2024-10-15,7,1,Поставщик_0571,885399291688,7009504.05,Завершен,False
402012,Стройматериалы,Заказчик_0091,800785553136,Из одного источника по несостоявшимся закупкам,2024-06-15,2024-06-23,8,4,Поставщик_0058,496829903332,2838976.91,Завершен,False
402013,Охранные услуги,Заказчик_0183,379370294394,Электронный аукцион,2024-05-04,2024-05-06,2,1,Поставщик_0221,526783920968,2860352.73,Завершен,True
402014,Продукты питания,Заказчик_0133,355191676858,Электронный аукцион,2025-02-08,2025-02-13,5,1,Поставщик_0422,801971335920,670726.37,Итоги подведены,True
402015,Клининг,Заказчик_0135,486200442637,Открытый конкурс,2024-07-12,2024-08-01,20,3,Поставщик_0756,517725351365,685046.55,Завершен,False
402016,Транспортные услуги,Заказчик_0179,703500144758,Электронный аукцион,2024-06-17,2024-07-02,15,1,Поставщик_0489,645009718055,1109543.54,Завершен,False
402017,Медицинское оборудование,Заказчик_0004,633229661713,Запрос ценовых предложений,2025-04-17,2025-04-29,12,1,Поставщик_0272,730783244819,7167123.09,Завершен,False
402018,Медицинское оборудование,Заказчик_0168,413748378959,Запрос ценовых предложений,2025-01-30,2025-02-13,14,1,Поставщик_0172,067712977841,8727833.76,Завершен,False
402019,Канцелярские товары,Заказчик_0199,342856565386,Запрос ценовых предложений,2023-12-30,2023-12-31,1,1,Поставщик_0259,469059047610,390942.0,Завершен,True
402020,Мебель,Заказчик_0100,825533331515,Открытый конкурс,2023-06-04,2023-06-08,4,1,Поставщик_0026,859743472035,1383017.83,Завершен,True
402021,Транспортные услуги,Заказчик_0002,930086875935,Из одного источника по несостоявшимся закупкам,2024-10-25,2024-11-12,18,6,Поставщик_0546,843681861106,1026843.47,Завершен,False
402022,Ремонт зданий,Заказчик_0043,200593676791,Из одного источника по несостоявшимся закупкам,2023-12-13,2023-12-19,6,2,Поставщик_0307,993157250502,5376364.22,Завершен,False
402023,Клининг,Заказчик_0105,101837512445,Открытый конкурс,2025-01-14,2025-01-28,14,3,Поставщик_0778,818114369237,743738.99,Завершен,False
402024,Медицинское оборудование,Заказчик_0165,105707422805,Открытый конкурс,2024-04-28,2024-05-11,13,2,Поставщик_0173,631844261137,7269204.6,Итоги подведены,False
402025,Канцелярские товары,Заказчик_0070,366888337780,Открытый конкурс,2023-04-27,2023-05-09,12,3,Поставщик_0583,869301373063,299702.08,Завершен,False
402026,Мебель,Заказчик_0002,930086875935,Из одного источника по несостоявшимся закупкам,2024-08-01,2024-08-15,14,1,Поставщик_0620,463614404503,1038292.1,Итоги подведены,False
402027,Ремонт зданий,Заказчик_0100,825533331515,Открытый конкурс,2023-06-16,2023-06-19,3,1,Поставщик_0026,859743472035,8661154.48,Опубликован,True
402028,Ремонт зданий,Заказчик_0102,747749566861,Открытый конкурс,2023-01-27,2023-02-05,9,4,Поставщик_0350,881081152855,5713882.6,Итоги подведены,False
402029,Продукты питания,Заказчик_0148,216398982273,Электронный аукцион,2023-11-16,2023-11-27,11,1,Поставщик_0198,662219935215,491704.95,Завершен,False
402030,Охранные услуги,Заказчик_0072,072315571086,Запрос ценовых предложений,2024-12-31,2025-01-12,12,6,Поставщик_0019,918536797002,1946781.84,Итоги подведены,False
402031,Мебель,Заказчик_0019,190156218256,Открытый конкурс,2024-01-07,2024-01-16,9,5,Поставщик_0778,818114369237,988624.12,Опубликован,False
402032,Канцелярские товары,Заказчик_0062,298543394596,Электронный аукцион,2023-12-13,2023-12-21,8,3,Поставщик_0205,587548095375,296087.59,Завершен,False
402033,Медицинское оборудование,Заказчик_0034,638762102480,Открытый конкурс,2024-08-12,2024-08-27,15,6,Поставщик_0474,581416227604,7020782.47,Опубликован,False
402034,Мебель,Заказчик_0056,936679226110,Электронный аукцион,2023-09-07,2023-09-08,1,1,Поставщик_0005,294384972853,928200.03,Завершен,False
402035,Ремонт зданий,Заказчик_0005,965687203229,Из одного источника,2023-08-01,2023-08-11,10,4,Поставщик_0147,969417822261,6420679.05,Завершен,False
402036,Продукты питания,Заказчик_0082,679471404490,Электронный аукцион,2023-08-13,2023-08-14,1,1,Поставщик_0409,940213604856,475827.45,Завершен,False
402037,Ремонт зданий,Заказчик_0014,219547810444,Электронный аукцион,2024-11-16,2024-11-30,14,1,Поставщик_0446,932049316287,5797352.56,Итоги подведены,False
402038,Ремонт зданий,Заказчик_0072,072315571086,Открытый конкурс,2023-06-06,2023-06-23,17,3,Поставщик_0538,464738624455,5608358.89,Итоги подведены,False
402039,Транспортные услуги,Заказчик_0002,930086875935,Открытый конкурс,2023-02-12,2023-02-25,13,5,Поставщик_0333,698937809686,1206830.65,Завершен,False
402040,Медицинское оборудование,Заказчик_0051,545473722111,Открытый конкурс,2024-09-05,2024-09-06,1,6,Поставщик_0092,424848414614,6807438.85,Завершен,False
402041,Ремонт зданий,Заказчик_0168,413748378959,Открытый конкурс,2023-07-19,2023-08-07,19,8,Поставщик_0228,414610415586,6082414.93,Завершен,False
402042,Канцелярские товары,Заказчик_0050,074766470263,Из одного источника по несостоявшимся закупкам,2023-09-05,2023-09-15,10,2,Поставщик_0117,937934651281,293552.69,Опубликован,False
402043,Мебель,Заказчик_0066,882749582259,Открытый конкурс,2023-01-10,2023-01-20,10,7,Поставщик_0095,925701177161,887856.85,Отменен,False
402044,IT-услуги,Заказчик_0035,461642607714,Из одного источника,2024-11-07,2024-11-16,9,1,Поставщик_0732,490954291680,5222527.84,Опубликован,False
402045,Транспортные услуги,Заказчик_0070,366888337780,Из одного источника по несостоявшимся закупкам,2024-05-31,2024-06-15,15,2,Поставщик_0294,807498289481,1248110.28,Завершен,False
402046,Канцелярские товары,Заказчик_0117,419505214624,Открытый конкурс,2023-03-10,2023-03-14,4,1,Поставщик_0101,134564782885,347008.73,Итоги подведены,True
402047,Клининг,Заказчик_0092,787963526218,Электронный аукцион,2023-06-26,2023-07-08,12,5,Поставщик_0430,744564571327,684244.73,Итоги подведены,False
402048,Продукты питания,Заказчик_0108,933786876564,Из одного источника по несостоявшимся закупкам,2025-03-04,2025-03-26,22,3,Поставщик_0213,829041666571,439132.42,Итоги подведены,False
402049,Мебель,Заказчик_0074,356428134255,Открытый конкурс,2024-02-10,2024-02-19,9,1,Поставщик_0046,697251361799,878946.61,Итоги подведены,False
402050,Ремонт зданий,Заказчик_0017,424039274499,Электронный аукцион,2023-05-08,2023-05-24,16,1,Поставщик_0348,238397186701,6371804.11,Завершен,False
402051,Клининг,Заказчик_0112,839942359881,Открытый конкурс,2023-02-25,2023-03-04,7,1,Поставщик_0336,874088944878,969460.76,Итоги подведены,True
402052,Мебель,Заказчик_0157,319262117645,Запрос ценовых предложений,2025-04-07,2025-04-15,8,6,Поставщик_0176,636150818240,871135.62,Завершен,False
402053,Медицинское оборудование,Заказчик_0010,757503098830,Из одного источника по несостоявшимся закупкам,2024-10-13,2024-10-16,3,1,Поставщик_0185,771865953750,9420045.61,Завершен,True
402054,IT-услуги,Заказчик_0068,707783689405,Из одного источника по несостоявшимся закупкам,2025-02-09,2025-02-18,9,3,Поставщик_0079,893931994271,4754311.85,Итоги подведены,False
402055,Медицинское оборудование,Заказчик_0056,936679226110,Открытый конкурс,2023-01-22,2023-02-04,13,2,Поставщик_0438,103859845728,7822646.31,Итоги подведены,False
402056,Канцелярские товары,Заказчик_0128,840683305887,Из одного источника по несостоявшимся закупкам,2024-11-15,2024-12-01,16,6,Поставщик_0586,849411335268,288812.61,Завершен,False
402057,Мебель,Заказчик_0194,940255554375,Из одного источника,2024-09-01,2024-09-09,8,1,Поставщик_0169,594633609526,1014753.16,Завершен,False
402058,IT-услуги,Заказчик_0197,921159241640,Электронный аукцион,2024-06-29,2024-07-12,13,6,Поставщик_0763,112102572520,4331286.25,Завершен,False
402059,Медицинское оборудование,Заказчик_0107,769835139635,Запрос ценовых предложений,2023-08-12,2023-08-16,4,1,Поставщик_0685,775363758901,9531673.25,Завершен,True
402060,Медицинское оборудование,Заказчик_0050,074766470263,Электронный аукцион,2023-04-03,2023-04-11,8,2,Поставщик_0751,018095025545,7521790.18,Итоги подведены,False
402061,Стройматериалы,Заказчик_0167,098964499673,Открытый конкурс,2024-07-02,2024-07-16,14,1,Поставщик_0003,007225147751,2680694.94,Завершен,False
402062,Канцелярские товары,Заказчик_0128,840683305887,Из одного источника по несостоявшимся закупкам,2024-02-29,2024-03-09,9,2,Поставщик_0640,650976221927,310279.9,Итоги подведены,False
402063,Охранные услуги,Заказчик_0189,913923992645,Из одного источника,2023-04-15,2023-04-25,10,3,Поставщик_0178,808059437820,1821880.26,Опубликован,False
402064,IT-услуги,Заказчик_0060,098599620746,Электронный аукцион,2024-06-24,2024-07-12,18,6,Поставщик_0604,789516709861,4472496.07,Завершен,False
402065,Продукты питания,Заказчик_0148,216398982273,Из одного источника по несостоявшимся закупкам,2023-12-14,2023-12-28,14,6,Поставщик_0488,046505527714,462674.25,Завершен,False
402066,IT-услуги,Заказчик_0172,325409489345,Электронный аукцион,2024-08-31,2024-09-13,13,2,Поставщик_0312,014519909359,5293679.17,Завершен,False
402067,Ремонт зданий,Заказчик_0188,511393683388,Открытый конкурс,2023-04-17,2023-05-02,15,2,Поставщик_0227,652331722063,6427280.85,Завершен,False
402068,Клининг,Заказчик_0067,415355431652,Открытый конкурс,2023-05-03,2023-05-15,12,3,Поставщик_0468,705905069794,694581.04,Опубликован,False
402069,Ремонт зданий,Заказчик_0021,049902298831,Электронный аукцион,2024-01-08,2024-01-24,16,3,Поставщик_0462,246269807693,5849661.5,Итоги подведены,False
402070,Транспортные услуги,Заказчик_0106,132435760062,Открытый конкурс,2024-09-16,2024-09-24,8,2,Поставщик_0424,046057654433,1241264.56,Итоги подведены,False
402071,Медицинское оборудование,Заказчик_0173,212954133846,Из одного источника по несостоявшимся закупкам,2023-08-28,2023-09-13,16,3,Поставщик_0773,432380197171,7053178.83,Завершен,False
402072,Клининг,Заказчик_0017,424039274499,Электронный аукцион,2023-09-17,2023-09-30,13,5,Поставщик_0304,573708281211,641214.7,Итоги подведены,False
402073,Стройматериалы,Заказчик_0132,113739882651,Электронный аукцион,2024-06-17,2024-07-06,19,3,Поставщик_0529,476011360029,2941974.66,Итоги подведены,False
402074,Мебель,Заказчик_0008,959807652614,Из одного источника,2025-03-24,2025-04-03,10,5,Поставщик_0152,211520224319,956529.7,Завершен,False
402075,Медицинское оборудование,Заказчик_0147,252922273397,Из одного источника по несостоявшимся закупкам,2023-06-19,2023-06-28,9,4,Поставщик_0011,543600741840,7054920.9,Итоги подведены,False
402076,IT-услуги,Заказчик_0085,228319081121,Открытый конкурс,2023-05-12,2023-05-23,11,4,Поставщик_0465,980065671371,5188215.95,Завершен,False
402077,Клининг,Заказчик_0098,137588080098,Открытый конкурс,2023-05-01,2023-05-08,7,3,Поставщик_0241,316582545395,667800.18,Завершен,False
402078,Ремонт зданий,Заказчик_0008,959807652614,Электронный аукцион,2024-06-04,2024-06-22,18,3,Поставщик_0037,041583061212,5251260.88,Завершен,False
402079,Канцелярские товары,Заказчик_0113,268518827291,Открытый конкурс,2024-07-02,2024-07-11,9,2,Поставщик_0435,150641092260,313912.77,Завершен,False
402080,Канцелярские товары,Заказчик_0054,441094840601,Открытый конкурс,2023-11-28,2023-12-17,19,6,Поставщик_0494,962316023940,263152.1,Завершен,False
402081,Канцелярские товары,Заказчик_0005,965687203229,Из одного источника по несостоявшимся закупкам,2023-07-02,2023-07-04,2,2,Поставщик_0482,814396895369,315275.74,Итоги подведены,False
402082,Стройматериалы,Заказчик_0140,572961937397,Из одного источника,2025-06-07,2025-06-23,16,2,Поставщик_0187,330515207345,3140583.16,Итоги подведены,False
402083,Ремонт зданий,Заказчик_0105,101837512445,Из одного источника по несостоявшимся закупкам,2023-09-25,2023-09-30,5,6,Поставщик_0486,096596402469,5133691.42,Итоги подведены,False
402084,IT-услуги,Заказчик_0198,615372780181,Открытый конкурс,2023-09-06,2023-09-24,18,4,Поставщик_0016,146801753931,4733368.13,Итоги подведены,False
402085,Охранные услуги,Заказчик_0130,560397578096,Запрос ценовых предложений,2024-12-15,2024-12-29,14,1,Поставщик_0441,249590173425,2179565.71,Завершен,False
402086,Клининг,Заказчик_0194,940255554375,Электронный аукцион,2023-12-20,2023-12-29,9,5,Поставщик_0612,305653841439,643255.02,Итоги подведены,False
402087,Продукты питания,Заказчик_0099,557410386890,Электронный аукцион,2024-05-01,2024-05-09,8,6,Поставщик_0210,181743746112,430261.89,Завершен,False
402088,Канцелярские товары,Заказчик_0077,634570271159,Запрос ценовых предложений,2024-04-28,2024-05-07,9,3,Поставщик_0173,631844261137,316796.95,Завершен,False
402089,Мебель,Заказчик_0128,840683305887,Из одного источника по несостоявшимся закупкам,2024-08-01,2024-08-05,4,2,Поставщик_0409,940213604856,955708.41,Опубликован,False
402090,Транспортные услуги,Заказчик_0163,155720026558,Электронный аукцион,2023-04-06,2023-04-18,12,1,Поставщик_0022,800446377177,1310723.69,Итоги подведены,False
402091,IT-услуги,Заказчик_0146,531933776661,Открытый конкурс,2023-06-29,2023-07-20,21,6,Поставщик_0711,363987954794,4352066.47,Завершен,False
402092,IT-услуги,Заказчик_0165,105707422805,Из одного источника по несостоявшимся закупкам,2024-02-08,2024-02-09,1,1,Поставщик_0645,945551379107,6812292.13,Итоги подведены,True
402093,Стройматериалы,Заказчик_0139,584877345150,Из одного источника по несостоявшимся закупкам,2023-01-08,2023-01-23,15,3,Поставщик_0699,964487800817,3010897.87,Итоги подведены,False
402094,Продукты питания,Заказчик_0104,865457848634,Электронный аукцион,2024-05-31,2024-06-06,6,5,Поставщик_0191,410813781099,518960.11,Итоги подведены,False
402095,Стройматериалы,Заказчик_0102,747749566861,Из одного источника по несостоявшимся закупкам,2023-10-03,2023-10-07,4,1,Поставщик_0746,277946131833,3456050.0,Отменен,True
402096,Продукты питания,Заказчик_0121,095952713783,Открытый конкурс,2023-09-29,2023-10-09,10,1,Поставщик_0594,125587341592,517380.96,Завершен,False
402097,Клининг,Заказчик_0157,319262117645,Открытый конкурс,2025-02-08,2025-02-25,17,1,Поставщик_0580,935274531168,734055.34,Итоги подведены,False
402098,Медицинское оборудование,Заказчик_0125,691670073356,Открытый конкурс,2024-11-13,2024-11-19,6,2,Поставщик_0157,012322624835,7331585.5,Завершен,False
402099,Транспортные услуги,Заказчик_0196,444633818661,Открытый конкурс,2024-11-15,2024-12-05,20,2,Поставщик_0238,882733335641,1306183.48,Завершен,False
402100,Охранные услуги,Заказчик_0188,511393683388,Из одного источника,2025-05-16,2025-05-26,10,3,Поставщик_0006,761122032537,1906158.4,Завершен,False
402101,IT-услуги,Заказчик_0156,370660134587,Открытый конкурс,2024-07-01,2024-07-09,8,7,Поставщик_0414,071562474270,4494797.54,Завершен,False
402102,Медицинское оборудование,Заказчик_0007,329500167403,Открытый конкурс,2025-02-20,2025-03-04,12,3,Поставщик_0712,059899197139,7154413.54,Завершен,False
402103,Канцелярские товары,Заказчик_0022,876960826911,Запрос ценовых предложений,2025-06-14,2025-06-17,3,1,Поставщик_0243,047906730374,309165.92,Отменен,False
402104,IT-услуги,Заказчик_0175,560089674827,Из одного источника,2025-05-25,2025-06-12,18,3,Поставщик_0615,400863024307,4254979.39,Завершен,False
402105,Стройматериалы,Заказчик_0072,072315571086,Электронный аукцион,2023-06-01,2023-06-17,16,1,Поставщик_0579,051812327924,2692737.78,Завершен,False
402106,Ремонт зданий,Заказчик_0115,986712861740,Открытый конкурс,2023-10-26,2023-11-03,8,2,Поставщик_0389,754448376423,6405844.47,Завершен,False
402107,Стройматериалы,Заказчик_0157,319262117645,Электронный аукцион,2023-05-25,2023-06-02,8,2,Поставщик_0551,195769373384,3129819.9,Завершен,False
402108,Продукты питания,Заказчик_0094,217330854160,Открытый конкурс,2024-05-15,2024-05-22,7,2,Поставщик_0621,686099472938,500058.11,Завершен,False
402109,IT-услуги,Заказчик_0059,216695400432,Запрос ценовых предложений,2024-02-23,2024-03-06,12,2,Поставщик_0524,751020189276,5051746.42,Итоги подведены,False
402110,IT-услуги,Заказчик_0168,413748378959,Из одного источника по несостоявшимся закупкам,2023-07-15,2023-07-18,3,2,Поставщик_0055,220760359558,5102135.88,Завершен,False
402111,Стройматериалы,Заказчик_0119,207376773058,Запрос ценовых предложений,2024-07-05,2024-07-10,5,2,Поставщик_0114,566757091730,3228815.27,Завершен,False
402112,Клининг,Заказчик_0001,016525808631,Электронный аукцион,2023-10-09,2023-10-17,8,6,Поставщик_0385,494981171781,705984.92,Отменен,False
402113,IT-услуги,Заказчик_0169,512269807126,Открытый конкурс,2024-01-15,2024-02-02,18,7,Поставщик_0116,697739551055,4970819.64,Завершен,False
402114,Клининг,Заказчик_0148,216398982273,Из одного источника по несостоявшимся закупкам,2024-04-18,2024-05-02,14,2,Поставщик_0776,349263125116,746513.22,Итоги подведены,False
402115,Продукты питания,Заказчик_0026,217846198988,Электронный аукцион,2024-04-16,2024-04-29,13,2,Поставщик_0258,877509845936,482020.81,Итоги подведены,False
402116,Мебель,Заказчик_0185,103321145403,Запрос ценовых предложений,2025-04-28,2025-05-21,23,4,Поставщик_0669,806013962187,934114.21,Завершен,False
402117,Транспортные услуги,Заказчик_0000,602276804025,Открытый конкурс,2023-09-04,2023-09-21,17,5,Поставщик_0459,105749993465,1150243.33,Итоги подведены,False
402118,Стройматериалы,Заказчик_0121,095952713783,Открытый конкурс,2023-09-28,2023-10-17,19,4,Поставщик_0613,744440594763,3179605.43,Отменен,False
402119,Ремонт зданий,Заказчик_0161,030990904779,Открытый конкурс,2023-05-25,2023-06-09,15,2,Поставщик_0456,721224627093,6042599.34,Итоги подведены,False
402120,Канцелярские товары,Заказчик_0007,329500167403,Электронный аукцион,2024-06-25,2024-07-05,10,3,Поставщик_0552,873260164818,258625.85,Опубликован,False
402121,Стройматериалы,Заказчик_0116,028575123047,Открытый конкурс,2025-02-14,2025-02-22,8,2,Поставщик_0153,181498577355,3128649.46,Завершен,False
402122,Мебель,Заказчик_0106,132435760062,Запрос ценовых предложений,2023-01-24,2023-02-06,13,1,Поставщик_0666,295758217844,858996.43,Итоги подведены,False
402123,IT-услуги,Заказчик_0076,276366676869,Из одного источника по несостоявшимся закупкам,2024-05-15,2024-05-28,13,3,Поставщик_0334,967253938188,5115895.15,Итоги подведены,False
402124,Продукты питания,Заказчик_0169,512269807126,Из одного источника по несостоявшимся закупкам,2024-12-19,2025-01-02,14,7,Поставщик_0468,705905069794,530769.68,Завершен,False
402125,Клининг,Заказчик_0168,413748378959,Запрос ценовых предложений,2024-04-09,2024-04-17,8,4,Поставщик_0347,110188792867,635473.4,Отменен,False
402126,Медицинское оборудование,Заказчик_0164,232971847802,Запрос ценовых предложений,2025-06-09,2025-06-10,1,6,Поставщик_0646,902533636786,7026417.03,Завершен,False
402127,Стройматериалы,Заказчик_0107,769835139635,Электронный аукцион,2024-01-20,2024-01-21,1,1,Поставщик_0685,775363758901,4098161.8,Завершен,True
402128,Стройматериалы,Заказчик_0184,660677017673,Запрос ценовых предложений,2024-04-01,2024-04-20,19,2,Поставщик_0394,416300334338,3207620.12,Итоги подведены,False
402129,Медицинское оборудование,Заказчик_0120,174668074201,Электронный аукцион,2024-11-02,2024-11-11,9,3,Поставщик_0135,014282841775,7171193.5,Опубликован,False
402130,Продукты питания,Заказчик_0135,486200442637,Открытый конкурс,2023-05-05,2023-05-14,9,5,Поставщик_0017,205667686355,480030.31,Завершен,False
402131,Стройматериалы,Заказчик_0116,028575123047,Открытый конкурс,2025-04-01,2025-04-04,3,3,Поставщик_0775,848398483906,3232570.46,Итоги подведены,False
402132,Ремонт зданий,Заказчик_0049,308127387209,Запрос ценовых предложений,2023-12-22,2023-12-31,9,4,Поставщик_0270,416062438707,5507370.07,Завершен,False
402133,Канцелярские товары,Заказчик_0083,349806593311,Из одного источника по несостоявшимся закупкам,2024-01-18,2024-01-30,12,3,Поставщик_0390,598768757751,281407.97,Завершен,False
402134,Медицинское оборудование,Заказчик_0164,232971847802,Открытый конкурс,2023-01-11,2023-01-23,12,7,Поставщик_0534,881111936199,7141413.42,Завершен,False
402135,Охранные услуги,Заказчик_0001,016525808631,Открытый конкурс,2024-05-27,2024-05-31,4,3,Поставщик_0011,543600741840,1866759.42,Итоги подведены,False
402136,IT-услуги,Заказчик_0169,512269807126,Из одного источника,2024-05-19,2024-05-28,9,1,Поставщик_0146,082068094382,5420678.35,Завершен,False
402137,Транспортные услуги,Заказчик_0055,539176725448,Электронный аукцион,2024-08-05,2024-08-09,4,4,Поставщик_0019,918536797002,1282052.5,Завершен,False
402138,Медицинское оборудование,Заказчик_0057,045227746976,Электронный аукцион,2025-04-25,2025-05-02,7,2,Поставщик_0254,249692497310,7462615.58,Опубликован,False
402139,Клининг,Заказчик_0068,707783689405,Запрос ценовых предложений,2025-06-18,2025-07-06,18,6,Поставщик_0414,071562474270,651802.0,Итоги подведены,False
402140,Продукты питания,Заказчик_0063,541376725946,Запрос ценовых предложений,2023-10-10,2023-10-29,19,6,Поставщик_0664,021248299796,465880.6,Итоги подведены,False
402141,Продукты питания,Заказчик_0033,456442497105,Из одного источника,2024-06-13,2024-06-29,16,4,Поставщик_0300,493259571075,432270.63,Завершен,False
402142,Транспортные услуги,Заказчик_0034,638762102480,Из одного источника по несостоявшимся закупкам,2024-12-11,2024-12-29,18,1,Поставщик_0706,126245364680,1304338.5,Завершен,False
402143,Транспортные услуги,Заказчик_0090,423440463190,Открытый конкурс,2024-12-28,2025-01-10,13,7,Поставщик_0782,920048121639,1245563.77,Завершен,False
402144,Клининг,Заказчик_0192,709445965738,Открытый конкурс,2023-10-20,2023-10-26,6,5,Поставщик_0545,195912621758,716905.79,Итоги подведены,False
402145,Транспортные услуги,Заказчик_0199,342856565386,Из одного источника,2025-04-16,2025-04-18,2,1,Поставщик_0259,469059047610,1668282.86,Отменен,True
402146,Ремонт зданий,Заказчик_0179,703500144758,Открытый конкурс,2023-04-05,2023-04-15,10,1,Поставщик_0522,767368917374,5746807.88,Завершен,False
402147,Стройматериалы,Заказчик_0090,423440463190,Из одного источника по несостоявшимся закупкам,2023-09-23,2023-10-09,16,6,Поставщик_0583,869301373063,3155443.81,Завершен,False
402148,Охранные услуги,Заказчик_0063,541376725946,Электронный аукцион,2023-08-29,2023-09-09,11,1,Поставщик_0283,652679890840,2199193.16,Итоги подведены,False
402149,Ремонт зданий,Заказчик_0105,101837512445,Открытый конкурс,2025-05-29,2025-06-19,21,1,Поставщик_0202,636456738411,5936713.59,Отменен,False
402150,Канцелярские товары,Заказчик_0109,331294210817,Открытый конкурс,2025-06-18,2025-07-08,20,2,Поставщик_0412,606523072560,273610.88,Итоги подведены,False
402151,Мебель,Заказчик_0198,615372780181,Запрос ценовых предложений,2023-12-10,2023-12-29,19,4,Поставщик_0541,928019730937,1058170.47,Завершен,False
402152,Мебель,Заказчик_0018,571295570558,Открытый конкурс,2024-08-09,2024-08-26,17,8,Поставщик_0595,398571213861,922885.69,Завершен,False
402153,Охранные услуги,Заказчик_0170,681775483909,Из одного источника,2025-05-31,2025-06-03,3,4,Поставщик_0138,786746124356,1978886.25,Итоги подведены,False
402154,IT-услуги,Заказчик_0047,881968747928,Запрос ценовых предложений,2023-09-08,2023-09-13,5,5,Поставщик_0396,428296257340,4846785.53,Завершен,False
402155,Ремонт зданий,Заказчик_0144,516681609103,Запрос ценовых предложений,2024-04-14,2024-05-01,17,5,Поставщик_0011,543600741840,6342149.77,Завершен,False
402156,Ремонт зданий,Заказчик_0018,571295570558,Из одного источника,2024-04-29,2024-05-14,15,5,Поставщик_0582,664536010552,5555245.01,Завершен,False
402157,Медицинское оборудование,Заказчик_0048,544728808246,Из одного источника по несостоявшимся закупкам,2025-02-15,2025-02-26,11,3,Поставщик_0386,247939641501,7835165.69,Завершен,False
402158,Мебель,Заказчик_0153,051929549841,Запрос ценовых предложений,2023-08-05,2023-08-17,12,1,Поставщик_0158,941076970110,901455.92,Завершен,False
402159,Мебель,Заказчик_0187,313404440226,Электронный аукцион,2023-04-21,2023-05-08,17,6,Поставщик_0220,468537478273,1029823.13,Завершен,False
402160,Клининг,Заказчик_0188,511393683388,Электронный аукцион,2024-11-09,2024-11-18,9,3,Поставщик_0409,940213604856,657162.31,Завершен,False
402161,Охранные услуги,Заказчик_0181,093957730128,Электронный аукцион,2024-03-22,2024-04-02,11,2,Поставщик_0625,479872818740,1869986.83,Завершен,False
402162,Ремонт зданий,Заказчик_0003,868570220212,Электронный аукцион,2025-02-07,2025-02-25,18,1,Поставщик_0252,001422100968,5226504.93,Завершен,False
402163,Медицинское оборудование,Заказчик_0012,425723964512,Электронный аукцион,2024-09-28,2024-10-09,11,4,Поставщик_0257,169627955944,6862081.45,Итоги подведены,False
402164,Канцелярские товары,Заказчик_0024,420762754008,Электронный аукцион,2023-09-18,2023-10-02,14,3,Поставщик_0617,904610610248,273125.29,Завершен,False
402165,Канцелярские товары,Заказчик_0195,530149191342,Запрос ценовых предложений,2024-12-15,2025-01-01,17,5,Поставщик_0158,941076970110,307287.61,Отменен,False
402166,Ремонт зданий,Заказчик_0002,930086875935,Открытый конкурс,2023-08-01,2023-08-14,13,3,Поставщик_0068,643324683156,6387878.84,Завершен,False
402167,Продукты питания,Заказчик_0167,098964499673,Из одного источника,2024-01-31,2024-02-08,8,3,Поставщик_0715,687701717887,475008.83,Завершен,False
402168,Ремонт зданий,Заказчик_0037,867585874226,Из одного источника по несостоявшимся закупкам,2023-10-18,2023-11-03,16,6,Поставщик_0741,047238737564,6371240.56,Итоги подведены,False
402169,Стройматериалы,Заказчик_0078,598284873191,Запрос ценовых предложений,2024-07-30,2024-08-14,15,5,Поставщик_0677,115828932790,2929674.86,Завершен,False
402170,Продукты питания,Заказчик_0072,072315571086,Запрос ценовых предложений,2025-04-30,2025-05-07,7,7,Поставщик_0577,090633981015,480766.04,Опубликован,False
402171,IT-услуги,Заказчик_0030,736535270957,Открытый конкурс,2024-08-02,2024-08-09,7,1,Поставщик_0528,871273901181,5225398.32,Итоги подведены,False
402172,Охранные услуги,Заказчик_0082,679471404490,Открытый конкурс,2024-09-05,2024-09-12,7,6,Поставщик_0650,226837630452,1883498.23,Итоги подведены,False
402173,Охранные услуги,Заказчик_0033,456442497105,Открытый конкурс,2025-02-05,2025-02-08,3,6,Поставщик_0627,512422188156,1813658.63,Завершен,False
402174,Транспортные услуги,Заказчик_0171,919426295735,Электронный аукцион,2025-01-30,2025-02-04,5,2,Поставщик_0163,994042203453,1166188.79,Итоги подведены,False
402175,Медицинское оборудование,Заказчик_0075,929625670649,Из одного источника,2024-05-08,2024-05-23,15,3,Поставщик_0337,886536874006,7453755.3,Завершен,False
402176,Медицинское оборудование,Заказчик_0014,219547810444,Электронный аукцион,2025-01-01,2025-01-11,10,2,Поставщик_0239,398196100744,8241056.83,Завершен,False
402177,Канцелярские товары,Заказчик_0007,329500167403,Запрос ценовых предложений,2024-10-26,2024-11-08,13,4,Поставщик_0496,641940601150,299863.0,Отменен,False
402178,Ремонт зданий,Заказчик_0155,850611322279,Из одного источника,2024-07-18,2024-07-31,13,6,Поставщик_0104,693993502678,5434568.48,Завершен,False
402179,IT-услуги,Заказчик_0143,957760497757,Из одного источника,2025-04-04,2025-04-18,14,2,Поставщик_0410,321230379767,4655074.5,Завершен,False
402180,Мебель,Заказчик_0198,615372780181,Электронный аукцион,2024-05-18,2024-06-06,19,2,Поставщик_0034,830235629044,956878.0,Завершен,False
402181,Транспортные услуги,Заказчик_0102,747749566861,Электронный аукцион,2025-02-28,2025-03-13,13,4,Поставщик_0087,387671609145,1117715.82,Завершен,False
402182,Транспортные услуги,Заказчик_0062,298543394596,Запрос ценовых предложений,2023-06-22,2023-06-30,8,3,Поставщик_0002,030189546484,1079131.48,Завершен,False
402183,Ремонт зданий,Заказчик_0104,865457848634,Открытый конкурс,2023-11-21,2023-12-04,13,3,Поставщик_0538,464738624455,5184922.81,Завершен,False
402184,Транспортные услуги,Заказчик_0122,138783944958,Открытый конкурс,2024-06-17,2024-06-28,11,3,Поставщик_0782,920048121639,1143158.85,Завершен,False
402185,IT-услуги,Заказчик_0001,016525808631,Электронный аукцион,2025-01-07,2025-01-23,16,4,Поставщик_0314,442712461000,5385009.76,Завершен,False
402186,Стройматериалы,Заказчик_0181,093957730128,Открытый конкурс,2024-12-28,2025-01-04,7,5,Поставщик_0230,446742286936,2607798.5,Отменен,False
402187,Канцелярские товары,Заказчик_0123,706853063646,Запрос ценовых предложений,2023-01-03,2023-01-19,16,9,Поставщик_0323,852094270803,308770.1,Итоги подведены,False
402188,Стройматериалы,Заказчик_0003,868570220212,Открытый конкурс,2024-06-24,2024-07-05,11,3,Поставщик_0501,975249883894,3108554.51,Завершен,False
402189,Медицинское оборудование,Заказчик_0018,571295570558,Электронный аукцион,2023-06-06,2023-06-11,5,2,Поставщик_0358,198520001406,7478744.05,Опубликован,False
402190,Ремонт зданий,Заказчик_0022,876960826911,Из одного источника по несостоявшимся закупкам,2024-01-12,2024-02-03,22,5,Поставщик_0780,091498516634,5647264.74,Завершен,False
402191,Продукты питания,Заказчик_0037,867585874226,Запрос ценовых предложений,2025-03-06,2025-03-22,16,6,Поставщик_0636,644148931402,458375.26,Итоги подведены,False
402192,Мебель,Заказчик_0152,918199349998,Запрос ценовых предложений,2024-12-23,2025-01-02,10,1,Поставщик_0604,789516709861,894573.74,Завершен,False
402193,Охранные услуги,Заказчик_0049,308127387209,Открытый конкурс,2024-01-16,2024-01-22,6,2,Поставщик_0041,628909287388,2007971.72,Завершен,False
402194,Медицинское оборудование,Заказчик_0075,929625670649,Из одного источника по несостоявшимся закупкам,2025-06-12,2025-06-15,3,5,Поставщик_0317,340583741741,8071819.17,Завершен,False
402195,Охранные услуги,Заказчик_0073,291422089614,Электронный аукцион,2024-07-13,2024-08-05,23,2,Поставщик_0000,872601131654,1816366.55,Итоги подведены,False
402196,Охранные услуги,Заказчик_0110,880371318781,Открытый конкурс,2025-02-12,2025-02-18,6,1,Поставщик_0767,597578096977,1732006.8,Отменен,False
402197,Ремонт зданий,Заказчик_0032,421496963502,Из одного источника по несостоявшимся закупкам,2023-03-11,2023-03-25,14,4,Поставщик_0322,163573634487,5553216.64,Отменен,False
402198,Продукты питания,Заказчик_0177,290868910115,Из одного источника по несостоявшимся закупкам,2023-05-11,2023-05-28,17,2,Поставщик_0423,615730788982,535782.58,Завершен,False
402199,Мебель,Заказчик_0018,571295570558,Из одного источника по несостоявшимся закупкам,2023-12-14,2023-12-27,13,1,Поставщик_0644,384477013768,1037721.39,Опубликован,False
402200,Клининг,Заказчик_0199,342856565386,Из одного источника,2025-03-04,2025-03-08,4,1,Поставщик_0259,469059047610,1000900.42,Завершен,True
402201,Медицинское оборудование,Заказчик_0137,362813537454,Запрос ценовых предложений,2023-03-26,2023-04-08,13,2,Поставщик_0080,751360825096,7709359.76,Завершен,False
402202,Ремонт зданий,Заказчик_0049,308127387209,Из одного источника,2025-04-20,2025-05-14,24,9,Поставщик_0037,041583061212,6488351.52,Завершен,False
402203,Стройматериалы,Заказчик_0142,197238572836,Из одного источника по несостоявшимся закупкам,2023-05-16,2023-05-26,10,2,Поставщик_0521,790495056105,3011799.61,Опубликован,False
402204,Транспортные услуги,Заказчик_0139,584877345150,Запрос ценовых предложений,2023-03-15,2023-03-25,10,3,Поставщик_0746,277946131833,1034576.97,Итоги подведены,False
402205,Стройматериалы,Заказчик_0082,679471404490,Из одного источника по несостоявшимся закупкам,2024-03-17,2024-03-26,9,3,Поставщик_0462,246269807693,3060417.12,Завершен,False
402206,Мебель,Заказчик_0100,825533331515,Запрос ценовых предложений,2024-09-13,2024-09-15,2,1,Поставщик_0026,859743472035,1418033.46,Завершен,True
402207,Ремонт зданий,Заказчик_0012,425723964512,Запрос ценовых предложений,2024-02-05,2024-02-11,6,2,Поставщик_0484,874116212770,5391095.8,Опубликован,False
402208,IT-услуги,Заказчик_0002,930086875935,Запрос ценовых предложений,2023-08-25,2023-09-12,18,6,Поставщик_0012,926161926239,4723369.6,Итоги подведены,False
402209,Транспортные услуги,Заказчик_0079,987998370546,Открытый конкурс,2023-04-24,2023-05-07,13,1,Поставщик_0282,723262034517,1048181.46,Отменен,False
402210,Канцелярские товары,Заказчик_0154,114217757188,Из одного источника,2025-06-09,2025-06-16,7,4,Поставщик_0153,181498577355,324190.31,Завершен,False
402211,Клининг,Заказчик_0006,836394225258,Запрос ценовых предложений,2023-03-17,2023-04-03,17,3,Поставщик_0602,542185985110,614013.0,Завершен,False
402212,Медицинское оборудование,Заказчик_0196,444633818661,Из одного источника,2025-05-09,2025-05-18,9,3,Поставщик_0748,776349988752,8347463.31,Опубликован,False
402213,Клининг,Заказчик_0095,724337750016,Из одного источника,2023-11-02,2023-11-14,12,3,Поставщик_0557,404694079971,707873.38,Завершен,False
402214,IT-услуги,Заказчик_0160,845404873875,Из одного источника,2025-01-14,2025-01-27,13,6,Поставщик_0675,738345126963,5389279.1,Завершен,False
402215,Клининг,Заказчик_0003,868570220212,Открытый конкурс,2023-06-02,2023-06-11,9,3,Поставщик_0329,861894080689,641718.76,Завершен,False
402216,Транспортные услуги,Заказчик_0023,152672624980,Из одного источника,2023-10-13,2023-10-22,9,5,Поставщик_0391,516505148191,1059194.88,Завершен,False
402217,Ремонт зданий,Заказчик_0181,093957730128,Запрос ценовых предложений,2023-11-26,2023-12-10,14,3,Поставщик_0208,572426977114,5312438.61,Итоги подведены,False
402218,Транспортные услуги,Заказчик_0184,660677017673,Электронный аукцион,2023-05-07,2023-05-18,11,3,Поставщик_0204,434240733675,1160916.86,Опубликован,False
402219,Канцелярские товары,Заказчик_0154,114217757188,Из одного источника,2023-12-29,2024-01-04,6,1,Поставщик_0442,406737830193,405725.0,Итоги подведены,True
402220,Клининг,Заказчик_0129,967512170538,Из одного источника,2024-09-22,2024-10-05,13,4,Поставщик_0780,091498516634,611328.78,Итоги подведены,False
402221,Ремонт зданий,Заказчик_0124,308392990638,Открытый конкурс,2023-09-04,2023-09-17,13,6,Поставщик_0737,540378658813,5809315.0,Отменен,False
402222,Клининг,Заказчик_0123,706853063646,Из одного источника,2023-08-05,2023-08-15,10,6,Поставщик_0043,843402250921,704859.46,Завершен,False
402223,Продукты питания,Заказчик_0173,212954133846,Запрос ценовых предложений,2023-04-03,2023-04-09,6,7,Поставщик_0613,744440594763,436108.91,Завершен,False
402224,Стройматериалы,Заказчик_0138,309592304864,Из одного источника по несостоявшимся закупкам,2025-03-04,2025-03-15,11,4,Поставщик_0709,350768043619,3259064.92,Завершен,False
402225,IT-услуги,Заказчик_0056,936679226110,Открытый конкурс,2023-10-10,2023-10-16,6,1,Поставщик_0204,434240733675,4514483.48,Завершен,False
402226,Медицинское оборудование,Заказчик_0099,557410386890,Электронный аукцион,2024-10-17,2024-11-02,16,7,Поставщик_0098,571368539972,8754540.26,Завершен,False
402227,IT-услуги,Заказчик_0141,155013446536,Электронный аукцион,2024-06-08,2024-06-22,14,2,Поставщик_0048,291807684220,4878145.42,Завершен,False
402228,Ремонт зданий,Заказчик_0061,915640336836,Открытый конкурс,2023-09-18,2023-09-26,8,1,Поставщик_0122,800050545955,5541022.51,Завершен,False
402229,Ремонт зданий,Заказчик_0008,959807652614,Открытый конкурс,2023-03-20,2023-03-30,10,4,Поставщик_0465,980065671371,6359289.54,Итоги подведены,False
402230,Медицинское оборудование,Заказчик_0037,867585874226,Открытый конкурс,2024-08-21,2024-09-09,19,7,Поставщик_0231,678404341761,7338392.24,Завершен,False
402231,Охранные услуги,Заказчик_0173,212954133846,Открытый конкурс,2023-09-30,2023-10-24,24,3,Поставщик_0488,046505527714,1942432.19,Отменен,False
402232,Транспортные услуги,Заказчик_0182,383719759048,Открытый конкурс,2023-12-01,2023-12-11,10,1,Поставщик_0491,158112158095,1103080.28,Итоги подведены,False
402233,Продукты питания,Заказчик_0136,789135342202,Запрос ценовых предложений,2024-08-06,2024-08-16,10,4,Поставщик_0695,588998785476,516371.18,Итоги подведены,False
402234,Канцелярские товары,Заказчик_0020,455927236237,Электронный аукцион,2023-10-08,2023-10-14,6,5,Поставщик_0065,561035185318,304084.8,Завершен,False
402235,Стройматериалы,Заказчик_0158,456227804705,Запрос ценовых предложений,2024-08-03,2024-08-16,13,5,Поставщик_0746,277946131833,3244756.99,Завершен,False
402236,IT-услуги,Заказчик_0107,769835139635,Из одного источника по несостоявшимся закупкам,2024-10-30,2024-11-02,3,1,Поставщик_0685,775363758901,6094280.16,Завершен,True
402237,Ремонт зданий,Заказчик_0033,456442497105,Из одного источника по несостоявшимся закупкам,2025-02-03,2025-02-13,10,2,Поставщик_0184,103135280397,5590671.8,Завершен,False
402238,Мебель,Заказчик_0096,626442714264,Из одного источника,2025-05-30,2025-06-03,4,1,Поставщик_0372,944811679801,939858.69,Завершен,False
402239,Продукты питания,Заказчик_0035,461642607714,Запрос ценовых предложений,2023-09-17,2023-09-21,4,2,Поставщик_0075,124594377461,490326.28,Итоги подведены,False
402240,IT-услуги,Заказчик_0004,633229661713,Открытый конкурс,2023-10-19,2023-11-03,15,5,Поставщик_0497,633282039319,4515488.52,Итоги подведены,False
402241,Охранные услуги,Заказчик_0001,016525808631,Открытый конкурс,2024-11-04,2024-11-15,11,5,Поставщик_0397,629397549404,1858614.45,Завершен,False
402242,Продукты питания,Заказчик_0084,846650721507,Из одного источника,2025-02-14,2025-02-25,11,5,Поставщик_0053,134266101208,529568.9,Завершен,False
402243,Продукты питания,Заказчик_0101,937882116761,Электронный аукцион,2024-08-01,2024-08-04,3,3,Поставщик_0444,253076132062,501455.55,Итоги подведены,False
402244,Транспортные услуги,Заказчик_0011,890407714528,Открытый конкурс,2023-02-08,2023-02-13,5,3,Поставщик_0543,776243762180,1213805.93,Итоги подведены,False
402245,Стройматериалы,Заказчик_0165,105707422805,Запрос ценовых предложений,2023-04-11,2023-04-14,3,1,Поставщик_0645,945551379107,4161387.86,Опубликован,True
402246,Клининг,Заказчик_0150,560471705949,Открытый конкурс,2023-05-19,2023-05-23,4,1,Поставщик_0221,526783920968,739687.62,Завершен,False
402247,Мебель,Заказчик_0030,736535270957,Из одного источника,2023-01-14,2023-01-23,9,2,Поставщик_0060,512534346021,984804.99,Итоги подведены,False
402248,Канцелярские товары,Заказчик_0163,155720026558,Открытый конкурс,2024-06-15,2024-06-26,11,2,Поставщик_0373,689124570631,264572.03,Завершен,False
402249,Мебель,Заказчик_0067,415355431652,Электронный аукцион,2025-05-07,2025-05-20,13,6,Поставщик_0705,917107113218,995925.57,Завершен,False
402250,Охранные услуги,Заказчик_0193,560763609637,Электронный аукцион,2023-05-27,2023-06-10,14,3,Поставщик_0478,389500589336,2089559.72,Завершен,False
402251,Транспортные услуги,Заказчик_0059,216695400432,Из одного источника по несостоявшимся закупкам,2025-02-24,2025-03-06,10,3,Поставщик_0588,727453636489,1311421.13,Завершен,False
402252,Медицинское оборудование,Заказчик_0100,825533331515,Открытый конкурс,2024-04-06,2024-04-11,5,1,Поставщик_0026,859743472035,9240230.65,Завершен,True
402253,Продукты питания,Заказчик_0034,638762102480,Из одного источника по несостоявшимся закупкам,2024-06-13,2024-06-30,17,1,Поставщик_0474,581416227604,466664.05,Завершен,False
402254,Охранные услуги,Заказчик_0075,929625670649,Запрос ценовых предложений,2024-01-12,2024-01-21,9,4,Поставщик_0263,649071103741,2029544.02,Итоги подведены,False
402255,Мебель,Заказчик_0035,461642607714,Открытый конкурс,2024-04-22,2024-05-03,11,2,Поставщик_0292,652920546051,933416.35,Итоги подведены,False
402256,Мебель,Заказчик_0072,072315571086,Запрос ценовых предложений,2025-02-21,2025-03-08,15,4,Поставщик_0337,886536874006,878006.45,Завершен,False
402257,Стройматериалы,Заказчик_0031,763063387334,Запрос ценовых предложений,2023-07-22,2023-07-30,8,3,Поставщик_0645,945551379107,3105980.08,Завершен,False
402258,Клининг,Заказчик_0152,918199349998,Электронный аукцион,2023-09-01,2023-09-10,9,5,Поставщик_0644,384477013768,730293.74,Завершен,False
402259,Канцелярские товары,Заказчик_0072,072315571086,Из одного источника по несостоявшимся закупкам,2023-09-04,2023-09-23,19,6,Поставщик_0289,335139441430,275572.79,Итоги подведены,False
402260,Ремонт зданий,Заказчик_0103,043205340808,Открытый конкурс,2024-08-12,2024-08-24,12,4,Поставщик_0171,074530106996,5734205.22,Завершен,False
402261,Транспортные услуги,Заказчик_0038,756202235126,Открытый конкурс,2025-03-02,2025-03-14,12,3,Поставщик_0631,089058953061,1261069.98,Завершен,False
402262,Транспортные услуги,Заказчик_0179,703500144758,Электронный аукцион,2024-10-21,2024-11-07,17,3,Поставщик_0012,926161926239,1109832.55,Завершен,False
402263,Ремонт зданий,Заказчик_0026,217846198988,Из одного источника по несостоявшимся закупкам,2023-06-22,2023-07-03,11,2,Поставщик_0142,733557002893,6477028.83,Завершен,False
402264,Ремонт зданий,Заказчик_0007,329500167403,Электронный аукцион,2025-01-26,2025-02-11,16,3,Поставщик_0303,571408943388,5723334.01,Завершен,False
402265,Медицинское оборудование,Заказчик_0193,560763609637,Электронный аукцион,2024-05-15,2024-05-22,7,8,Поставщик_0415,349738713330,7766470.52,Опубликован,False
402266,Канцелярские товары,Заказчик_0090,423440463190,Из одного источника по несостоявшимся закупкам,2023-06-02,2023-06-10,8,1,Поставщик_0064,880188249728,305765.12,Завершен,False
402267,Транспортные услуги,Заказчик_0006,836394225258,Открытый конкурс,2025-01-09,2025-01-21,12,2,Поставщик_0203,070247970998,1175185.29,Завершен,False
402268,Стройматериалы,Заказчик_0112,839942359881,Открытый конкурс,2024-12-16,2024-12-27,11,1,Поставщик_0092,424848414614,3244806.23,Завершен,False
402269,Стройматериалы,Заказчик_0080,658912085920,Электронный аукцион,2024-06-03,2024-06-08,5,1,Поставщик_0355,761448361685,2622912.38,Завершен,False
402270,Мебель,Заказчик_0015,769043821442,Электронный аукцион,2024-04-26,2024-05-08,12,3,Поставщик_0183,933280862559,995927.37,Завершен,False
402271,Стройматериалы,Заказчик_0053,105295618485,Открытый конкурс,2024-11-13,2024-11-23,10,4,Поставщик_0334,967253938188,2880634.73,Завершен,False
402272,Мебель,Заказчик_0067,415355431652,Открытый конкурс,2025-03-18,2025-03-27,9,5,Поставщик_0384,084435553244,932009.87,Отменен,False
402273,Транспортные услуги,Заказчик_0054,441094840601,Открытый конкурс,2024-01-18,2024-01-25,7,1,Поставщик_0327,343802486264,1144416.83,Завершен,False
402274,Охранные услуги,Заказчик_0149,424259616526,Открытый конкурс,2023-09-06,2023-09-25,19,1,Поставщик_0740,689804271765,1783834.33,Завершен,False
402275,Мебель,Заказчик_0188,511393683388,Открытый конкурс,2024-07-08,2024-07-27,19,2,Поставщик_0658,678801259710,999393.42,Итоги подведены,False
402276,Мебель,Заказчик_0136,789135342202,Электронный аукцион,2025-03-09,2025-03-22,13,4,Поставщик_0761,347490669426,910553.22,Итоги подведены,False
402277,Ремонт зданий,Заказчик_0148,216398982273,Открытый конкурс,2024-09-08,2024-09-20,12,3,Поставщик_0338,671463015987,5327420.78,Завершен,False
402278,Стройматериалы,Заказчик_0141,155013446536,Открытый конкурс,2024-05-31,2024-06-09,9,1,Поставщик_0330,436097117958,2956779.22,Итоги подведены,False
402279,Охранные услуги,Заказчик_0067,415355431652,Запрос ценовых предложений,2024-01-31,2024-02-11,11,7,Поставщик_0572,516919540856,1749653.86,Завершен,False
402280,Клининг,Заказчик_0001,016525808631,Электронный аукцион,2023-08-28,2023-09-13,16,2,Поставщик_0479,756235419844,731798.7,Опубликован,False
402281,Медицинское оборудование,Заказчик_0062,298543394596,Из одного источника,2023-01-10,2023-01-25,15,6,Поставщик_0710,341084543823,8491952.89,Завершен,False
402282,Охранные услуги,Заказчик_0187,313404440226,Открытый конкурс,2023-12-18,2023-12-26,8,1,Поставщик_0271,917418753163,1720136.33,Завершен,False
402283,Продукты питания,Заказчик_0164,232971847802,Открытый конкурс,2025-02-26,2025-03-13,15,2,Поставщик_0190,906433503969,471683.6,Завершен,False
402284,Мебель,Заказчик_0092,787963526218,Электронный аукцион,2024-11-11,2024-11-23,12,2,Поставщик_0247,478301914972,1010628.63,Завершен,False
402285,Медицинское оборудование,Заказчик_0176,053666440505,Запрос ценовых предложений,2024-08-02,2024-08-12,10,3,Поставщик_0715,687701717887,7245231.99,Завершен,False
402286,Медицинское оборудование,Заказчик_0053,105295618485,Запрос ценовых предложений,2023-05-19,2023-06-02,14,5,Поставщик_0414,071562474270,7010064.75,Завершен,False
402287,Продукты питания,Заказчик_0047,881968747928,Из одного источника по несостоявшимся закупкам,2023-08-12,2023-08-29,17,4,Поставщик_0136,106633162843,449928.48,Завершен,False
402288,Медицинское оборудование,Заказчик_0101,937882116761,Из одного источника,2024-01-17,2024-01-26,9,1,Поставщик_0471,664419980308,7844504.67,Завершен,False
402289,Мебель,Заказчик_0167,098964499673,Открытый конкурс,2023-03-27,2023-04-05,9,5,Поставщик_0169,594633609526,1049169.44,Завершен,False
402290,Канцелярские товары,Заказчик_0159,055513512505,Из одного источника,2023-08-14,2023-08-17,3,6,Поставщик_0163,994042203453,309490.5,Завершен,False
402291,Клининг,Заказчик_0086,600723107574,Запрос ценовых предложений,2023-01-12,2023-01-23,11,3,Поставщик_0047,399069925917,636118.09,Завершен,False
402292,Медицинское оборудование,Заказчик_0005,965687203229,Запрос ценовых предложений,2025-03-04,2025-03-08,4,9,Поставщик_0257,169627955944,8482640.25,Завершен,False
402293,Продукты питания,Заказчик_0016,294850989981,Электронный аукцион,2023-02-19,2023-03-06,15,5,Поставщик_0193,471605601276,515325.61,Завершен,False
402294,Медицинское оборудование,Заказчик_0132,113739882651,Открытый конкурс,2024-11-06,2024-11-20,14,7,Поставщик_0141,820552102019,7163064.76,Завершен,False
402295,IT-услуги,Заказчик_0126,693755362174,Запрос ценовых предложений,2024-07-31,2024-08-19,19,4,Поставщик_0619,461861754269,5321278.76,Завершен,False
402296,Медицинское оборудование,Заказчик_0155,850611322279,Открытый конкурс,2025-02-13,2025-02-23,10,3,Поставщик_0688,615267524997,7425264.75,Завершен,False
402297,Транспортные услуги,Заказчик_0021,049902298831,Электронный аукцион,2023-04-03,2023-04-10,7,2,Поставщик_0275,849582772358,1111366.29,Завершен,False
402298,Медицинское оборудование,Заказчик_0099,557410386890,Открытый конкурс,2023-07-09,2023-07-27,18,4,Поставщик_0453,267596208325,7494460.58,Завершен,False
402299,Мебель,Заказчик_0176,053666440505,Запрос ценовых предложений,2024-12-08,2024-12-26,18,6,Поставщик_0071,924307517257,1015176.25,Завершен,False
402300,Канцелярские товары,Заказчик_0031,763063387334,Открытый конкурс,2023-11-22,2023-12-03,11,2,Поставщик_0733,295117744745,318454.24,Итоги подведены,False
402301,IT-услуги,Заказчик_0062,298543394596,Открытый конкурс,2025-03-07,2025-03-13,6,2,Поставщик_0158,941076970110,5250220.28,Завершен,False
402302,Ремонт зданий,Заказчик_0160,845404873875,Запрос ценовых предложений,2023-10-17,2023-10-21,4,1,Поставщик_0467,681232354610,7080537.9,Завершен,True
402303,Охранные услуги,Заказчик_0119,207376773058,Электронный аукцион,2025-01-10,2025-01-27,17,3,Поставщик_0208,572426977114,2029674.05,Итоги подведены,False
402304,Ремонт зданий,Заказчик_0185,103321145403,Электронный аукцион,2024-01-27,2024-02-01,5,8,Поставщик_0034,830235629044,5538959.07,Отменен,False
402305,Ремонт зданий,Заказчик_0076,276366676869,Запрос ценовых предложений,2025-02-02,2025-02-17,15,3,Поставщик_0028,253645471972,6342332.98,Итоги подведены,False
402306,Охранные услуги,Заказчик_0000,602276804025,Открытый конкурс,2024-02-27,2024-03-07,9,1,Поставщик_0370,008318800461,2144078.06,Опубликован,False
402307,Ремонт зданий,Заказчик_0008,959807652614,Электронный аукцион,2023-02-14,2023-03-03,17,6,Поставщик_0320,336265903303,5650151.93,Завершен,False
402308,Клининг,Заказчик_0077,634570271159,Открытый конкурс,2025-05-28,2025-06-06,9,3,Поставщик_0294,807498289481,729643.7,Опубликован,False
402309,Продукты питания,Заказчик_0163,155720026558,Электронный аукцион,2023-10-20,2023-11-02,13,3,Поставщик_0725,319683909740,524426.22,Завершен,False
402310,Продукты питания,Заказчик_0033,456442497105,Из одного источника по несостоявшимся закупкам,2023-05-31,2023-06-13,13,5,Поставщик_0276,515090470547,517973.87,Опубликован,False
402311,Ремонт зданий,Заказчик_0121,095952713783,Из одного источника по несостоявшимся закупкам,2025-05-11,2025-06-03,23,3,Поставщик_0375,617428444873,5796523.88,Завершен,False
402312,Ремонт зданий,Заказчик_0116,028575123047,Электронный аукцион,2025-01-19,2025-01-28,9,3,Поставщик_0380,205571075277,5895497.95,Завершен,False
402313,Продукты питания,Заказчик_0110,880371318781,Из одного источника по несостоявшимся закупкам,2023-07-06,2023-07-23,17,4,Поставщик_0014,068941037138,443124.84,Итоги подведены,False
402314,Канцелярские товары,Заказчик_0180,050288400985,Электронный аукцион,2024-05-30,2024-06-08,9,3,Поставщик_0520,270152889984,286560.13,Завершен,False
402315,Транспортные услуги,Заказчик_0162,649389366563,Из одного источника по несостоявшимся закупкам,2024-03-18,2024-03-27,9,2,Поставщик_0413,378639743115,1188529.03,Итоги подведены,False
402316,IT-услуги,Заказчик_0105,101837512445,Запрос ценовых предложений,2024-08-30,2024-09-07,8,5,Поставщик_0289,335139441430,4812100.46,Завершен,False
402317,IT-услуги,Заказчик_0080,658912085920,Запрос ценовых предложений,2023-02-20,2023-03-08,16,3,Поставщик_0661,241179908536,5433395.76,Завершен,False
402318,Стройматериалы,Заказчик_0133,355191676858,Из одного источника,2023-09-02,2023-09-13,11,4,Поставщик_0715,687701717887,2815313.84,Итоги подведены,False
402319,Охранные услуги,Заказчик_0191,742687446267,Запрос ценовых предложений,2025-06-01,2025-06-09,8,1,Поставщик_0554,724286115084,1824902.64,Итоги подведены,False
402320,Мебель,Заказчик_0019,190156218256,Открытый конкурс,2023-06-08,2023-06-12,4,2,Поставщик_0723,303653072007,1012612.81,Завершен,False
402321,Продукты питания,Заказчик_0150,560471705949,Запрос ценовых предложений,2023-11-26,2023-12-09,13,5,Поставщик_0322,163573634487,536662.16,Итоги подведены,False
402322,Продукты питания,Заказчик_0072,072315571086,Запрос ценовых предложений,2024-03-27,2024-04-14,18,4,Поставщик_0677,115828932790,500048.2,Завершен,False
402323,Ремонт зданий,Заказчик_0198,615372780181,Из одного источника по несостоявшимся закупкам,2023-02-08,2023-02-13,5,1,Поставщик_0303,571408943388,6329137.72,Завершен,False
402324,Медицинское оборудование,Заказчик_0190,238315556594,Открытый конкурс,2025-04-15,2025-04-17,2,1,Поставщик_0580,935274531168,9368023.81,Итоги подведены,True
402325,Стройматериалы,Заказчик_0033,456442497105,Открытый конкурс,2023-06-08,2023-07-02,24,5,Поставщик_0735,849125341936,2662786.37,Завершен,False
402326,Клининг,Заказчик_0166,287356331623,Открытый конкурс,2023-09-06,2023-09-16,10,3,Поставщик_0106,115345152371,711897.47,Завершен,False
402327,IT-услуги,Заказчик_0143,957760497757,Из одного источника,2023-03-30,2023-04-09,10,4,Поставщик_0233,338574752609,5026447.3,Завершен,False
402328,Продукты питания,Заказчик_0179,703500144758,Открытый конкурс,2023-10-03,2023-10-19,16,3,Поставщик_0701,088379595948,487628.33,Завершен,False
402329,Медицинское оборудование,Заказчик_0035,461642607714,Из одного источника,2023-09-04,2023-09-17,13,4,Поставщик_0605,427937196986,7426645.36,Отменен,False
402330,IT-услуги,Заказчик_0127,352249294184,Электронный аукцион,2023-11-23,2023-12-09,16,4,Поставщик_0652,496109906857,5390633.22,Завершен,False
402331,Ремонт зданий,Заказчик_0183,379370294394,Электронный аукцион,2024-11-25,2024-11-28,3,1,Поставщик_0221,526783920968,8021175.45,Завершен,True
402332,Клининг,Заказчик_0198,615372780181,Электронный аукцион,2023-03-23,2023-03-31,8,4,Поставщик_0144,898856957794,763528.3,Итоги подведены,False
402333,Медицинское оборудование,Заказчик_0052,571247952112,Электронный аукцион,2023-09-13,2023-09-23,10,2,Поставщик_0658,678801259710,8308333.46,Завершен,False
402334,Охранные услуги,Заказчик_0014,219547810444,Электронный аукцион,2025-03-11,2025-03-13,2,1,Поставщик_0559,063934408962,1735452.18,Отменен,False
402335,IT-услуги,Заказчик_0017,424039274499,Электронный аукцион,2025-02-19,2025-02-26,7,1,Поставщик_0050,866108239013,4462120.75,Завершен,False
402336,Стройматериалы,Заказчик_0187,313404440226,Открытый конкурс,2023-07-02,2023-07-06,4,2,Поставщик_0740,689804271765,2564176.06,Завершен,False
402337,Транспортные услуги,Заказчик_0102,747749566861,Электронный аукцион,2025-04-27,2025-05-03,6,1,Поставщик_0588,727453636489,1050893.91,Завершен,False
402338,IT-услуги,Заказчик_0100,825533331515,Открытый конкурс,2024-01-23,2024-01-25,2,1,Поставщик_0026,859743472035,5850479.38,Завершен,True
402339,Охранные услуги,Заказчик_0159,055513512505,Открытый конкурс,2024-11-06,2024-11-14,8,7,Поставщик_0793,809281791467,2173564.51,Итоги подведены,False
402340,Канцелярские товары,Заказчик_0173,212954133846,Электронный аукцион,2023-11-12,2023-11-25,13,2,Поставщик_0003,007225147751,313282.75,Итоги подведены,False
402341,Охранные услуги,Заказчик_0039,704542495687,Открытый конкурс,2023-07-11,2023-07-28,17,3,Поставщик_0122,800050545955,2150189.19,Опубликован,False
402342,Клининг,Заказчик_0015,769043821442,Запрос ценовых предложений,2024-04-14,2024-04-28,14,1,Поставщик_0144,898856957794,766526.34,Завершен,False
402343,Ремонт зданий,Заказчик_0102,747749566861,Открытый конкурс,2023-04-09,2023-04-15,6,1,Поставщик_0746,277946131833,8357434.35,Завершен,True
402344,Транспортные услуги,Заказчик_0187,313404440226,Электронный аукцион,2023-08-02,2023-08-03,1,5,Поставщик_0518,373753623817,1279938.49,Завершен,False
402345,IT-услуги,Заказчик_0084,846650721507,Электронный аукцион,2023-07-20,2023-07-25,5,4,Поставщик_0535,861556163831,4818686.9,Итоги подведены,False
402346,Транспортные услуги,Заказчик_0083,349806593311,Из одного источника по несостоявшимся закупкам,2025-04-13,2025-04-20,7,2,Поставщик_0367,936021322936,1297740.74,Итоги подведены,False
402347,Транспортные услуги,Заказчик_0025,958511387882,Из одного источника,2024-10-14,2024-10-25,11,1,Поставщик_0176,636150818240,1193205.96,Завершен,False
402348,Ремонт зданий,Заказчик_0070,366888337780,Открытый конкурс,2024-01-25,2024-01-30,5,1,Поставщик_0053,134266101208,5948511.92,Завершен,False
402349,Охранные услуги,Заказчик_0086,600723107574,Электронный аукцион,2025-01-28,2025-02-04,7,1,Поставщик_0424,046057654433,2009683.58,Итоги подведены,False
402350,Медицинское оборудование,Заказчик_0074,356428134255,Запрос ценовых предложений,2023-02-23,2023-02-26,3,4,Поставщик_0365,679875524456,7834484.34,Опубликован,False
402351,Ремонт зданий,Заказчик_0090,423440463190,Открытый конкурс,2025-03-20,2025-03-28,8,3,Поставщик_0109,598906496696,5342675.42,Завершен,False
402352,IT-услуги,Заказчик_0077,634570271159,Открытый конкурс,2025-05-30,2025-06-16,17,2,Поставщик_0788,853991820736,4256619.85,Завершен,False
402353,Мебель,Заказчик_0120,174668074201,Из одного источника,2025-03-15,2025-03-29,14,6,Поставщик_0005,294384972853,1074331.55,Завершен,False
402354,Канцелярские товары,Заказчик_0051,545473722111,Электронный аукцион,2024-09-21,2024-09-29,8,3,Поставщик_0547,802505735602,325607.76,Отменен,False
402355,Продукты питания,Заказчик_0131,463876194901,Из одного источника по несостоявшимся закупкам,2024-05-25,2024-06-15,21,3,Поставщик_0325,647107852974,469164.86,Итоги подведены,False
402356,Продукты питания,Заказчик_0186,053323099951,Открытый конкурс,2025-02-02,2025-02-08,6,3,Поставщик_0020,007565470562,497522.49,Отменен,False
402357,Ремонт зданий,Заказчик_0049,308127387209,Открытый конкурс,2023-09-04,2023-09-16,12,2,Поставщик_0637,527875907801,5804668.5,Завершен,False
402358,IT-услуги,Заказчик_0039,704542495687,Из одного источника,2023-02-05,2023-02-15,10,4,Поставщик_0524,751020189276,5451313.63,Завершен,False
402359,Продукты питания,Заказчик_0044,011652671671,Открытый конкурс,2025-02-07,2025-02-17,10,2,Поставщик_0710,341084543823,510877.02,Завершен,False
402360,Продукты питания,Заказчик_0138,309592304864,Запрос ценовых предложений,2024-11-19,2024-12-06,17,2,Поставщик_0547,802505735602,443263.59,Завершен,False
402361,Мебель,Заказчик_0198,615372780181,Из одного источника по несостоявшимся закупкам,2025-03-16,2025-03-21,5,4,Поставщик_0764,707738948144,957358.4,Опубликован,False
402362,IT-услуги,Заказчик_0171,919426295735,Запрос ценовых предложений,2023-05-31,2023-06-17,17,1,Поставщик_0597,155020674245,5075075.88,Итоги подведены,False
402363,Стройматериалы,Заказчик_0155,850611322279,Электронный аукцион,2023-10-25,2023-11-05,11,1,Поставщик_0496,641940601150,2931637.39,Итоги подведены,False
402364,Мебель,Заказчик_0124,308392990638,Открытый конкурс,2023-03-29,2023-04-07,9,1,Поставщик_0279,680830429577,1047380.6,Завершен,False
402365,Медицинское оборудование,Заказчик_0142,197238572836,Открытый конкурс,2025-03-03,2025-03-10,7,5,Поставщик_0214,459023304521,7809815.63,Завершен,False
402366,Мебель,Заказчик_0069,588454746149,Электронный аукцион,2025-05-08,2025-05-13,5,5,Поставщик_0305,067077017501,979052.82,Завершен,False
402367,Продукты питания,Заказчик_0118,609055953469,Открытый конкурс,2024-07-08,2024-07-12,4,5,Поставщик_0771,687593322342,451235.44,Итоги подведены,False
402368,Охранные услуги,Заказчик_0076,276366676869,Из одного источника,2024-09-15,2024-09-28,13,3,Поставщик_0014,068941037138,1980520.55,Завершен,False
402369,Охранные услуги,Заказчик_0163,155720026558,Запрос ценовых предложений,2024-11-30,2024-12-16,16,2,Поставщик_0228,414610415586,2140486.96,Завершен,False
402370,Продукты питания,Заказчик_0086,600723107574,Запрос ценовых предложений,2023-05-07,2023-05-16,9,1,Поставщик_0643,035306899857,475220.26,Итоги подведены,False
402371,Продукты питания,Заказчик_0035,461642607714,Запрос ценовых предложений,2023-04-26,2023-05-15,19,5,Поставщик_0442,406737830193,462637.9,Опубликован,False
402372,Мебель,Заказчик_0064,196215509941,Открытый конкурс,2023-09-18,2023-10-06,18,2,Поставщик_0666,295758217844,1056477.7,Итоги подведены,False
402373,Продукты питания,Заказчик_0059,216695400432,Из одного источника,2023-07-12,2023-07-25,13,4,Поставщик_0362,693663310109,536933.51,Итоги подведены,False
402374,Мебель,Заказчик_0195,530149191342,Открытый конкурс,2023-05-21,2023-05-26,5,4,Поставщик_0533,258190416283,998360.89,Завершен,False
402375,Продукты питания,Заказчик_0119,207376773058,Открытый конкурс,2023-09-26,2023-10-13,17,5,Поставщик_0319,930083708303,438665.79,Завершен,False
402376,Канцелярские товары,Заказчик_0024,420762754008,Запрос ценовых предложений,2025-06-02,2025-06-10,8,3,Поставщик_0450,669636838436,275148.01,Завершен,False
402377,Охранные услуги,Заказчик_0073,291422089614,Электронный аукцион,2023-03-19,2023-03-28,9,3,Поставщик_0471,664419980308,2011520.14,Завершен,False
402378,Транспортные услуги,Заказчик_0029,639591919214,Запрос ценовых предложений,2023-03-27,2023-04-11,15,5,Поставщик_0068,643324683156,1306080.38,Завершен,False
402379,Ремонт зданий,Заказчик_0188,511393683388,Открытый конкурс,2023-04-25,2023-05-08,13,3,Поставщик_0703,802335654107,5878987.91,Завершен,False
402380,Медицинское оборудование,Заказчик_0051,545473722111,Открытый конкурс,2023-03-11,2023-03-17,6,3,Поставщик_0534,881111936199,7881892.48,Итоги подведены,False
402381,Медицинское оборудование,Заказчик_0155,850611322279,Электронный аукцион,2024-06-13,2024-06-28,15,3,Поставщик_0656,833596644581,8204077.32,Завершен,False
402382,Ремонт зданий,Заказчик_0178,823345926868,Электронный аукцион,2024-08-28,2024-09-14,17,5,Поставщик_0283,652679890840,5183710.18,Завершен,False
402383,Ремонт зданий,Заказчик_0040,303789475622,Открытый конкурс,2023-12-07,2023-12-25,18,2,Поставщик_0784,301110713543,6478110.58,Завершен,False
402384,Ремонт зданий,Заказчик_0007,329500167403,Запрос ценовых предложений,2024-10-12,2024-10-31,19,3,Поставщик_0369,627611614932,5476357.91,Итоги подведены,False
402385,Ремонт зданий,Заказчик_0183,379370294394,Запрос ценовых предложений,2025-01-08,2025-01-12,4,1,Поставщик_0221,526783920968,7395831.33,Завершен,True
402386,Охранные услуги,Заказчик_0074,356428134255,Из одного источника,2024-03-31,2024-04-18,18,2,Поставщик_0214,459023304521,1991038.55,Опубликован,False
402387,Охранные услуги,Заказчик_0049,308127387209,Запрос ценовых предложений,2024-04-02,2024-04-11,9,1,Поставщик_0393,448321011203,2047120.99,Завершен,False
402388,Мебель,Заказчик_0054,441094840601,Запрос ценовых предложений,2023-03-19,2023-03-29,10,2,Поставщик_0657,574512230495,884294.47,Итоги подведены,False
402389,Стройматериалы,Заказчик_0095,724337750016,Открытый конкурс,2024-12-21,2025-01-14,24,1,Поставщик_0542,608803005811,2957177.74,Итоги подведены,False
402390,Стройматериалы,Заказчик_0119,207376773058,Электронный аукцион,2024-09-05,2024-09-25,20,1,Поставщик_0153,181498577355,2576569.34,Завершен,False
402391,Медицинское оборудование,Заказчик_0097,603503212307,Из одного источника по несостоявшимся закупкам,2024-08-01,2024-08-14,13,3,Поставщик_0348,238397186701,8166251.19,Завершен,False
402392,Ремонт зданий,Заказчик_0159,055513512505,Электронный аукцион,2024-06-11,2024-06-21,10,3,Поставщик_0023,195771172870,5946482.41,Итоги подведены,False
402393,Медицинское оборудование,Заказчик_0060,098599620746,Открытый конкурс,2024-05-16,2024-05-27,11,2,Поставщик_0742,112871143972,8021434.48,Завершен,False
402394,Охранные услуги,Заказчик_0030,736535270957,Электронный аукцион,2025-01-29,2025-02-13,15,2,Поставщик_0514,178751956210,2145382.02,Итоги подведены,False
402395,Продукты питания,Заказчик_0038,756202235126,Из одного источника по несостоявшимся закупкам,2025-05-10,2025-05-29,19,2,Поставщик_0233,338574752609,493601.81,Завершен,False
402396,Мебель,Заказчик_0014,219547810444,Открытый конкурс,2024-11-30,2024-12-12,12,4,Поставщик_0781,916367478121,1070431.55,Отменен,False
402397,Транспортные услуги,Заказчик_0069,588454746149,Из одного источника по несостоявшимся закупкам,2024-07-16,2024-07-25,9,4,Поставщик_0731,532932360613,1030746.58,Завершен,False
402398,Охранные услуги,Заказчик_0014,219547810444,Запрос ценовых предложений,2024-01-11,2024-01-22,11,1,Поставщик_0565,950808586644,2123561.63,Завершен,False
402399,Охранные услуги,Заказчик_0114,492430052930,Запрос ценовых предложений,2023-11-08,2023-11-19,11,3,Поставщик_0720,266843435379,2009105.56,Завершен,False
402400,Охранные услуги,Заказчик_0107,769835139635,Электронный аукцион,2024-07-12,2024-07-16,4,1,Поставщик_0685,775363758901,2491192.26,Завершен,True
402401,Стройматериалы,Заказчик_0139,584877345150,Электронный аукцион,2025-02-08,2025-02-18,10,6,Поставщик_0701,088379595948,3228235.16,Опубликован,False
402402,Охранные услуги,Заказчик_0191,742687446267,Открытый конкурс,2023-05-21,2023-06-01,11,5,Поставщик_0526,630882919597,1731444.8,Опубликован,False
402403,Мебель,Заказчик_0016,294850989981,Электронный аукцион,2023-06-13,2023-06-23,10,2,Поставщик_0616,670217426833,1052549.41,Опубликован,False
402404,Мебель,Заказчик_0077,634570271159,Электронный аукцион,2024-01-21,2024-02-01,11,3,Поставщик_0623,733963465975,1050444.17,Итоги подведены,False
402405,Ремонт зданий,Заказчик_0042,061403237378,Электронный аукцион,2024-11-03,2024-11-22,19,3,Поставщик_0563,314181945048,6560055.83,Завершен,False
402406,IT-услуги,Заказчик_0140,572961937397,Электронный аукцион,2025-03-08,2025-03-09,1,5,Поставщик_0420,118735108906,5024383.19,Завершен,False
402407,Продукты питания,Заказчик_0039,704542495687,Из одного источника,2023-05-25,2023-06-11,17,5,Поставщик_0701,088379595948,500346.02,Завершен,False
402408,Стройматериалы,Заказчик_0038,756202235126,Открытый конкурс,2024-05-29,2024-06-11,13,1,Поставщик_0408,782244010507,3282593.76,Завершен,False
402409,Медицинское оборудование,Заказчик_0029,639591919214,Из одного источника,2023-10-05,2023-10-06,1,4,Поставщик_0683,389018421647,8454725.04,Завершен,False
402410,Транспортные услуги,Заказчик_0188,511393683388,Открытый конкурс,2024-07-06,2024-07-18,12,1,Поставщик_0559,063934408962,1277815.58,Опубликован,False
402411,Мебель,Заказчик_0165,105707422805,Из одного источника по несостоявшимся закупкам,2024-08-28,2024-09-02,5,1,Поставщик_0645,945551379107,1434046.52,Завершен,True
402412,Стройматериалы,Заказчик_0130,560397578096,Из одного источника по несостоявшимся закупкам,2024-11-19,2024-11-27,8,5,Поставщик_0027,918990428350,3070481.53,Завершен,False
402413,Охранные услуги,Заказчик_0001,016525808631,Из одного источника,2023-10-18,2023-11-03,16,3,Поставщик_0397,629397549404,1946985.01,Итоги подведены,False
402414,Мебель,Заказчик_0009,498251982661,Из одного источника по несостоявшимся закупкам,2025-03-17,2025-03-22,5,1,Поставщик_0029,042388906871,1377367.23,Завершен,True
402415,Канцелярские товары,Заказчик_0123,706853063646,Из одного источника по несостоявшимся закупкам,2024-04-27,2024-05-11,14,1,Поставщик_0603,374792430378,294917.93,Завершен,False
402416,Ремонт зданий,Заказчик_0141,155013446536,Запрос ценовых предложений,2023-09-10,2023-09-25,15,1,Поставщик_0236,351635939493,6278821.35,Завершен,False
402417,Клининг,Заказчик_0169,512269807126,Из одного источника,2024-04-07,2024-04-17,10,2,Поставщик_0447,811413512591,718829.83,Завершен,False
402418,Мебель,Заказчик_0116,028575123047,Из одного источника,2023-08-21,2023-09-08,18,4,Поставщик_0248,462736711337,851462.68,Итоги подведены,False
402419,Продукты питания,Заказчик_0107,769835139635,Электронный аукцион,2023-09-26,2023-09-30,4,1,Поставщик_0685,775363758901,645973.05,Завершен,True
402420,Клининг,Заказчик_0186,053323099951,Из одного источника по несостоявшимся закупкам,2024-07-30,2024-08-16,17,1,Поставщик_0195,390385154902,713131.93,Завершен,False
402421,Охранные услуги,Заказчик_0003,868570220212,Из одного источника по несостоявшимся закупкам,2025-05-12,2025-05-21,9,2,Поставщик_0452,603212095973,2194806.74,Завершен,False
402422,Стройматериалы,Заказчик_0196,444633818661,Открытый конкурс,2023-06-14,2023-06-16,2,1,Поставщик_0673,431677484422,2990117.31,Итоги подведены,False
402423,Канцелярские товары,Заказчик_0025,958511387882,Электронный аукцион,2023-12-22,2024-01-08,17,2,Поставщик_0348,238397186701,329960.82,Завершен,False
402424,Транспортные услуги,Заказчик_0112,839942359881,Запрос ценовых предложений,2024-10-25,2024-10-27,2,1,Поставщик_0336,874088944878,1662520.14,Завершен,True
402425,Стройматериалы,Заказчик_0134,006567464629,Электронный аукцион,2024-03-08,2024-03-20,12,5,Поставщик_0617,904610610248,3087708.68,Завершен,False
402426,Канцелярские товары,Заказчик_0132,113739882651,Открытый конкурс,2023-07-17,2023-07-25,8,7,Поставщик_0286,363568431712,259101.33,Завершен,False
402427,IT-услуги,Заказчик_0094,217330854160,Из одного источника,2025-04-02,2025-04-21,19,4,Поставщик_0550,582148078867,5220900.15,Завершен,False
402428,Стройматериалы,Заказчик_0079,987998370546,Открытый конкурс,2023-10-23,2023-11-03,11,1,Поставщик_0494,962316023940,3095849.73,Отменен,False
402429,Стройматериалы,Заказчик_0192,709445965738,Открытый конкурс,2024-01-12,2024-01-16,4,3,Поставщик_0232,187367544659,3011686.5,Отменен,False
402430,Транспортные услуги,Заказчик_0012,425723964512,Открытый конкурс,2025-05-10,2025-05-15,5,3,Поставщик_0548,955703903231,1300670.53,Отменен,False
402431,Стройматериалы,Заказчик_0083,349806593311,Запрос ценовых предложений,2025-03-01,2025-03-12,11,1,Поставщик_0402,760086638831,3100772.03,Итоги подведены,False
402432,Клининг,Заказчик_0154,114217757188,Открытый конкурс,2023-05-12,2023-05-17,5,1,Поставщик_0442,406737830193,1004149.36,Завершен,True
402433,Охранные услуги,Заказчик_0158,456227804705,Электронный аукцион,2025-02-28,2025-03-19,19,3,Поставщик_0054,334605183424,2164421.75,Итоги подведены,False
402434,Медицинское оборудование,Заказчик_0059,216695400432,Запрос ценовых предложений,2024-08-25,2024-09-04,10,4,Поставщик_0309,913322191117,8410739.06,Итоги подведены,False
402435,IT-услуги,Заказчик_0091,800785553136,Электронный аукцион,2023-10-09,2023-10-22,13,6,Поставщик_0298,621290755864,5351961.25,Завершен,False
402436,Охранные услуги,Заказчик_0147,252922273397,Из одного источника по несостоявшимся закупкам,2025-02-19,2025-03-02,11,2,Поставщик_0025,157250824319,1724864.38,Итоги подведены,False
402437,Канцелярские товары,Заказчик_0197,921159241640,Электронный аукцион,2025-05-24,2025-06-02,9,3,Поставщик_0437,124746955620,304860.87,Отменен,False
402438,Продукты питания,Заказчик_0016,294850989981,Электронный аукцион,2024-11-02,2024-11-12,10,4,Поставщик_0137,267474352337,478413.8,Завершен,False
402439,Охранные услуги,Заказчик_0055,539176725448,Из одного источника по несостоявшимся закупкам,2024-08-11,2024-09-05,25,4,Поставщик_0518,373753623817,2176920.64,Завершен,False
402440,Стройматериалы,Заказчик_0090,423440463190,Запрос ценовых предложений,2025-06-17,2025-06-22,5,5,Поставщик_0510,381103791146,2686557.52,Завершен,False
402441,Медицинское оборудование,Заказчик_0153,051929549841,Из одного источника,2023-11-09,2023-11-17,8,2,Поставщик_0685,775363758901,8480868.64,Завершен,False
402442,Охранные услуги,Заказчик_0059,216695400432,Открытый конкурс,2024-09-07,2024-09-16,9,1,Поставщик_0402,760086638831,1984012.12,Отменен,False
402443,Канцелярские товары,Заказчик_0181,093957730128,Открытый конкурс,2025-01-09,2025-01-23,14,4,Поставщик_0578,609946517910,303209.61,Итоги подведены,False
402444,Транспортные услуги,Заказчик_0143,957760497757,Электронный аукцион,2023-07-31,2023-08-11,11,2,Поставщик_0722,214386232851,1289660.08,Завершен,False
402445,Медицинское оборудование,Заказчик_0058,694569801375,Открытый конкурс,2023-02-23,2023-02-26,3,2,Поставщик_0307,993157250502,8041793.8,Опубликован,False
402446,Транспортные услуги,Заказчик_0017,424039274499,Электронный аукцион,2023-03-12,2023-03-15,3,3,Поставщик_0641,238196641402,1169090.94,Итоги подведены,False
402447,Клининг,Заказчик_0063,541376725946,Запрос ценовых предложений,2025-01-10,2025-01-25,15,2,Поставщик_0398,829094583365,752795.8,Опубликован,False
402448,Охранные услуги,Заказчик_0053,105295618485,Открытый конкурс,2025-03-05,2025-03-10,5,2,Поставщик_0393,448321011203,1825482.35,Итоги подведены,False
402449,IT-услуги,Заказчик_0099,557410386890,Открытый конкурс,2024-10-21,2024-10-25,4,2,Поставщик_0125,432403029344,4602383.43,Завершен,False
402450,Мебель,Заказчик_0091,800785553136,Электронный аукцион,2024-01-18,2024-01-29,11,3,Поставщик_0665,128709957080,956375.57,Опубликован,False
402451,Охранные услуги,Заказчик_0068,707783689405,Запрос ценовых предложений,2024-11-18,2024-12-09,21,3,Поставщик_0624,139364081019,2076474.49,Завершен,False
402452,Стройматериалы,Заказчик_0113,268518827291,Открытый конкурс,2024-08-04,2024-08-12,8,4,Поставщик_0013,133626704126,2589666.25,Итоги подведены,False
402453,Медицинское оборудование,Заказчик_0019,190156218256,Электронный аукцион,2024-07-14,2024-07-18,4,4,Поставщик_0096,934771498574,8053093.72,Завершен,False
402454,Клининг,Заказчик_0018,571295570558,Запрос ценовых предложений,2023-01-21,2023-02-04,14,2,Поставщик_0293,369931833239,631416.86,Итоги подведены,False
402455,Стройматериалы,Заказчик_0058,694569801375,Из одного источника по несостоявшимся закупкам,2025-02-28,2025-03-15,15,1,Поставщик_0307,993157250502,2665482.51,Итоги подведены,False
402456,Охранные услуги,Заказчик_0098,137588080098,Запрос ценовых предложений,2023-08-04,2023-08-12,8,1,Поставщик_0059,487654415799,1804251.46,Итоги подведены,False
402457,IT-услуги,Заказчик_0143,957760497757,Открытый конкурс,2024-06-05,2024-06-11,6,2,Поставщик_0498,173845785681,4972605.62,Итоги подведены,False
402458,IT-услуги,Заказчик_0006,836394225258,Запрос ценовых предложений,2025-04-25,2025-05-17,22,4,Поставщик_0131,981867816273,4354520.45,Завершен,False
402459,Медицинское оборудование,Заказчик_0137,362813537454,Электронный аукцион,2023-11-04,2023-11-11,7,5,Поставщик_0680,617716335022,7679976.12,Завершен,False
402460,Канцелярские товары,Заказчик_0051,545473722111,Из одного источника по несостоявшимся закупкам,2023-06-28,2023-07-14,16,2,Поставщик_0029,042388906871,306769.78,Итоги подведены,False
402461,Ремонт зданий,Заказчик_0162,649389366563,Электронный аукцион,2023-07-24,2023-08-02,9,9,Поставщик_0767,597578096977,5845583.54,Опубликован,False
402462,Мебель,Заказчик_0098,137588080098,Запрос ценовых предложений,2023-12-08,2023-12-30,22,1,Поставщик_0191,410813781099,915161.28,Завершен,False
402463,Канцелярские товары,Заказчик_0106,132435760062,Электронный аукцион,2025-01-17,2025-01-24,7,2,Поставщик_0470,146781682683,260708.96,Завершен,False
402464,Ремонт зданий,Заказчик_0106,132435760062,Электронный аукцион,2024-03-30,2024-04-05,6,3,Поставщик_0079,893931994271,5796939.04,Опубликован,False
402465,Транспортные услуги,Заказчик_0191,742687446267,Электронный аукцион,2024-03-17,2024-03-28,11,10,Поставщик_0246,128011514827,1147088.25,Завершен,False
402466,Продукты питания,Заказчик_0034,638762102480,Из одного источника по несостоявшимся закупкам,2024-12-20,2024-12-29,9,4,Поставщик_0131,981867816273,528746.7,Завершен,False
402467,Канцелярские товары,Заказчик_0068,707783689405,Запрос ценовых предложений,2023-06-22,2023-07-02,10,1,Поставщик_0557,404694079971,258034.73,Опубликован,False
402468,Канцелярские товары,Заказчик_0185,103321145403,Электронный аукцион,2023-07-16,2023-07-17,1,3,Поставщик_0433,475307919366,281105.34,Завершен,False
402469,Ремонт зданий,Заказчик_0124,308392990638,Электронный аукцион,2024-02-14,2024-02-22,8,1,Поставщик_0758,294831337443,6150863.19,Опубликован,False
402470,Охранные услуги,Заказчик_0115,986712861740,Запрос ценовых предложений,2023-02-05,2023-02-19,14,3,Поставщик_0335,393920822896,2023568.74,Завершен,False
402471,IT-услуги,Заказчик_0070,366888337780,Из одного источника по несостоявшимся закупкам,2025-02-14,2025-03-01,15,3,Поставщик_0123,947327724535,5436737.99,Завершен,False
402472,Продукты питания,Заказчик_0157,319262117645,Открытый конкурс,2023-01-06,2023-01-09,3,1,Поставщик_0251,377751361568,546527.66,Итоги подведены,False
402473,Транспортные услуги,Заказчик_0016,294850989981,Электронный аукцион,2023-12-21,2024-01-04,14,3,Поставщик_0404,637243297218,1096335.02,Итоги подведены,False
402474,Ремонт зданий,Заказчик_0078,598284873191,Открытый конкурс,2023-04-23,2023-04-29,6,6,Поставщик_0385,494981171781,5718147.33,Итоги подведены,False
402475,Стройматериалы,Заказчик_0140,572961937397,Электронный аукцион,2024-09-18,2024-09-25,7,5,Поставщик_0501,975249883894,2691029.78,Итоги подведены,False
402476,Ремонт зданий,Заказчик_0055,539176725448,Открытый конкурс,2024-12-20,2024-12-30,10,4,Поставщик_0598,544669200201,6395953.88,Итоги подведены,False
402477,Транспортные услуги,Заказчик_0188,511393683388,Из одного источника,2024-12-14,2024-12-28,14,4,Поставщик_0390,598768757751,1071783.89,Итоги подведены,False
402478,Транспортные услуги,Заказчик_0091,800785553136,Запрос ценовых предложений,2025-03-23,2025-03-30,7,4,Поставщик_0161,496156655633,1047377.83,Завершен,False
402479,Охранные услуги,Заказчик_0175,560089674827,Электронный аукцион,2024-05-10,2024-05-28,18,1,Поставщик_0269,037527621769,1814825.69,Итоги подведены,False
402480,IT-услуги,Заказчик_0155,850611322279,Открытый конкурс,2025-05-23,2025-06-05,13,5,Поставщик_0221,526783920968,5449749.64,Итоги подведены,False
402481,Клининг,Заказчик_0082,679471404490,Открытый конкурс,2023-12-06,2023-12-13,7,2,Поставщик_0183,933280862559,609983.73,Итоги подведены,False
402482,Транспортные услуги,Заказчик_0087,751590785490,Открытый конкурс,2023-12-03,2023-12-20,17,4,Поставщик_0739,795163914900,1142190.94,Отменен,False
402483,IT-услуги,Заказчик_0199,342856565386,Открытый конкурс,2024-06-29,2024-07-01,2,1,Поставщик_0259,469059047610,7122791.24,Итоги подведены,True
402484,Ремонт зданий,Заказчик_0123,706853063646,Открытый конкурс,2023-04-02,2023-04-15,13,6,Поставщик_0546,843681861106,5142467.03,Итоги подведены,False
402485,Канцелярские товары,Заказчик_0146,531933776661,Открытый конкурс,2024-09-09,2024-09-11,2,1,Поставщик_0299,615581038112,398618.82,Завершен,True
402486,Канцелярские товары,Заказчик_0016,294850989981,Открытый конкурс,2024-11-06,2024-11-19,13,2,Поставщик_0369,627611614932,329178.54,Завершен,False
402487,Стройматериалы,Заказчик_0095,724337750016,Запрос ценовых предложений,2025-05-03,2025-05-10,7,3,Поставщик_0299,615581038112,2689043.02,Завершен,False
402488,Канцелярские товары,Заказчик_0038,756202235126,Электронный аукцион,2024-02-23,2024-02-28,5,4,Поставщик_0117,937934651281,326347.03,Завершен,False
402489,Мебель,Заказчик_0117,419505214624,Электронный аукцион,2023-08-11,2023-08-15,4,1,Поставщик_0101,134564782885,1340580.96,Итоги подведены,True
402490,Канцелярские товары,Заказчик_0016,294850989981,Открытый конкурс,2024-09-26,2024-10-10,14,2,Поставщик_0704,159772307286,308020.8,Опубликован,False
402491,Продукты питания,Заказчик_0149,424259616526,Электронный аукцион,2024-10-25,2024-11-07,13,4,Поставщик_0249,753741809469,489846.01,Завершен,False
402492,Ремонт зданий,Заказчик_0108,933786876564,Открытый конкурс,2023-06-29,2023-07-09,10,4,Поставщик_0198,662219935215,6465439.64,Опубликован,False
402493,Клининг,Заказчик_0095,724337750016,Электронный аукцион,2025-01-11,2025-01-16,5,4,Поставщик_0061,660832798083,741962.87,Опубликован,False
402494,Клининг,Заказчик_0122,138783944958,Из одного источника,2023-05-09,2023-05-24,15,4,Поставщик_0087,387671609145,641347.12,Завершен,False
402495,Мебель,Заказчик_0021,049902298831,Электронный аукцион,2023-04-10,2023-04-27,17,1,Поставщик_0066,762315986624,947241.72,Завершен,False
402496,Ремонт зданий,Заказчик_0123,706853063646,Электронный аукцион,2025-04-02,2025-04-15,13,2,Поставщик_0174,289501223063,5366061.1,Завершен,False
402497,Продукты питания,Заказчик_0124,308392990638,Из одного источника по несостоявшимся закупкам,2023-06-05,2023-06-17,12,3,Поставщик_0079,893931994271,435007.75,Завершен,False
402498,Стройматериалы,Заказчик_0011,890407714528,Запрос ценовых предложений,2025-03-06,2025-03-14,8,2,Поставщик_0415,349738713330,3048571.46,Завершен,False
402499,Транспортные услуги,Заказчик_0108,933786876564,Электронный аукцион,2025-05-13,2025-05-24,11,5,Поставщик_0338,671463015987,1101913.85,Итоги подведены,False
402500,Продукты питания,Заказчик_0104,865457848634,Запрос ценовых предложений,2023-06-08,2023-06-22,14,2,Поставщик_0667,289713077352,548028.76,Итоги подведены,False
402501,Медицинское оборудование,Заказчик_0109,331294210817,Из одного источника по несостоявшимся закупкам,2023-05-14,2023-05-22,8,4,Поставщик_0672,334018729361,7824779.8,Завершен,False
402502,Стройматериалы,Заказчик_0095,724337750016,Из одного источника,2023-11-22,2023-11-30,8,2,Поставщик_0183,933280862559,3036710.17,Итоги подведены,False
402503,Канцелярские товары,Заказчик_0003,868570220212,Электронный аукцион,2024-03-26,2024-04-12,17,3,Поставщик_0054,334605183424,285458.19,Завершен,False
402504,Продукты питания,Заказчик_0047,881968747928,Из одного источника,2024-01-20,2024-02-02,13,5,Поставщик_0442,406737830193,544987.67,Итоги подведены,False
402505,Транспортные услуги,Заказчик_0178,823345926868,Открытый конкурс,2024-09-24,2024-10-05,11,4,Поставщик_0334,967253938188,1319201.65,Итоги подведены,False
402506,Медицинское оборудование,Заказчик_0043,200593676791,Открытый конкурс,2023-02-25,2023-03-08,11,3,Поставщик_0097,691450984591,8019822.07,Опубликован,False
402507,Медицинское оборудование,Заказчик_0006,836394225258,Электронный аукцион,2024-01-07,2024-01-18,11,3,Поставщик_0491,158112158095,6991197.06,Опубликован,False
402508,Транспортные услуги,Заказчик_0019,190156218256,Открытый конкурс,2024-12-21,2025-01-01,11,4,Поставщик_0756,517725351365,1287581.82,Завершен,False
402509,Медицинское оборудование,Заказчик_0004,633229661713,Открытый конкурс,2024-06-30,2024-07-11,11,2,Поставщик_0411,650003801943,7439800.06,Завершен,False
402510,Канцелярские товары,Заказчик_0052,571247952112,Из одного источника по несостоявшимся закупкам,2023-12-18,2023-12-27,9,1,Поставщик_0531,201609917372,287459.5,Завершен,False
402511,Медицинское оборудование,Заказчик_0034,638762102480,Открытый конкурс,2024-07-13,2024-07-22,9,2,Поставщик_0032,877320275114,7785806.2,Отменен,False
402512,Канцелярские товары,Заказчик_0150,560471705949,Открытый конкурс,2023-02-16,2023-03-08,20,4,Поставщик_0680,617716335022,324208.9,Завершен,False
402513,Транспортные услуги,Заказчик_0096,626442714264,Открытый конкурс,2025-03-14,2025-03-24,10,3,Поставщик_0028,253645471972,1031189.6,Опубликован,False
402514,Мебель,Заказчик_0193,560763609637,Открытый конкурс,2024-08-26,2024-09-08,13,3,Поставщик_0077,930130381662,1072819.93,Завершен,False
402515,Канцелярские товары,Заказчик_0065,847528925395,Электронный аукцион,2024-03-26,2024-04-01,6,3,Поставщик_0214,459023304521,258794.32,Завершен,False
402516,Стройматериалы,Заказчик_0049,308127387209,Открытый конкурс,2023-09-29,2023-10-06,7,2,Поставщик_0178,808059437820,2894784.27,Завершен,False
402517,Клининг,Заказчик_0096,626442714264,Из одного источника,2025-06-17,2025-06-27,10,3,Поставщик_0119,431616934635,742758.46,Итоги подведены,False
402518,Медицинское оборудование,Заказчик_0062,298543394596,Запрос ценовых предложений,2023-02-14,2023-02-16,2,2,Поставщик_0260,316863067117,7633422.54,Завершен,False
402519,Ремонт зданий,Заказчик_0173,212954133846,Открытый конкурс,2024-03-09,2024-03-18,9,5,Поставщик_0129,442180051605,5835735.72,Завершен,False
402520,Медицинское оборудование,Заказчик_0128,840683305887,Электронный аукцион,2024-06-13,2024-06-22,9,3,Поставщик_0791,984190253969,8319726.35,Итоги подведены,False
402521,Мебель,Заказчик_0113,268518827291,Электронный аукцион,2023-10-01,2023-10-17,16,6,Поставщик_0005,294384972853,1096670.81,Завершен,False
402522,Мебель,Заказчик_0131,463876194901,Электронный аукцион,2025-02-15,2025-02-26,11,3,Поставщик_0197,888052186039,881174.84,Завершен,False
402523,Продукты питания,Заказчик_0186,053323099951,Из одного источника по несостоявшимся закупкам,2024-07-01,2024-07-08,7,1,Поставщик_0365,679875524456,519486.68,Завершен,False
402524,Охранные услуги,Заказчик_0162,649389366563,Запрос ценовых предложений,2024-01-17,2024-01-26,9,5,Поставщик_0640,650976221927,1889436.94,Итоги подведены,False
402525,Канцелярские товары,Заказчик_0070,366888337780,Запрос ценовых предложений,2025-01-18,2025-01-31,13,3,Поставщик_0563,314181945048,303254.76,Завершен,False
402526,Транспортные услуги,Заказчик_0045,891036937066,Запрос ценовых предложений,2023-03-09,2023-03-10,1,1,Поставщик_0237,009412350783,1249995.51,Завершен,False
402527,Стройматериалы,Заказчик_0085,228319081121,Запрос ценовых предложений,2023-04-05,2023-04-21,16,2,Поставщик_0392,072784864080,3086959.71,Отменен,False
402528,Ремонт зданий,Заказчик_0094,217330854160,Из одного источника по несостоявшимся закупкам,2024-10-30,2024-11-07,8,4,Поставщик_0576,451280438340,5189016.11,Итоги подведены,False
402529,IT-услуги,Заказчик_0124,308392990638,Из одного источника по несостоявшимся закупкам,2025-03-15,2025-03-17,2,5,Поставщик_0399,507533115246,5227820.33,Отменен,False
402530,Транспортные услуги,Заказчик_0063,541376725946,Из одного источника по несостоявшимся закупкам,2023-06-19,2023-07-05,16,6,Поставщик_0523,211268747532,1267170.9,Опубликован,False
402531,Ремонт зданий,Заказчик_0106,132435760062,Электронный аукцион,2025-05-02,2025-05-12,10,6,Поставщик_0272,730783244819,5790754.52,Завершен,False
402532,Транспортные услуги,Заказчик_0056,936679226110,Открытый конкурс,2024-03-26,2024-04-07,12,2,Поставщик_0595,398571213861,1236355.23,Завершен,False
402533,Медицинское оборудование,Заказчик_0073,291422089614,Из одного источника по несостоявшимся закупкам,2024-05-09,2024-06-01,23,3,Поставщик_0796,772196538689,7061756.79,Отменен,False
402534,IT-услуги,Заказчик_0195,530149191342,Электронный аукцион,2024-04-21,2024-05-04,13,3,Поставщик_0736,946616957932,4394138.09,Завершен,False
402535,Канцелярские товары,Заказчик_0086,600723107574,Открытый конкурс,2024-02-06,2024-02-08,2,2,Поставщик_0594,125587341592,264055.68,Завершен,False
402536,Ремонт зданий,Заказчик_0032,421496963502,Из одного источника по несостоявшимся закупкам,2024-04-27,2024-05-14,17,4,Поставщик_0784,301110713543,6321196.98,Завершен,False
402537,Транспортные услуги,Заказчик_0191,742687446267,Открытый конкурс,2024-06-10,2024-06-17,7,3,Поставщик_0296,457711350883,1042473.29,Завершен,False
402538,Ремонт зданий,Заказчик_0126,693755362174,Из одного источника,2024-12-25,2025-01-09,15,3,Поставщик_0154,360846433592,5346699.64,Завершен,False
402539,Транспортные услуги,Заказчик_0121,095952713783,Открытый конкурс,2024-05-31,2024-06-02,2,2,Поставщик_0656,833596644581,1315400.43,Завершен,False
402540,Ремонт зданий,Заказчик_0050,074766470263,Запрос ценовых предложений,2024-01-01,2024-01-21,20,4,Поставщик_0560,600427856280,5817357.15,Итоги подведены,False
402541,Транспортные услуги,Заказчик_0069,588454746149,Открытый конкурс,2025-03-15,2025-03-29,14,4,Поставщик_0675,738345126963,1083456.86,Завершен,False
402542,Клининг,Заказчик_0084,846650721507,Электронный аукцион,2024-12-08,2024-12-14,6,1,Поставщик_0439,477268128749,727088.42,Завершен,False
402543,Мебель,Заказчик_0006,836394225258,Электронный аукцион,2023-08-20,2023-09-03,14,1,Поставщик_0103,081878752772,1094302.18,Завершен,False
402544,Клининг,Заказчик_0037,867585874226,Открытый конкурс,2023-03-23,2023-03-30,7,2,Поставщик_0481,847393827870,706631.31,Завершен,False
402545,Канцелярские товары,Заказчик_0157,319262117645,Запрос ценовых предложений,2023-05-23,2023-06-07,15,3,Поставщик_0777,708863411997,258880.65,Завершен,False
402546,Стройматериалы,Заказчик_0106,132435760062,Открытый конкурс,2023-07-17,2023-08-05,19,1,Поставщик_0229,638765974189,3134664.39,Завершен,False
402547,Клининг,Заказчик_0021,049902298831,Открытый конкурс,2024-02-16,2024-02-19,3,1,Поставщик_0527,717368658225,736752.36,Завершен,False
402548,Охранные услуги,Заказчик_0022,876960826911,Открытый конкурс,2024-12-10,2024-12-11,1,7,Поставщик_0023,195771172870,1956272.2,Завершен,False
402549,Канцелярские товары,Заказчик_0121,095952713783,Открытый конкурс,2023-01-28,2023-02-15,18,3,Поставщик_0060,512534346021,279849.11,Завершен,False
402550,Медицинское оборудование,Заказчик_0198,615372780181,Из одного источника по несостоявшимся закупкам,2024-11-05,2024-11-14,9,2,Поставщик_0004,178380759187,8720425.25,Итоги подведены,False
402551,IT-услуги,Заказчик_0137,362813537454,Запрос ценовых предложений,2023-04-26,2023-05-16,20,1,Поставщик_0493,659352082128,5319162.15,Отменен,False
402552,Продукты питания,Заказчик_0142,197238572836,Из одного источника по несостоявшимся закупкам,2023-01-20,2023-01-31,11,2,Поставщик_0395,127547310444,527874.32,Итоги подведены,False
402553,Мебель,Заказчик_0053,105295618485,Открытый конкурс,2023-11-05,2023-11-15,10,7,Поставщик_0125,432403029344,1024659.48,Отменен,False
402554,Ремонт зданий,Заказчик_0050,074766470263,Запрос ценовых предложений,2024-10-06,2024-10-16,10,1,Поставщик_0304,573708281211,5122679.56,Итоги подведены,False
402555,Охранные услуги,Заказчик_0101,937882116761,Открытый конкурс,2024-05-02,2024-05-18,16,1,Поставщик_0657,574512230495,1766198.71,Завершен,False
402556,Медицинское оборудование,Заказчик_0191,742687446267,Запрос ценовых предложений,2023-03-17,2023-04-10,24,4,Поставщик_0648,092630172816,7524233.56,Завершен,False
402557,IT-услуги,Заказчик_0088,446490060265,Из одного источника по несостоявшимся закупкам,2023-12-27,2023-12-30,3,1,Поставщик_0024,820750434532,6754811.82,Итоги подведены,True
402558,Мебель,Заказчик_0027,073988827188,Электронный аукцион,2023-12-11,2024-01-03,23,5,Поставщик_0766,950405774567,1053356.45,Итоги подведены,False
402559,Мебель,Заказчик_0161,030990904779,Из одного источника по несостоявшимся закупкам,2023-11-18,2023-11-29,11,2,Поставщик_0011,543600741840,902017.82,Завершен,False
402560,Мебель,Заказчик_0067,415355431652,Электронный аукцион,2023-09-05,2023-09-18,13,2,Поставщик_0680,617716335022,977741.26,Опубликован,False
402561,Стройматериалы,Заказчик_0046,178619734353,Запрос ценовых предложений,2024-01-29,2024-02-04,6,3,Поставщик_0719,880353449473,2946247.49,Итоги подведены,False
402562,IT-услуги,Заказчик_0145,164798701236,Электронный аукцион,2023-03-02,2023-03-05,3,2,Поставщик_0635,900785867507,5399969.81,Завершен,False
402563,Продукты питания,Заказчик_0105,101837512445,Запрос ценовых предложений,2025-03-30,2025-04-03,4,3,Поставщик_0563,314181945048,501236.58,Завершен,False
402564,Транспортные услуги,Заказчик_0056,936679226110,Запрос ценовых предложений,2024-08-08,2024-08-23,15,5,Поставщик_0033,459232116860,1067555.73,Завершен,False
402565,Ремонт зданий,Заказчик_0027,073988827188,Открытый конкурс,2024-07-14,2024-07-21,7,3,Поставщик_0791,984190253969,5364929.02,Завершен,False
402566,Стройматериалы,Заказчик_0102,747749566861,Из одного источника по несостоявшимся закупкам,2024-12-16,2024-12-19,3,1,Поставщик_0746,277946131833,4292144.54,Завершен,True
402567,Мебель,Заказчик_0008,959807652614,Из одного источника по несостоявшимся закупкам,2024-12-07,2024-12-09,2,1,Поставщик_0083,252720429306,1013619.63,Завершен,False
402568,Канцелярские товары,Заказчик_0069,588454746149,Из одного источника,2025-03-17,2025-03-23,6,4,Поставщик_0220,468537478273,291846.65,Завершен,False
402569,Ремонт зданий,Заказчик_0123,706853063646,Запрос ценовых предложений,2024-01-19,2024-01-30,11,2,Поставщик_0210,181743746112,5895366.27,Отменен,False
402570,IT-услуги,Заказчик_0136,789135342202,Из одного источника по несостоявшимся закупкам,2023-05-27,2023-06-10,14,3,Поставщик_0288,661203121503,4447015.59,Опубликован,False
402571,Мебель,Заказчик_0139,584877345150,Из одного источника по несостоявшимся закупкам,2024-07-20,2024-08-02,13,5,Поставщик_0271,917418753163,982920.33,Опубликован,False
402572,Продукты питания,Заказчик_0018,571295570558,Из одного источника по несостоявшимся закупкам,2023-04-04,2023-04-09,5,10,Поставщик_0505,685208594331,497820.44,Завершен,False
402573,Продукты питания,Заказчик_0018,571295570558,Из одного источника,2024-03-21,2024-03-28,7,4,Поставщик_0557,404694079971,467816.38,Опубликован,False
402574,Ремонт зданий,Заказчик_0002,930086875935,Из одного источника,2024-02-27,2024-03-11,13,3,Поставщик_0592,415569372220,6376898.82,Завершен,False
402575,Мебель,Заказчик_0169,512269807126,Запрос ценовых предложений,2024-06-27,2024-07-20,23,2,Поставщик_0790,687196829929,1081333.99,Опубликован,False
402576,IT-услуги,Заказчик_0167,098964499673,Из одного источника по несостоявшимся закупкам,2023-03-21,2023-04-02,12,4,Поставщик_0165,784812662610,5478261.1,Итоги подведены,False
402577,Продукты питания,Заказчик_0038,756202235126,Электронный аукцион,2023-04-25,2023-05-10,15,5,Поставщик_0427,644483312630,501439.65,Итоги подведены,False
402578,Стройматериалы,Заказчик_0103,043205340808,Из одного источника,2024-07-22,2024-08-06,15,3,Поставщик_0033,459232116860,2570950.86,Итоги подведены,False
402579,Стройматериалы,Заказчик_0158,456227804705,Запрос ценовых предложений,2023-01-03,2023-01-13,10,3,Поставщик_0252,001422100968,2992717.13,Завершен,False
402580,Стройматериалы,Заказчик_0197,921159241640,Открытый конкурс,2025-03-20,2025-03-24,4,4,Поставщик_0513,247215278928,2879268.44,Итоги подведены,False
402581,Транспортные услуги,Заказчик_0077,634570271159,Запрос ценовых предложений,2024-05-30,2024-06-06,7,4,Поставщик_0159,850370216832,1217699.61,Отменен,False
402582,Канцелярские товары,Заказчик_0081,893419340814,Открытый конкурс,2024-06-10,2024-06-20,10,6,Поставщик_0435,150641092260,322813.52,Опубликован,False
402583,Охранные услуги,Заказчик_0144,516681609103,Из одного источника,2025-04-16,2025-04-29,13,4,Поставщик_0098,571368539972,1976169.2,Завершен,False
402584,Мебель,Заказчик_0025,958511387882,Открытый конкурс,2024-04-07,2024-04-12,5,4,Поставщик_0556,667280821303,1056009.3,Завершен,False
402585,Стройматериалы,Заказчик_0082,679471404490,Из одного источника по несостоявшимся закупкам,2023-01-13,2023-01-24,11,3,Поставщик_0101,134564782885,3204673.71,Итоги подведены,False
402586,Стройматериалы,Заказчик_0126,693755362174,Открытый конкурс,2023-04-08,2023-04-16,8,3,Поставщик_0138,786746124356,2741056.89,Итоги подведены,False
402587,Стройматериалы,Заказчик_0149,424259616526,Запрос ценовых предложений,2023-12-29,2024-01-09,11,3,Поставщик_0016,146801753931,2589957.21,Отменен,False
402588,IT-услуги,Заказчик_0118,609055953469,Запрос ценовых предложений,2024-11-04,2024-11-13,9,3,Поставщик_0004,178380759187,5269488.78,Завершен,False
402589,Клининг,Заказчик_0142,197238572836,Из одного источника по несостоявшимся закупкам,2024-12-16,2024-12-19,3,2,Поставщик_0090,570623638590,747731.74,Завершен,False
402590,Стройматериалы,Заказчик_0033,456442497105,Из одного источника по несостоявшимся закупкам,2023-09-20,2023-09-27,7,1,Поставщик_0470,146781682683,3032787.13,Итоги подведены,False
402591,IT-услуги,Заказчик_0081,893419340814,Открытый конкурс,2023-12-20,2024-01-03,14,4,Поставщик_0496,641940601150,5087558.16,Итоги подведены,False
402592,Стройматериалы,Заказчик_0197,921159241640,Из одного источника,2025-04-23,2025-05-05,12,2,Поставщик_0218,435602273530,3013465.27,Отменен,False
402593,Охранные услуги,Заказчик_0130,560397578096,Электронный аукцион,2023-10-04,2023-10-15,11,4,Поставщик_0389,754448376423,2093159.34,Завершен,False
402594,Ремонт зданий,Заказчик_0048,544728808246,Запрос ценовых предложений,2025-04-05,2025-04-18,13,2,Поставщик_0244,547497209775,6252729.72,Завершен,False
402595,Стройматериалы,Заказчик_0009,498251982661,Из одного источника,2023-10-24,2023-10-27,3,1,Поставщик_0029,042388906871,4347149.96,Завершен,True
402596,Стройматериалы,Заказчик_0168,413748378959,Из одного источника,2025-03-13,2025-03-17,4,1,Поставщик_0125,432403029344,2948638.15,Итоги подведены,False
402597,IT-услуги,Заказчик_0043,200593676791,Открытый конкурс,2024-01-27,2024-02-15,19,2,Поставщик_0155,018915617364,5366916.0,Завершен,False
402598,IT-услуги,Заказчик_0012,425723964512,Открытый конкурс,2024-08-14,2024-08-26,12,5,Поставщик_0243,047906730374,4584521.78,Опубликован,False
402599,Транспортные услуги,Заказчик_0055,539176725448,Электронный аукцион,2024-10-12,2024-10-25,13,1,Поставщик_0420,118735108906,1053977.27,Завершен,False
402600,Ремонт зданий,Заказчик_0169,512269807126,Открытый конкурс,2024-04-29,2024-05-08,9,6,Поставщик_0068,643324683156,5329947.36,Завершен,False
402601,IT-услуги,Заказчик_0088,446490060265,Электронный аукцион,2024-09-12,2024-09-28,16,1,Поставщик_0179,039907515261,4912933.16,Итоги подведены,False
402602,Охранные услуги,Заказчик_0189,913923992645,Электронный аукцион,2024-06-01,2024-06-08,7,3,Поставщик_0076,602717470664,2129482.73,Опубликован,False
402603,Транспортные услуги,Заказчик_0072,072315571086,Электронный аукцион,2024-06-20,2024-07-11,21,6,Поставщик_0066,762315986624,1074871.16,Итоги подведены,False
402604,Охранные услуги,Заказчик_0149,424259616526,Электронный аукцион,2023-12-07,2023-12-21,14,4,Поставщик_0721,536139518740,1936849.76,Завершен,False
402605,Клининг,Заказчик_0134,006567464629,Из одного источника,2025-01-13,2025-02-08,26,3,Поставщик_0367,936021322936,750007.93,Завершен,False
402606,Мебель,Заказчик_0072,072315571086,Электронный аукцион,2023-03-16,2023-03-28,12,2,Поставщик_0612,305653841439,984475.51,Завершен,False
402607,Продукты питания,Заказчик_0007,329500167403,Электронный аукцион,2024-10-21,2024-10-29,8,4,Поставщик_0605,427937196986,430139.29,Отменен,False
402608,Транспортные услуги,Заказчик_0110,880371318781,Электронный аукцион,2025-01-23,2025-01-31,8,1,Поставщик_0679,761720077408,1037690.54,Итоги подведены,False
402609,Канцелярские товары,Заказчик_0093,375889866098,Электронный аукцион,2025-01-12,2025-01-29,17,2,Поставщик_0516,563223430007,297549.27,Завершен,False
402610,Медицинское оборудование,Заказчик_0047,881968747928,Электронный аукцион,2023-12-05,2023-12-11,6,3,Поставщик_0741,047238737564,6839646.16,Опубликован,False
402611,Медицинское оборудование,Заказчик_0099,557410386890,Электронный аукцион,2024-01-08,2024-01-28,20,4,Поставщик_0778,818114369237,7183314.17,Завершен,False
402612,Ремонт зданий,Заказчик_0093,375889866098,Открытый конкурс,2024-12-23,2025-01-02,10,4,Поставщик_0391,516505148191,5186856.15,Итоги подведены,False
402613,Охранные услуги,Заказчик_0005,965687203229,Запрос ценовых предложений,2024-04-02,2024-04-03,1,3,Поставщик_0084,986105712292,2082731.25,Завершен,False
402614,IT-услуги,Заказчик_0028,284372013892,Из одного источника по несостоявшимся закупкам,2025-04-19,2025-04-28,9,2,Поставщик_0005,294384972853,4306985.89,Отменен,False
402615,Ремонт зданий,Заказчик_0130,560397578096,Запрос ценовых предложений,2024-08-21,2024-08-31,10,1,Поставщик_0431,457774731762,6468684.73,Итоги подведены,False
402616,IT-услуги,Заказчик_0010,757503098830,Из одного источника по несостоявшимся закупкам,2023-04-29,2023-05-03,4,1,Поставщик_0185,771865953750,7008375.46,Итоги подведены,True
402617,Стройматериалы,Заказчик_0001,016525808631,Открытый конкурс,2024-06-08,2024-06-10,2,5,Поставщик_0653,553280739009,2658918.0,Отменен,False
402618,Ремонт зданий,Заказчик_0104,865457848634,Электронный аукцион,2024-01-22,2024-01-30,8,2,Поставщик_0060,512534346021,6146901.11,Завершен,False
402619,Стройматериалы,Заказчик_0124,308392990638,Открытый конкурс,2024-02-13,2024-02-25,12,2,Поставщик_0144,898856957794,2562592.16,Опубликован,False
402620,Ремонт зданий,Заказчик_0043,200593676791,Открытый конкурс,2025-05-07,2025-05-14,7,3,Поставщик_0737,540378658813,6342152.64,Завершен,False
402621,Транспортные услуги,Заказчик_0168,413748378959,Открытый конкурс,2023-09-08,2023-09-13,5,3,Поставщик_0234,545458190187,1262585.85,Завершен,False
402622,Медицинское оборудование,Заказчик_0046,178619734353,Открытый конкурс,2023-08-09,2023-08-16,7,2,Поставщик_0158,941076970110,6833262.16,Завершен,False
402623,Клининг,Заказчик_0071,069974068469,Электронный аукцион,2025-03-03,2025-03-13,10,2,Поставщик_0159,850370216832,643744.55,Завершен,False
402624,Транспортные услуги,Заказчик_0155,850611322279,Запрос ценовых предложений,2024-09-06,2024-09-07,1,3,Поставщик_0304,573708281211,1259525.46,Опубликован,False
402625,IT-услуги,Заказчик_0023,152672624980,Открытый конкурс,2024-05-08,2024-05-22,14,5,Поставщик_0769,405080242263,4894292.82,Завершен,False
402626,Охранные услуги,Заказчик_0154,114217757188,Из одного источника по несостоявшимся закупкам,2023-06-25,2023-06-29,4,1,Поставщик_0442,406737830193,2851904.68,Итоги подведены,True
402627,Стройматериалы,Заказчик_0180,050288400985,Открытый конкурс,2023-03-25,2023-03-29,4,3,Поставщик_0252,001422100968,2941074.82,Завершен,False
402628,Продукты питания,Заказчик_0198,615372780181,Электронный аукцион,2024-06-17,2024-06-18,1,4,Поставщик_0326,956745653116,487952.75,Отменен,False
402629,Охранные услуги,Заказчик_0037,867585874226,Открытый конкурс,2025-05-21,2025-06-07,17,1,Поставщик_0658,678801259710,1918617.61,Завершен,False
402630,Медицинское оборудование,Заказчик_0001,016525808631,Из одного источника по несостоявшимся закупкам,2025-03-31,2025-04-14,14,2,Поставщик_0447,811413512591,7366341.07,Завершен,False
402631,Транспортные услуги,Заказчик_0125,691670073356,Запрос ценовых предложений,2024-04-18,2024-05-03,15,1,Поставщик_0041,628909287388,1309174.43,Завершен,False
402632,Охранные услуги,Заказчик_0134,006567464629,Открытый конкурс,2024-09-01,2024-09-13,12,5,Поставщик_0130,021955076204,2052048.88,Итоги подведены,False
402633,Продукты питания,Заказчик_0018,571295570558,Открытый конкурс,2023-11-10,2023-11-29,19,2,Поставщик_0307,993157250502,543086.43,Завершен,False
402634,IT-услуги,Заказчик_0182,383719759048,Из одного источника,2025-01-25,2025-02-11,17,4,Поставщик_0248,462736711337,5343052.58,Завершен,False
402635,Мебель,Заказчик_0085,228319081121,Из одного источника по несостоявшимся закупкам,2023-08-29,2023-09-14,16,1,Поставщик_0129,442180051605,1023755.69,Итоги подведены,False
402636,Клининг,Заказчик_0194,940255554375,Из одного источника,2023-05-09,2023-05-28,19,2,Поставщик_0671,235646132247,747884.2,Завершен,False
402637,Охранные услуги,Заказчик_0142,197238572836,Электронный аукцион,2025-01-17,2025-01-28,11,7,Поставщик_0465,980065671371,2098091.04,Завершен,False
402638,Медицинское оборудование,Заказчик_0140,572961937397,Открытый конкурс,2023-05-14,2023-06-06,23,2,Поставщик_0087,387671609145,7033404.61,Завершен,False
402639,Клининг,Заказчик_0156,370660134587,Открытый конкурс,2024-01-20,2024-01-23,3,4,Поставщик_0394,416300334338,640181.82,Завершен,False
402640,Транспортные услуги,Заказчик_0127,352249294184,Из одного источника,2024-10-06,2024-10-21,15,3,Поставщик_0572,516919540856,1237965.47,Завершен,False
402641,Продукты питания,Заказчик_0172,325409489345,Из одного источника,2023-11-20,2023-12-06,16,2,Поставщик_0475,719972248115,493584.2,Завершен,False
402642,Стройматериалы,Заказчик_0170,681775483909,Открытый конкурс,2024-10-15,2024-10-25,10,1,Поставщик_0227,652331722063,3033194.7,Итоги подведены,False
402643,Мебель,Заказчик_0185,103321145403,Из одного источника,2025-05-23,2025-05-30,7,2,Поставщик_0455,161205892073,1066941.03,Завершен,False
402644,Канцелярские товары,Заказчик_0184,660677017673,Электронный аукцион,2024-04-04,2024-04-17,13,3,Поставщик_0589,136000136411,304057.51,Опубликован,False
402645,Транспортные услуги,Заказчик_0141,155013446536,Электронный аукцион,2023-08-09,2023-08-13,4,3,Поставщик_0352,598108649509,1282177.0,Итоги подведены,False
402646,Транспортные услуги,Заказчик_0151,841936905579,Запрос ценовых предложений,2023-12-25,2023-12-30,5,4,Поставщик_0714,202683434669,1115565.77,Итоги подведены,False
402647,Клининг,Заказчик_0194,940255554375,Открытый конкурс,2024-11-29,2024-12-09,10,1,Поставщик_0589,136000136411,730358.59,Итоги подведены,False
402648,Продукты питания,Заказчик_0107,769835139635,Запрос ценовых предложений,2023-12-31,2024-01-01,1,1,Поставщик_0685,775363758901,614382.37,Завершен,True
402649,IT-услуги,Заказчик_0091,800785553136,Из одного источника по несостоявшимся закупкам,2023-08-05,2023-08-09,4,5,Поставщик_0532,454131066181,5353855.29,Завершен,False
402650,Клининг,Заказчик_0109,331294210817,Открытый конкурс,2024-08-21,2024-09-01,11,1,Поставщик_0068,643324683156,719513.42,Итоги подведены,False
402651,Ремонт зданий,Заказчик_0084,846650721507,Электронный аукцион,2024-11-01,2024-11-02,1,1,Поставщик_0246,128011514827,5446573.47,Завершен,False
402652,IT-услуги,Заказчик_0095,724337750016,Электронный аукцион,2024-01-15,2024-01-29,14,3,Поставщик_0044,798305978893,4424623.49,Опубликован,False
402653,Транспортные услуги,Заказчик_0036,195028486959,Электронный аукцион,2023-04-12,2023-04-30,18,6,Поставщик_0095,925701177161,1168043.42,Итоги подведены,False
402654,Ремонт зданий,Заказчик_0169,512269807126,Запрос ценовых предложений,2025-03-23,2025-04-11,19,3,Поставщик_0306,206779291308,5967361.93,Завершен,False
402655,Клининг,Заказчик_0014,219547810444,Открытый конкурс,2023-11-05,2023-11-19,14,1,Поставщик_0225,750965040563,644405.21,Завершен,False
402656,Клининг,Заказчик_0071,069974068469,Открытый конкурс,2023-11-27,2023-12-15,18,1,Поставщик_0740,689804271765,677301.84,Завершен,False
402657,Мебель,Заказчик_0041,403641416035,Запрос ценовых предложений,2024-10-30,2024-11-13,14,4,Поставщик_0407,496909492643,934339.1,Завершен,False
402658,IT-услуги,Заказчик_0117,419505214624,Из одного источника по несостоявшимся закупкам,2023-05-30,2023-06-04,5,1,Поставщик_0101,134564782885,7147358.67,Итоги подведены,True
402659,Транспортные услуги,Заказчик_0002,930086875935,Электронный аукцион,2023-02-21,2023-03-09,16,1,Поставщик_0691,853642560172,1290203.91,Завершен,False
402660,Медицинское оборудование,Заказчик_0064,196215509941,Открытый конкурс,2025-05-08,2025-05-15,7,4,Поставщик_0308,129590257354,8788513.24,Завершен,False
402661,Продукты питания,Заказчик_0070,366888337780,Открытый конкурс,2024-05-20,2024-06-03,14,1,Поставщик_0726,926884112358,543035.57,Завершен,False
402662,Стройматериалы,Заказчик_0184,660677017673,Электронный аукцион,2023-10-24,2023-11-06,13,1,Поставщик_0252,001422100968,2748426.15,Итоги подведены,False
402663,Ремонт зданий,Заказчик_0153,051929549841,Открытый конкурс,2023-12-25,2024-01-10,16,8,Поставщик_0547,802505735602,5397407.76,Завершен,False
402664,Охранные услуги,Заказчик_0072,072315571086,Из одного источника по несостоявшимся закупкам,2025-03-25,2025-04-05,11,4,Поставщик_0598,544669200201,2183912.61,Итоги подведены,False
402665,Ремонт зданий,Заказчик_0044,011652671671,Из одного источника по несостоявшимся закупкам,2025-03-28,2025-04-12,15,3,Поставщик_0576,451280438340,5920519.68,Итоги подведены,False
402666,Продукты питания,Заказчик_0041,403641416035,Открытый конкурс,2025-06-08,2025-06-17,9,1,Поставщик_0377,690676524653,471992.92,Завершен,False
402667,Канцелярские товары,Заказчик_0195,530149191342,Открытый конкурс,2024-03-31,2024-04-15,15,2,Поставщик_0672,334018729361,317200.82,Завершен,False
402668,Транспортные услуги,Заказчик_0172,325409489345,Запрос ценовых предложений,2023-09-24,2023-10-07,13,3,Поставщик_0367,936021322936,1088714.93,Завершен,False
402669,Канцелярские товары,Заказчик_0021,049902298831,Электронный аукцион,2024-07-21,2024-08-04,14,1,Поставщик_0550,582148078867,275730.96,Итоги подведены,False
402670,Медицинское оборудование,Заказчик_0134,006567464629,Электронный аукцион,2024-03-08,2024-03-21,13,1,Поставщик_0047,399069925917,7340878.63,Завершен,False
402671,Медицинское оборудование,Заказчик_0154,114217757188,Электронный аукцион,2024-02-14,2024-02-18,4,1,Поставщик_0442,406737830193,10482909.36,Итоги подведены,True
402672,Мебель,Заказчик_0153,051929549841,Открытый конкурс,2025-03-25,2025-04-02,8,6,Поставщик_0161,496156655633,901248.45,Опубликован,False
402673,IT-услуги,Заказчик_0040,303789475622,Запрос ценовых предложений,2024-07-06,2024-07-16,10,1,Поставщик_0134,530528735776,5378293.68,Опубликован,False
402674,Стройматериалы,Заказчик_0104,865457848634,Электронный аукцион,2025-04-12,2025-04-27,15,4,Поставщик_0787,912415283490,2865915.62,Завершен,False
402675,Стройматериалы,Заказчик_0091,800785553136,Запрос ценовых предложений,2024-06-26,2024-06-30,4,8,Поставщик_0604,789516709861,2585244.13,Завершен,False
402676,Ремонт зданий,Заказчик_0097,603503212307,Запрос ценовых предложений,2023-12-17,2023-12-30,13,5,Поставщик_0486,096596402469,5968896.35,Итоги подведены,False
402677,Продукты питания,Заказчик_0101,937882116761,Открытый конкурс,2024-09-09,2024-09-16,7,1,Поставщик_0129,442180051605,530662.98,Итоги подведены,False
402678,Продукты питания,Заказчик_0055,539176725448,Открытый конкурс,2024-03-05,2024-03-26,21,4,Поставщик_0236,351635939493,501534.37,Завершен,False
402679,Клининг,Заказчик_0011,890407714528,Электронный аукцион,2023-04-06,2023-04-17,11,5,Поставщик_0798,182456177583,637785.02,Итоги подведены,False
402680,Транспортные услуги,Заказчик_0001,016525808631,Открытый конкурс,2023-01-25,2023-02-09,15,2,Поставщик_0046,697251361799,1183155.33,Завершен,False
402681,Мебель,Заказчик_0012,425723964512,Открытый конкурс,2024-01-30,2024-02-12,13,2,Поставщик_0245,041098620582,1072245.82,Завершен,False
402682,Канцелярские товары,Заказчик_0095,724337750016,Запрос ценовых предложений,2023-03-26,2023-04-08,13,1,Поставщик_0501,975249883894,298565.34,Завершен,False
402683,Стройматериалы,Заказчик_0154,114217757188,Открытый конкурс,2024-03-09,2024-03-13,4,1,Поставщик_0442,406737830193,3614237.02,Опубликован,True
402684,Мебель,Заказчик_0165,105707422805,Электронный аукцион,2025-02-13,2025-02-18,5,1,Поставщик_0645,945551379107,1249252.3,Завершен,True
402685,Транспортные услуги,Заказчик_0096,626442714264,Запрос ценовых предложений,2023-06-11,2023-06-26,15,3,Поставщик_0693,417908118380,1282767.24,Завершен,False
402686,Охранные услуги,Заказчик_0016,294850989981,Электронный аукцион,2024-10-21,2024-11-07,17,5,Поставщик_0377,690676524653,1984047.34,Завершен,False
402687,Мебель,Заказчик_0079,987998370546,Открытый конкурс,2023-08-04,2023-08-11,7,1,Поставщик_0460,409351429754,1087079.0,Завершен,False
402688,Мебель,Заказчик_0036,195028486959,Открытый конкурс,2024-05-22,2024-06-02,11,4,Поставщик_0292,652920546051,1052161.84,Итоги подведены,False
402689,Транспортные услуги,Заказчик_0186,053323099951,Из одного источника по несостоявшимся закупкам,2023-09-01,2023-09-13,12,4,Поставщик_0222,535877304424,1128878.15,Завершен,False
402690,Канцелярские товары,Заказчик_0021,049902298831,Из одного источника,2023-11-08,2023-11-09,1,5,Поставщик_0666,295758217844,310768.27,Завершен,False
402691,Охранные услуги,Заказчик_0136,789135342202,Из одного источника по несостоявшимся закупкам,2023-07-11,2023-07-12,1,3,Поставщик_0291,467915348400,1779849.19,Завершен,False
402692,IT-услуги,Заказчик_0112,839942359881,Запрос ценовых предложений,2024-07-28,2024-08-08,11,1,Поставщик_0454,962676334080,4930044.0,Опубликован,False
402693,Стройматериалы,Заказчик_0157,319262117645,Открытый конкурс,2025-04-14,2025-04-24,10,5,Поставщик_0775,848398483906,2932183.38,Завершен,False
402694,Мебель,Заказчик_0179,703500144758,Из одного источника,2023-09-03,2023-09-11,8,2,Поставщик_0082,626181711111,963805.06,Завершен,False
402695,Охранные услуги,Заказчик_0109,331294210817,Из одного источника,2025-04-09,2025-04-19,10,2,Поставщик_0728,624041259320,2023170.17,Завершен,False
402696,Продукты питания,Заказчик_0088,446490060265,Открытый конкурс,2023-01-04,2023-01-09,5,1,Поставщик_0024,820750434532,692871.41,Итоги подведены,True
402697,Ремонт зданий,Заказчик_0017,424039274499,Открытый конкурс,2023-08-05,2023-08-16,11,3,Поставщик_0589,136000136411,6014669.74,Завершен,False
402698,Стройматериалы,Заказчик_0179,703500144758,Запрос ценовых предложений,2024-07-29,2024-08-12,14,1,Поставщик_0488,046505527714,2830840.84,Завершен,False
402699,Ремонт зданий,Заказчик_0169,512269807126,Открытый конкурс,2024-05-27,2024-06-07,11,5,Поставщик_0738,819932824269,6513828.65,Завершен,False
402700,Медицинское оборудование,Заказчик_0033,456442497105,Открытый конкурс,2023-08-27,2023-09-08,12,3,Поставщик_0691,853642560172,7282090.41,Завершен,False
402701,Охранные услуги,Заказчик_0160,845404873875,Электронный аукцион,2024-01-14,2024-01-22,8,5,Поставщик_0024,820750434532,1789261.33,Завершен,False
402702,Охранные услуги,Заказчик_0161,030990904779,Электронный аукцион,2024-07-16,2024-07-23,7,2,Поставщик_0343,926441226936,2090218.42,Завершен,False
402703,Медицинское оборудование,Заказчик_0050,074766470263,Запрос ценовых предложений,2023-11-10,2023-11-21,11,2,Поставщик_0126,093758825163,7525380.0,Завершен,False
402704,Мебель,Заказчик_0039,704542495687,Открытый конкурс,2024-02-29,2024-03-09,9,3,Поставщик_0141,820552102019,1010301.02,Завершен,False
402705,Клининг,Заказчик_0184,660677017673,Открытый конкурс,2023-04-11,2023-04-23,12,5,Поставщик_0524,751020189276,682372.4,Завершен,False
402706,Канцелярские товары,Заказчик_0127,352249294184,Открытый конкурс,2025-06-05,2025-06-16,11,3,Поставщик_0292,652920546051,299159.96,Итоги подведены,False
402707,Мебель,Заказчик_0079,987998370546,Открытый конкурс,2024-08-28,2024-09-06,9,1,Поставщик_0041,628909287388,1004186.91,Опубликован,False
402708,Канцелярские товары,Заказчик_0116,028575123047,Из одного источника по несостоявшимся закупкам,2023-03-29,2023-04-15,17,3,Поставщик_0791,984190253969,329832.45,Итоги подведены,False
402709,Мебель,Заказчик_0192,709445965738,Электронный аукцион,2023-06-24,2023-07-12,18,1,Поставщик_0713,937841018302,886850.3,Завершен,False
402710,Канцелярские товары,Заказчик_0179,703500144758,Запрос ценовых предложений,2023-07-08,2023-07-23,15,3,Поставщик_0212,625658016086,258810.42,Завершен,False
402711,Ремонт зданий,Заказчик_0088,446490060265,Запрос ценовых предложений,2024-03-11,2024-03-13,2,1,Поставщик_0024,820750434532,7155238.54,Итоги подведены,True
402712,Ремонт зданий,Заказчик_0156,370660134587,Открытый конкурс,2025-06-07,2025-06-19,12,2,Поставщик_0490,845577179815,5204932.92,Итоги подведены,False
402713,Клининг,Заказчик_0182,383719759048,Открытый конкурс,2024-05-05,2024-05-12,7,3,Поставщик_0502,300791075489,601164.24,Завершен,False
402714,Канцелярские товары,Заказчик_0174,628964171749,Электронный аукцион,2023-11-24,2023-12-09,15,4,Поставщик_0350,881081152855,325488.04,Завершен,False
402715,Транспортные услуги,Заказчик_0053,105295618485,Из одного источника,2023-08-15,2023-08-29,14,1,Поставщик_0142,733557002893,1264475.01,Опубликован,False
402716,Стройматериалы,Заказчик_0199,342856565386,Открытый конкурс,2023-03-29,2023-04-18,20,7,Поставщик_0397,629397549404,3225262.52,Итоги подведены,False
402717,Медицинское оборудование,Заказчик_0179,703500144758,Электронный аукцион,2025-05-23,2025-06-05,13,1,Поставщик_0299,615581038112,8718828.81,Завершен,False
402718,Охранные услуги,Заказчик_0056,936679226110,Из одного источника по несостоявшимся закупкам,2023-08-17,2023-08-25,8,2,Поставщик_0377,690676524653,1956171.52,Опубликован,False
402719,Медицинское оборудование,Заказчик_0124,308392990638,Открытый конкурс,2024-03-29,2024-04-04,6,2,Поставщик_0286,363568431712,8241687.67,Завершен,False
402720,Транспортные услуги,Заказчик_0056,936679226110,Из одного источника,2023-09-10,2023-09-27,17,3,Поставщик_0254,249692497310,1100260.88,Завершен,False
402721,Транспортные услуги,Заказчик_0172,325409489345,Электронный аукцион,2025-02-01,2025-02-02,1,2,Поставщик_0769,405080242263,1241549.44,Завершен,False
402722,Охранные услуги,Заказчик_0105,101837512445,Открытый конкурс,2024-12-03,2024-12-16,13,4,Поставщик_0451,536259268377,1940841.94,Завершен,False
402723,Мебель,Заказчик_0109,331294210817,Открытый конкурс,2023-07-20,2023-08-01,12,4,Поставщик_0285,513462082964,1008486.07,Итоги подведены,False
402724,Мебель,Заказчик_0073,291422089614,Запрос ценовых предложений,2023-06-14,2023-06-21,7,5,Поставщик_0123,947327724535,911261.11,Опубликован,False
402725,Ремонт зданий,Заказчик_0160,845404873875,Открытый конкурс,2025-04-15,2025-04-18,3,1,Поставщик_0467,681232354610,7403038.94,Завершен,True
402726,Медицинское оборудование,Заказчик_0145,164798701236,Электронный аукцион,2023-11-07,2023-11-24,17,7,Поставщик_0392,072784864080,8349263.79,Завершен,False
402727,Транспортные услуги,Заказчик_0028,284372013892,Открытый конкурс,2023-01-18,2023-01-28,10,1,Поставщик_0688,615267524997,1266436.32,Опубликован,False
402728,Ремонт зданий,Заказчик_0196,444633818661,Открытый конкурс,2024-04-02,2024-04-09,7,6,Поставщик_0458,517244360141,6032133.14,Итоги подведены,False
402729,Охранные услуги,Заказчик_0045,891036937066,Запрос ценовых предложений,2024-05-04,2024-05-15,11,3,Поставщик_0236,351635939493,2050996.62,Итоги подведены,False
402730,Продукты питания,Заказчик_0157,319262117645,Электронный аукцион,2025-05-03,2025-05-24,21,3,Поставщик_0796,772196538689,545210.43,Завершен,False
402731,IT-услуги,Заказчик_0035,461642607714,Открытый конкурс,2024-09-22,2024-10-06,14,2,Поставщик_0589,136000136411,5222773.35,Завершен,False
402732,Ремонт зданий,Заказчик_0168,413748378959,Электронный аукцион,2023-11-09,2023-11-17,8,3,Поставщик_0004,178380759187,5911718.78,Завершен,False
402733,Канцелярские товары,Заказчик_0074,356428134255,Из одного источника по несостоявшимся закупкам,2025-04-19,2025-05-04,15,4,Поставщик_0472,346460499989,324134.33,Завершен,False
402734,Продукты питания,Заказчик_0073,291422089614,Из одного источника,2024-04-20,2024-04-30,10,4,Поставщик_0504,777279885669,476168.29,Итоги подведены,False
402735,Охранные услуги,Заказчик_0035,461642607714,Электронный аукцион,2024-05-01,2024-05-13,12,3,Поставщик_0532,454131066181,2014375.56,Завершен,False
402736,Продукты питания,Заказчик_0117,419505214624,Открытый конкурс,2023-12-26,2023-12-29,3,1,Поставщик_0101,134564782885,638469.85,Завершен,True
402737,Медицинское оборудование,Заказчик_0023,152672624980,Открытый конкурс,2025-04-19,2025-05-03,14,3,Поставщик_0568,479045024243,7900626.64,Завершен,False
402738,Медицинское оборудование,Заказчик_0198,615372780181,Открытый конкурс,2024-09-28,2024-10-06,8,3,Поставщик_0455,161205892073,7959605.59,Завершен,False
402739,Медицинское оборудование,Заказчик_0177,290868910115,Открытый конкурс,2024-01-17,2024-01-29,12,1,Поставщик_0581,235737948478,7224061.32,Завершен,False
402740,IT-услуги,Заказчик_0081,893419340814,Открытый конкурс,2024-12-25,2025-01-12,18,4,Поставщик_0404,637243297218,5292104.07,Завершен,False
402741,Охранные услуги,Заказчик_0003,868570220212,Электронный аукцион,2023-08-28,2023-09-08,11,1,Поставщик_0416,560588412973,1849803.97,Завершен,False
402742,Медицинское оборудование,Заказчик_0133,355191676858,Электронный аукцион,2024-12-25,2024-12-27,2,1,Поставщик_0422,801971335920,10429572.15,Опубликован,True
402743,Медицинское оборудование,Заказчик_0038,756202235126,Открытый конкурс,2024-09-08,2024-09-23,15,1,Поставщик_0050,866108239013,8323318.13,Итоги подведены,False
402744,Клининг,Заказчик_0074,356428134255,Электронный аукцион,2024-06-06,2024-06-11,5,4,Поставщик_0274,413867661980,740215.11,Завершен,False
402745,IT-услуги,Заказчик_0197,921159241640,Из одного источника,2025-01-14,2025-01-28,14,7,Поставщик_0556,667280821303,4545083.9,Завершен,False
402746,Канцелярские товары,Заказчик_0108,933786876564,Из одного источника по несостоявшимся закупкам,2024-12-12,2024-12-13,1,4,Поставщик_0691,853642560172,322203.3,Завершен,False
402747,Продукты питания,Заказчик_0130,560397578096,Открытый конкурс,2023-11-29,2023-12-10,11,4,Поставщик_0707,835273872658,489925.05,Завершен,False
402748,Ремонт зданий,Заказчик_0127,352249294184,Запрос ценовых предложений,2023-03-03,2023-03-10,7,1,Поставщик_0653,553280739009,5785404.33,Опубликован,False
402749,Канцелярские товары,Заказчик_0097,603503212307,Открытый конкурс,2024-07-20,2024-08-02,13,2,Поставщик_0343,926441226936,313911.09,Завершен,False
402750,IT-услуги,Заказчик_0155,850611322279,Из одного источника,2025-05-29,2025-06-12,14,2,Поставщик_0445,688678330077,4363955.51,Итоги подведены,False
402751,Мебель,Заказчик_0034,638762102480,Открытый конкурс,2024-11-05,2024-11-18,13,3,Поставщик_0379,687413037719,1037277.39,Итоги подведены,False
402752,IT-услуги,Заказчик_0145,164798701236,Запрос ценовых предложений,2023-05-27,2023-06-02,6,2,Поставщик_0053,134266101208,5349394.22,Завершен,False
402753,Канцелярские товары,Заказчик_0037,867585874226,Открытый конкурс,2024-10-16,2024-10-25,9,1,Поставщик_0378,790259742576,295478.54,Итоги подведены,False
402754,Стройматериалы,Заказчик_0144,516681609103,Из одного источника,2025-05-14,2025-05-25,11,2,Поставщик_0383,675235830780,3128440.45,Опубликован,False
402755,Продукты питания,Заказчик_0019,190156218256,Открытый конкурс,2024-06-22,2024-07-05,13,3,Поставщик_0339,867347268714,436807.82,Завершен,False
402756,Стройматериалы,Заказчик_0121,095952713783,Электронный аукцион,2024-07-13,2024-07-21,8,2,Поставщик_0543,776243762180,2793578.33,Итоги подведены,False
402757,Продукты питания,Заказчик_0138,309592304864,Из одного источника по несостоявшимся закупкам,2025-04-14,2025-04-20,6,1,Поставщик_0221,526783920968,472518.67,Отменен,False
402758,Клининг,Заказчик_0147,252922273397,Запрос ценовых предложений,2024-03-12,2024-03-21,9,3,Поставщик_0745,427612360235,665184.88,Итоги подведены,False
402759,IT-услуги,Заказчик_0065,847528925395,Запрос ценовых предложений,2024-12-23,2025-01-08,16,1,Поставщик_0062,246081948246,5430421.6,Завершен,False
402760,IT-услуги,Заказчик_0061,915640336836,Открытый конкурс,2023-05-01,2023-05-12,11,5,Поставщик_0415,349738713330,5216329.67,Завершен,False
402761,Клининг,Заказчик_0087,751590785490,Открытый конкурс,2023-05-15,2023-05-30,15,6,Поставщик_0218,435602273530,768746.95,Итоги подведены,False
402762,Канцелярские товары,Заказчик_0133,355191676858,Запрос ценовых предложений,2023-01-02,2023-01-05,3,1,Поставщик_0422,801971335920,390168.98,Завершен,True
402763,Канцелярские товары,Заказчик_0122,138783944958,Электронный аукцион,2024-01-11,2024-01-26,15,5,Поставщик_0327,343802486264,327161.05,Завершен,False
402764,Продукты питания,Заказчик_0050,074766470263,Открытый конкурс,2023-07-23,2023-08-11,19,5,Поставщик_0654,255547850454,545842.99,Опубликован,False
402765,Ремонт зданий,Заказчик_0132,113739882651,Из одного источника,2023-12-15,2023-12-26,11,2,Поставщик_0390,598768757751,5686313.18,Завершен,False
402766,Стройматериалы,Заказчик_0124,308392990638,Из одного источника по несостоявшимся закупкам,2025-04-17,2025-04-26,9,1,Поставщик_0461,666972086666,2709336.51,Завершен,False
402767,Продукты питания,Заказчик_0023,152672624980,Из одного источника,2024-04-20,2024-04-29,9,3,Поставщик_0622,537306373772,535055.41,Опубликован,False
402768,Охранные услуги,Заказчик_0168,413748378959,Открытый конкурс,2024-11-12,2024-11-29,17,1,Поставщик_0620,463614404503,2195252.84,Завершен,False
402769,Клининг,Заказчик_0165,105707422805,Запрос ценовых предложений,2024-11-08,2024-11-10,2,1,Поставщик_0645,945551379107,945799.05,Завершен,True
402770,Стройматериалы,Заказчик_0027,073988827188,Электронный аукцион,2024-11-03,2024-11-17,14,6,Поставщик_0398,829094583365,3236785.42,Завершен,False
402771,Клининг,Заказчик_0108,933786876564,Открытый конкурс,2024-11-26,2024-12-03,7,1,Поставщик_0582,664536010552,736620.49,Завершен,False
402772,Ремонт зданий,Заказчик_0112,839942359881,Электронный аукцион,2024-11-20,2024-11-26,6,6,Поставщик_0533,258190416283,6571658.96,Завершен,False
402773,Канцелярские товары,Заказчик_0040,303789475622,Электронный аукцион,2023-08-25,2023-08-30,5,4,Поставщик_0487,636767862631,275755.22,Итоги подведены,False
402774,Транспортные услуги,Заказчик_0007,329500167403,Электронный аукцион,2024-09-25,2024-10-04,9,1,Поставщик_0549,779704718153,1082392.13,Завершен,False
402775,Канцелярские товары,Заказчик_0065,847528925395,Электронный аукцион,2025-02-15,2025-02-26,11,1,Поставщик_0552,873260164818,261145.21,Опубликован,False
402776,Транспортные услуги,Заказчик_0108,933786876564,Электронный аукцион,2025-01-27,2025-02-17,21,2,Поставщик_0722,214386232851,1259746.53,Завершен,False
402777,Транспортные услуги,Заказчик_0063,541376725946,Электронный аукцион,2024-06-19,2024-07-02,13,5,Поставщик_0245,041098620582,1055506.86,Отменен,False
402778,Мебель,Заказчик_0167,098964499673,Запрос ценовых предложений,2023-08-05,2023-08-23,18,1,Поставщик_0779,380890355108,866676.51,Завершен,False
402779,IT-услуги,Заказчик_0040,303789475622,Электронный аукцион,2025-02-15,2025-03-09,22,6,Поставщик_0675,738345126963,5096928.87,Завершен,False
402780,Охранные услуги,Заказчик_0198,615372780181,Запрос ценовых предложений,2023-01-09,2023-01-26,17,3,Поставщик_0343,926441226936,1836244.53,Завершен,False
402781,Стройматериалы,Заказчик_0174,628964171749,Электронный аукцион,2025-04-17,2025-04-29,12,3,Поставщик_0274,413867661980,2957466.81,Итоги подведены,False
402782,Ремонт зданий,Заказчик_0140,572961937397,Электронный аукцион,2023-11-30,2023-12-11,11,3,Поставщик_0213,829041666571,5507296.79,Опубликован,False
402783,Канцелярские товары,Заказчик_0001,016525808631,Открытый конкурс,2025-02-21,2025-03-10,17,1,Поставщик_0527,717368658225,295125.68,Завершен,False
402784,Медицинское оборудование,Заказчик_0118,609055953469,Открытый конкурс,2025-02-09,2025-02-24,15,1,Поставщик_0772,923184834773,7037067.99,Завершен,False
402785,Мебель,Заказчик_0143,957760497757,Из одного источника по несостоявшимся закупкам,2023-08-25,2023-09-10,16,1,Поставщик_0227,652331722063,1066343.04,Завершен,False
402786,Стройматериалы,Заказчик_0163,155720026558,Электронный аукцион,2023-06-26,2023-07-06,10,1,Поставщик_0756,517725351365,3199279.52,Итоги подведены,False
402787,Медицинское оборудование,Заказчик_0081,893419340814,Открытый конкурс,2024-11-01,2024-11-15,14,5,Поставщик_0530,915786308760,8230055.7,Завершен,False
402788,IT-услуги,Заказчик_0109,331294210817,Открытый конкурс,2023-08-10,2023-08-24,14,4,Поставщик_0244,547497209775,4527896.86,Опубликован,False
402789,Клининг,Заказчик_0119,207376773058,Из одного источника по несостоявшимся закупкам,2023-11-21,2023-12-04,13,6,Поставщик_0007,228960979981,749906.93,Завершен,False
402790,Мебель,Заказчик_0120,174668074201,Открытый конкурс,2024-12-02,2024-12-06,4,4,Поставщик_0739,795163914900,881582.83,Итоги подведены,False
402791,Охранные услуги,Заказчик_0195,530149191342,Из одного источника по несостоявшимся закупкам,2023-12-01,2023-12-17,16,5,Поставщик_0568,479045024243,1890375.16,Итоги подведены,False
402792,Медицинское оборудование,Заказчик_0123,706853063646,Из одного источника по несостоявшимся закупкам,2025-06-18,2025-07-07,19,2,Поставщик_0480,616875391974,8467350.89,Завершен,False
402793,Стройматериалы,Заказчик_0030,736535270957,Из одного источника по несостоявшимся закупкам,2024-08-09,2024-08-21,12,4,Поставщик_0513,247215278928,2758190.71,Завершен,False
402794,Транспортные услуги,Заказчик_0032,421496963502,Запрос ценовых предложений,2023-09-04,2023-09-16,12,4,Поставщик_0492,354903957645,1170893.02,Завершен,False
402795,Ремонт зданий,Заказчик_0050,074766470263,Открытый конкурс,2023-11-29,2023-12-14,15,4,Поставщик_0617,904610610248,5111691.14,Опубликован,False
402796,Охранные услуги,Заказчик_0021,049902298831,Открытый конкурс,2023-02-17,2023-02-28,11,4,Поставщик_0049,210379843514,1859203.89,Итоги подведены,False
402797,IT-услуги,Заказчик_0036,195028486959,Открытый конкурс,2023-11-17,2023-12-01,14,2,Поставщик_0691,853642560172,5238184.9,Завершен,False
402798,Канцелярские товары,Заказчик_0173,212954133846,Из одного источника,2023-09-18,2023-10-10,22,5,Поставщик_0357,426146524941,280557.39,Итоги подведены,False
402799,Охранные услуги,Заказчик_0177,290868910115,Запрос ценовых предложений,2024-12-27,2025-01-08,12,6,Поставщик_0480,616875391974,2194374.76,Опубликован,False
402800,Мебель,Заказчик_0182,383719759048,Из одного источника,2023-11-06,2023-11-12,6,1,Поставщик_0123,947327724535,1092041.54,Завершен,False
402801,Мебель,Заказчик_0161,030990904779,Электронный аукцион,2023-09-13,2023-09-16,3,7,Поставщик_0385,494981171781,859670.4,Завершен,False
402802,Мебель,Заказчик_0111,446242745384,Электронный аукцион,2024-11-07,2024-11-26,19,5,Поставщик_0408,782244010507,884951.45,Завершен,False
402803,Охранные услуги,Заказчик_0104,865457848634,Открытый конкурс,2025-01-21,2025-02-02,12,4,Поставщик_0621,686099472938,1812203.8,Завершен,False
402804,Ремонт зданий,Заказчик_0134,006567464629,Из одного источника по несостоявшимся закупкам,2024-01-22,2024-02-08,17,1,Поставщик_0199,883751991993,5199019.91,Завершен,False
402805,IT-услуги,Заказчик_0004,633229661713,Открытый конкурс,2023-09-24,2023-10-08,14,2,Поставщик_0730,344726620896,4636529.21,Завершен,False
402806,Медицинское оборудование,Заказчик_0072,072315571086,Из одного источника,2024-09-27,2024-10-07,10,3,Поставщик_0690,530413526928,6861816.13,Завершен,False
402807,Транспортные услуги,Заказчик_0050,074766470263,Из одного источника по несостоявшимся закупкам,2023-01-12,2023-01-26,14,2,Поставщик_0639,473927972652,1286682.81,Завершен,False
402808,Медицинское оборудование,Заказчик_0032,421496963502,Из одного источника по несостоявшимся закупкам,2024-02-10,2024-02-12,2,3,Поставщик_0593,586720900281,8595911.67,Опубликован,False
402809,IT-услуги,Заказчик_0062,298543394596,Из одного источника,2023-12-10,2023-12-17,7,2,Поставщик_0720,266843435379,4268476.18,Опубликован,False
402810,Продукты питания,Заказчик_0092,787963526218,Запрос ценовых предложений,2024-12-01,2024-12-14,13,6,Поставщик_0489,645009718055,468706.83,Завершен,False
402811,Ремонт зданий,Заказчик_0012,425723964512,Из одного источника по несостоявшимся закупкам,2023-03-13,2023-03-14,1,1,Поставщик_0342,461718724186,5803301.09,Завершен,False
402812,Мебель,Заказчик_0029,639591919214,Открытый конкурс,2024-07-29,2024-08-06,8,5,Поставщик_0336,874088944878,895858.95,Опубликован,False
402813,Стройматериалы,Заказчик_0011,890407714528,Открытый конкурс,2023-06-10,2023-06-27,17,3,Поставщик_0725,319683909740,2947133.07,Итоги подведены,False
402814,Медицинское оборудование,Заказчик_0107,769835139635,Открытый конкурс,2023-07-17,2023-07-21,4,1,Поставщик_0685,775363758901,10860975.05,Завершен,True
402815,Транспортные услуги,Заказчик_0143,957760497757,Запрос ценовых предложений,2024-10-26,2024-11-09,14,4,Поставщик_0213,829041666571,1151177.93,Завершен,False
402816,Охранные услуги,Заказчик_0086,600723107574,Запрос ценовых предложений,2023-08-28,2023-09-16,19,2,Поставщик_0569,141994877032,1891489.2,Итоги подведены,False
402817,Канцелярские товары,Заказчик_0056,936679226110,Электронный аукцион,2024-09-03,2024-09-07,4,3,Поставщик_0519,159617905379,274789.24,Завершен,False
402818,Канцелярские товары,Заказчик_0091,800785553136,Электронный аукцион,2024-01-04,2024-01-05,1,6,Поставщик_0091,618880429026,319866.49,Завершен,False
402819,Стройматериалы,Заказчик_0072,072315571086,Запрос ценовых предложений,2023-10-26,2023-11-10,15,5,Поставщик_0483,735261831758,2805452.04,Завершен,False
402820,IT-услуги,Заказчик_0098,137588080098,Открытый конкурс,2023-03-27,2023-04-14,18,2,Поставщик_0727,273474772669,4875632.26,Завершен,False
402821,Ремонт зданий,Заказчик_0162,649389366563,Электронный аукцион,2023-06-26,2023-07-10,14,4,Поставщик_0290,793742995159,5515526.14,Завершен,False
402822,Канцелярские товары,Заказчик_0039,704542495687,Открытый конкурс,2023-06-06,2023-06-20,14,1,Поставщик_0212,625658016086,306934.1,Опубликован,False
402823,Охранные услуги,Заказчик_0177,290868910115,Открытый конкурс,2024-06-22,2024-07-01,9,2,Поставщик_0673,431677484422,2142292.66,Завершен,False
402824,Транспортные услуги,Заказчик_0037,867585874226,Из одного источника по несостоявшимся закупкам,2023-11-07,2023-11-26,19,4,Поставщик_0145,450106962395,1103346.86,Завершен,False
402825,Клининг,Заказчик_0085,228319081121,Открытый конкурс,2025-01-05,2025-01-16,11,2,Поставщик_0606,849526834930,765624.85,Итоги подведены,False
402826,Охранные услуги,Заказчик_0171,919426295735,Открытый конкурс,2024-07-25,2024-07-31,6,4,Поставщик_0002,030189546484,2072375.66,Опубликован,False
402827,Продукты питания,Заказчик_0176,053666440505,Из одного источника по несостоявшимся закупкам,2024-03-03,2024-03-17,14,5,Поставщик_0691,853642560172,465488.44,Завершен,False
402828,Продукты питания,Заказчик_0139,584877345150,Электронный аукцион,2024-02-20,2024-02-23,3,3,Поставщик_0050,866108239013,427527.51,Опубликован,False
402829,Ремонт зданий,Заказчик_0004,633229661713,Электронный аукцион,2024-11-29,2024-12-05,6,1,Поставщик_0603,374792430378,6004109.44,Опубликован,False
402830,Транспортные услуги,Заказчик_0071,069974068469,Открытый конкурс,2024-12-26,2025-01-09,14,2,Поставщик_0146,082068094382,1316905.16,Завершен,False
402831,Стройматериалы,Заказчик_0102,747749566861,Из одного источника,2023-02-10,2023-02-15,5,1,Поставщик_0746,277946131833,3480769.21,Опубликован,True
402832,Канцелярские товары,Заказчик_0060,098599620746,Электронный аукцион,2023-05-16,2023-05-23,7,3,Поставщик_0430,744564571327,295542.46,Итоги подведены,False
402833,Канцелярские товары,Заказчик_0097,603503212307,Запрос ценовых предложений,2024-08-26,2024-09-01,6,4,Поставщик_0780,091498516634,278423.17,Итоги подведены,False
402834,Канцелярские товары,Заказчик_0003,868570220212,Открытый конкурс,2024-01-06,2024-01-21,15,5,Поставщик_0059,487654415799,272441.47,Опубликован,False
402835,Продукты питания,Заказчик_0150,560471705949,Открытый конкурс,2024-06-25,2024-07-03,8,6,Поставщик_0609,346023286710,518106.49,Завершен,False
402836,Стройматериалы,Заказчик_0141,155013446536,Электронный аукцион,2023-02-12,2023-03-10,26,1,Поставщик_0116,697739551055,3091701.03,Итоги подведены,False
402837,IT-услуги,Заказчик_0136,789135342202,Из одного источника,2023-04-02,2023-04-15,13,3,Поставщик_0177,586572360924,5480767.6,Завершен,False
402838,Канцелярские товары,Заказчик_0085,228319081121,Запрос ценовых предложений,2024-06-01,2024-06-09,8,4,Поставщик_0285,513462082964,323800.37,Опубликован,False
402839,Клининг,Заказчик_0153,051929549841,Из одного источника по несостоявшимся закупкам,2023-01-15,2023-02-01,17,3,Поставщик_0639,473927972652,758989.06,Завершен,False
402840,Мебель,Заказчик_0189,913923992645,Открытый конкурс,2023-12-28,2024-01-06,9,6,Поставщик_0268,601496730215,898958.59,Итоги подведены,False
402841,Охранные услуги,Заказчик_0106,132435760062,Электронный аукцион,2024-04-12,2024-04-16,4,1,Поставщик_0248,462736711337,2198528.91,Итоги подведены,False
402842,Ремонт зданий,Заказчик_0043,200593676791,Электронный аукцион,2025-06-09,2025-06-24,15,2,Поставщик_0658,678801259710,5835156.26,Опубликован,False
402843,Стройматериалы,Заказчик_0035,461642607714,Из одного источника,2023-04-01,2023-04-13,12,2,Поставщик_0690,530413526928,3248265.77,Завершен,False
402844,Клининг,Заказчик_0017,424039274499,Электронный аукцион,2024-08-26,2024-09-10,15,6,Поставщик_0779,380890355108,662510.42,Завершен,False
402845,Охранные услуги,Заказчик_0178,823345926868,Из одного источника,2025-01-28,2025-02-07,10,4,Поставщик_0787,912415283490,2127878.04,Завершен,False
402846,Продукты питания,Заказчик_0088,446490060265,Из одного источника,2024-11-05,2024-11-10,5,1,Поставщик_0024,820750434532,689558.24,Отменен,True
402847,Стройматериалы,Заказчик_0009,498251982661,Из одного источника,2024-02-02,2024-02-05,3,1,Поставщик_0029,042388906871,3910030.42,Итоги подведены,True
402848,Канцелярские товары,Заказчик_0002,930086875935,Из одного источника по несостоявшимся закупкам,2024-01-26,2024-02-02,7,4,Поставщик_0443,740529188101,282671.23,Завершен,False
402849,Канцелярские товары,Заказчик_0154,114217757188,Электронный аукцион,2023-08-04,2023-08-07,3,1,Поставщик_0442,406737830193,406394.58,Отменен,True
402850,Стройматериалы,Заказчик_0142,197238572836,Запрос ценовых предложений,2023-01-08,2023-01-19,11,3,Поставщик_0127,685395384465,2766937.33,Итоги подведены,False
402851,Медицинское оборудование,Заказчик_0170,681775483909,Электронный аукцион,2023-11-11,2023-11-23,12,1,Поставщик_0238,882733335641,8631222.38,Завершен,False
402852,Ремонт зданий,Заказчик_0187,313404440226,Из одного источника по несостоявшимся закупкам,2023-03-12,2023-03-27,15,3,Поставщик_0663,433118792556,5643182.25,Опубликован,False
402853,Стройматериалы,Заказчик_0103,043205340808,Из одного источника по несостоявшимся закупкам,2024-09-18,2024-10-02,14,3,Поставщик_0437,124746955620,3113940.88,Завершен,False
402854,Стройматериалы,Заказчик_0130,560397578096,Электронный аукцион,2024-11-07,2024-11-22,15,5,Поставщик_0407,496909492643,3119912.67,Итоги подведены,False
402855,Медицинское оборудование,Заказчик_0168,413748378959,Электронный аукцион,2023-12-28,2024-01-08,11,4,Поставщик_0221,526783920968,8647440.52,Завершен,False
402856,Канцелярские товары,Заказчик_0110,880371318781,Электронный аукцион,2023-07-12,2023-07-25,13,2,Поставщик_0680,617716335022,302517.68,Завершен,False
402857,Продукты питания,Заказчик_0022,876960826911,Запрос ценовых предложений,2024-05-06,2024-05-20,14,4,Поставщик_0406,252571696525,433438.06,Итоги подведены,False
402858,Медицинское оборудование,Заказчик_0117,419505214624,Из одного источника,2024-12-26,2025-01-01,6,1,Поставщик_0101,134564782885,10797995.49,Завершен,True
402859,Ремонт зданий,Заказчик_0110,880371318781,Электронный аукцион,2024-12-28,2025-01-12,15,6,Поставщик_0527,717368658225,6315383.98,Итоги подведены,False
402860,Клининг,Заказчик_0002,930086875935,Запрос ценовых предложений,2023-07-01,2023-07-17,16,2,Поставщик_0704,159772307286,716617.67,Завершен,False
402861,Ремонт зданий,Заказчик_0021,049902298831,Из одного источника,2024-09-26,2024-10-04,8,3,Поставщик_0332,411942543934,6231941.52,Завершен,False
402862,Клининг,Заказчик_0164,232971847802,Запрос ценовых предложений,2024-10-14,2024-11-03,20,1,Поставщик_0731,532932360613,700610.76,Завершен,False
402863,Мебель,Заказчик_0000,602276804025,Электронный аукцион,2024-10-21,2024-11-06,16,5,Поставщик_0594,125587341592,954017.7,Завершен,False
402864,Транспортные услуги,Заказчик_0144,516681609103,Электронный аукцион,2023-01-12,2023-01-27,15,2,Поставщик_0138,786746124356,1293078.33,Завершен,False
402865,Мебель,Заказчик_0122,138783944958,Электронный аукцион,2024-06-01,2024-06-13,12,2,Поставщик_0155,018915617364,1098942.41,Завершен,False
402866,Мебель,Заказчик_0126,693755362174,Электронный аукцион,2023-12-30,2024-01-11,12,1,Поставщик_0025,157250824319,873785.14,Завершен,False
402867,Канцелярские товары,Заказчик_0142,197238572836,Электронный аукцион,2023-09-24,2023-10-09,15,3,Поставщик_0759,474938970727,259705.59,Завершен,False
402868,Транспортные услуги,Заказчик_0007,329500167403,Из одного источника,2023-01-19,2023-01-30,11,2,Поставщик_0727,273474772669,1296666.05,Итоги подведены,False
402869,IT-услуги,Заказчик_0031,763063387334,Из одного источника по несостоявшимся закупкам,2023-06-13,2023-06-28,15,3,Поставщик_0111,815919500678,5234759.16,Итоги подведены,False
402870,Ремонт зданий,Заказчик_0084,846650721507,Электронный аукцион,2023-04-09,2023-04-13,4,6,Поставщик_0596,872810642904,5114237.24,Завершен,False
402871,Стройматериалы,Заказчик_0035,461642607714,Запрос ценовых предложений,2025-05-29,2025-06-08,10,4,Поставщик_0360,254662981176,2990485.03,Итоги подведены,False
402872,Транспортные услуги,Заказчик_0023,152672624980,Электронный аукцион,2023-04-17,2023-04-22,5,2,Поставщик_0451,536259268377,1261532.07,Опубликован,False
402873,Стройматериалы,Заказчик_0078,598284873191,Электронный аукцион,2023-10-26,2023-11-04,9,2,Поставщик_0040,132870957991,3210804.32,Опубликован,False
402874,Транспортные услуги,Заказчик_0198,615372780181,Открытый конкурс,2024-09-13,2024-09-27,14,4,Поставщик_0735,849125341936,1231250.24,Завершен,False
402875,IT-услуги,Заказчик_0069,588454746149,Запрос ценовых предложений,2024-12-17,2024-12-31,14,4,Поставщик_0653,553280739009,4486232.07,Завершен,False
402876,Охранные услуги,Заказчик_0143,957760497757,Из одного источника по несостоявшимся закупкам,2024-08-01,2024-08-11,10,5,Поставщик_0503,457459864697,1878447.17,Завершен,False
402877,Охранные услуги,Заказчик_0012,425723964512,Запрос ценовых предложений,2024-12-05,2024-12-11,6,2,Поставщик_0657,574512230495,2032743.22,Опубликован,False
402878,Медицинское оборудование,Заказчик_0150,560471705949,Открытый конкурс,2023-01-09,2023-01-28,19,6,Поставщик_0126,093758825163,8083506.16,Завершен,False
402879,Медицинское оборудование,Заказчик_0087,751590785490,Запрос ценовых предложений,2024-03-26,2024-04-04,9,1,Поставщик_0065,561035185318,8053182.01,Завершен,False
402880,Ремонт зданий,Заказчик_0160,845404873875,Открытый конкурс,2024-04-29,2024-05-04,5,1,Поставщик_0467,681232354610,8053232.15,Завершен,True
402881,Продукты питания,Заказчик_0102,747749566861,Запрос ценовых предложений,2025-01-04,2025-01-08,4,1,Поставщик_0746,277946131833,675436.68,Завершен,True
402882,Медицинское оборудование,Заказчик_0041,403641416035,Открытый конкурс,2023-03-22,2023-04-03,12,2,Поставщик_0193,471605601276,8239775.74,Завершен,False
402883,Канцелярские товары,Заказчик_0030,736535270957,Запрос ценовых предложений,2024-04-04,2024-04-13,9,1,Поставщик_0016,146801753931,279506.15,Завершен,False
402884,Продукты питания,Заказчик_0003,868570220212,Из одного источника по несостоявшимся закупкам,2024-10-27,2024-11-04,8,4,Поставщик_0510,381103791146,477296.26,Завершен,False
402885,Продукты питания,Заказчик_0034,638762102480,Из одного источника по несостоявшимся закупкам,2024-02-29,2024-03-08,8,3,Поставщик_0176,636150818240,478598.99,Итоги подведены,False
402886,Ремонт зданий,Заказчик_0035,461642607714,Открытый конкурс,2024-10-08,2024-10-26,18,4,Поставщик_0587,992848906008,5905334.6,Завершен,False
402887,Канцелярские товары,Заказчик_0120,174668074201,Из одного источника,2023-07-25,2023-08-10,16,3,Поставщик_0752,736110152455,266990.06,Завершен,False
402888,Продукты питания,Заказчик_0178,823345926868,Из одного источника по несостоявшимся закупкам,2023-11-21,2023-12-02,11,4,Поставщик_0506,925712227523,453102.71,Итоги подведены,False
402889,Стройматериалы,Заказчик_0164,232971847802,Из одного источника по несостоявшимся закупкам,2024-12-15,2024-12-20,5,4,Поставщик_0312,014519909359,2715749.08,Завершен,False
402890,Мебель,Заказчик_0094,217330854160,Из одного источника,2023-05-31,2023-06-08,8,2,Поставщик_0694,546351533435,961505.33,Итоги подведены,False
402891,Охранные услуги,Заказчик_0065,847528925395,Открытый конкурс,2023-10-17,2023-10-22,5,4,Поставщик_0389,754448376423,1879045.45,Завершен,False
402892,Охранные услуги,Заказчик_0053,105295618485,Электронный аукцион,2023-05-26,2023-06-05,10,1,Поставщик_0311,810846194146,1749128.21,Завершен,False
402893,Транспортные услуги,Заказчик_0056,936679226110,Открытый конкурс,2025-01-31,2025-02-10,10,2,Поставщик_0741,047238737564,1087402.38,Опубликован,False
402894,Ремонт зданий,Заказчик_0167,098964499673,Электронный аукцион,2024-05-08,2024-05-25,17,4,Поставщик_0562,307506639977,6425553.97,Отменен,False
402895,Ремонт зданий,Заказчик_0090,423440463190,Из одного источника,2023-01-16,2023-01-25,9,4,Поставщик_0526,630882919597,5989745.36,Завершен,False
402896,IT-услуги,Заказчик_0129,967512170538,Открытый конкурс,2025-05-06,2025-05-08,2,1,Поставщик_0303,571408943388,4648923.46,Завершен,False
402897,Канцелярские товары,Заказчик_0169,512269807126,Из одного источника,2023-05-11,2023-05-25,14,2,Поставщик_0361,815011468964,277223.35,Завершен,False
402898,Ремонт зданий,Заказчик_0161,030990904779,Открытый конкурс,2024-01-02,2024-01-18,16,1,Поставщик_0426,385935104354,6571300.64,Итоги подведены,False
402899,Канцелярские товары,Заказчик_0111,446242745384,Из одного источника,2024-09-17,2024-09-22,5,6,Поставщик_0306,206779291308,281506.38,Завершен,False
402900,Канцелярские товары,Заказчик_0039,704542495687,Открытый конкурс,2025-05-04,2025-05-18,14,1,Поставщик_0678,091341327221,266171.87,Итоги подведены,False
402901,Охранные услуги,Заказчик_0093,375889866098,Электронный аукцион,2023-11-30,2023-12-07,7,3,Поставщик_0004,178380759187,2120558.07,Итоги подведены,False
402902,Мебель,Заказчик_0074,356428134255,Открытый конкурс,2024-03-02,2024-03-03,1,3,Поставщик_0791,984190253969,1077257.38,Итоги подведены,False
402903,Ремонт зданий,Заказчик_0197,921159241640,Из одного источника по несостоявшимся закупкам,2024-11-11,2024-12-02,21,3,Поставщик_0574,790371463282,6048739.85,Завершен,False
402904,IT-услуги,Заказчик_0076,276366676869,Открытый конкурс,2023-03-14,2023-03-23,9,3,Поставщик_0746,277946131833,5099520.78,Завершен,False
402905,Мебель,Заказчик_0176,053666440505,Электронный аукцион,2024-04-16,2024-04-23,7,6,Поставщик_0548,955703903231,979393.73,Опубликован,False
402906,Продукты питания,Заказчик_0195,530149191342,Запрос ценовых предложений,2024-12-15,2024-12-30,15,3,Поставщик_0312,014519909359,462731.2,Завершен,False
402907,Продукты питания,Заказчик_0092,787963526218,Из одного источника,2024-04-20,2024-04-30,10,4,Поставщик_0032,877320275114,482864.11,Завершен,False
402908,Клининг,Заказчик_0068,707783689405,Электронный аукцион,2024-04-02,2024-04-12,10,5,Поставщик_0169,594633609526,719568.16,Итоги подведены,False
402909,Продукты питания,Заказчик_0013,352206298026,Электронный аукцион,2024-09-24,2024-10-10,16,4,Поставщик_0287,497034197298,510399.81,Завершен,False
402910,Мебель,Заказчик_0194,940255554375,Открытый конкурс,2024-03-07,2024-03-23,16,1,Поставщик_0046,697251361799,1030370.85,Завершен,False
402911,Охранные услуги,Заказчик_0058,694569801375,Из одного источника,2023-04-12,2023-04-20,8,2,Поставщик_0501,975249883894,1735348.05,Итоги подведены,False
402912,Мебель,Заказчик_0080,658912085920,Открытый конкурс,2024-11-01,2024-11-03,2,4,Поставщик_0353,693779520630,1028741.74,Завершен,False
402913,Продукты питания,Заказчик_0061,915640336836,Запрос ценовых предложений,2024-03-25,2024-04-06,12,3,Поставщик_0029,042388906871,501245.07,Опубликован,False
402914,Медицинское оборудование,Заказчик_0085,228319081121,Запрос ценовых предложений,2023-11-12,2023-11-30,18,7,Поставщик_0359,522051611308,7380092.74,Завершен,False
402915,Продукты питания,Заказчик_0173,212954133846,Открытый конкурс,2023-04-14,2023-04-25,11,2,Поставщик_0713,937841018302,452281.68,Завершен,False
402916,IT-услуги,Заказчик_0087,751590785490,Открытый конкурс,2023-05-22,2023-05-29,7,1,Поставщик_0189,115461672073,5482806.39,Отменен,False
402917,Стройматериалы,Заказчик_0079,987998370546,Открытый конкурс,2024-04-19,2024-05-01,12,2,Поставщик_0232,187367544659,3060440.98,Итоги подведены,False
402918,Медицинское оборудование,Заказчик_0118,609055953469,Запрос ценовых предложений,2025-05-27,2025-06-11,15,3,Поставщик_0790,687196829929,7178214.45,Завершен,False
402919,Канцелярские товары,Заказчик_0057,045227746976,Из одного источника по несостоявшимся закупкам,2024-01-26,2024-02-11,16,7,Поставщик_0635,900785867507,313023.2,Итоги подведены,False
402920,Транспортные услуги,Заказчик_0048,544728808246,Открытый конкурс,2025-05-17,2025-05-25,8,4,Поставщик_0738,819932824269,1114825.95,Итоги подведены,False
402921,Стройматериалы,Заказчик_0028,284372013892,Открытый конкурс,2023-04-18,2023-04-30,12,4,Поставщик_0672,334018729361,3140649.0,Завершен,False
402922,Продукты питания,Заказчик_0070,366888337780,Из одного источника,2023-06-03,2023-06-11,8,1,Поставщик_0170,188216312170,509586.4,Завершен,False
402923,Медицинское оборудование,Заказчик_0117,419505214624,Из одного источника по несостоявшимся закупкам,2023-12-22,2023-12-26,4,1,Поставщик_0101,134564782885,10220339.31,Завершен,True
402924,Ремонт зданий,Заказчик_0046,178619734353,Из одного источника по несостоявшимся закупкам,2024-05-18,2024-05-26,8,2,Поставщик_0352,598108649509,6253746.08,Завершен,False
402925,Продукты питания,Заказчик_0134,006567464629,Электронный аукцион,2024-09-10,2024-09-20,10,5,Поставщик_0228,414610415586,480802.95,Завершен,False
402926,Клининг,Заказчик_0183,379370294394,Запрос ценовых предложений,2024-02-08,2024-02-11,3,1,Поставщик_0221,526783920968,827918.82,Завершен,True
402927,Стройматериалы,Заказчик_0066,882749582259,Запрос ценовых предложений,2023-03-17,2023-04-01,15,1,Поставщик_0441,249590173425,3200348.22,Отменен,False
402928,Мебель,Заказчик_0160,845404873875,Открытый конкурс,2023-11-08,2023-11-11,3,1,Поставщик_0467,681232354610,1323723.92,Опубликован,True
402929,Охранные услуги,Заказчик_0170,681775483909,Из одного источника,2024-01-11,2024-02-04,24,1,Поставщик_0311,810846194146,2108624.27,Завершен,False
402930,Транспортные услуги,Заказчик_0080,658912085920,Из одного источника по несостоявшимся закупкам,2023-01-25,2023-02-08,14,2,Поставщик_0225,750965040563,1183901.38,Завершен,False
402931,Продукты питания,Заказчик_0195,530149191342,Электронный аукцион,2023-03-06,2023-03-21,15,5,Поставщик_0485,756919489091,506960.71,Завершен,False
402932,Стройматериалы,Заказчик_0106,132435760062,Электронный аукцион,2023-01-02,2023-01-17,15,7,Поставщик_0253,967181685986,3060508.46,Завершен,False
402933,Ремонт зданий,Заказчик_0024,420762754008,Из одного источника,2023-01-11,2023-01-26,15,4,Поставщик_0143,926195241029,6026935.19,Итоги подведены,False
402934,Транспортные услуги,Заказчик_0121,095952713783,Электронный аукцион,2023-01-07,2023-01-18,11,4,Поставщик_0433,475307919366,1270238.18,Итоги подведены,False
402935,Медицинское оборудование,Заказчик_0194,940255554375,Электронный аукцион,2023-06-13,2023-06-30,17,1,Поставщик_0103,081878752772,6826530.83,Завершен,False
402936,Ремонт зданий,Заказчик_0007,329500167403,Электронный аукцион,2023-12-10,2023-12-23,13,6,Поставщик_0538,464738624455,5984621.89,Завершен,False
402937,Охранные услуги,Заказчик_0100,825533331515,Открытый конкурс,2024-08-19,2024-08-22,3,1,Поставщик_0026,859743472035,2636943.03,Итоги подведены,True
402938,Ремонт зданий,Заказчик_0146,531933776661,Открытый конкурс,2024-05-07,2024-05-10,3,1,Поставщик_0299,615581038112,7706350.49,Завершен,True
402939,Продукты питания,Заказчик_0060,098599620746,Из одного источника,2024-10-09,2024-10-20,11,4,Поставщик_0612,305653841439,477865.45,Завершен,False
402940,Стройматериалы,Заказчик_0111,446242745384,Запрос ценовых предложений,2025-01-03,2025-01-21,18,1,Поставщик_0060,512534346021,2952651.99,Завершен,False
402941,Продукты питания,Заказчик_0182,383719759048,Электронный аукцион,2024-07-03,2024-07-18,15,2,Поставщик_0630,072126329927,480666.01,Итоги подведены,False
402942,Клининг,Заказчик_0036,195028486959,Из одного источника,2023-05-03,2023-05-11,8,7,Поставщик_0128,110621371287,759975.83,Итоги подведены,False
402943,Ремонт зданий,Заказчик_0112,839942359881,Открытый конкурс,2024-02-27,2024-03-16,18,2,Поставщик_0177,586572360924,5755965.45,Отменен,False
402944,Канцелярские товары,Заказчик_0071,069974068469,Из одного источника по несостоявшимся закупкам,2025-01-08,2025-01-27,19,3,Поставщик_0794,013164621740,272215.32,Завершен,False
402945,Клининг,Заказчик_0135,486200442637,Из одного источника,2023-03-07,2023-03-26,19,3,Поставщик_0315,693616007772,671837.53,Завершен,False
402946,Стройматериалы,Заказчик_0168,413748378959,Открытый конкурс,2024-10-02,2024-10-10,8,1,Поставщик_0155,018915617364,2686839.37,Опубликован,False
402947,Транспортные услуги,Заказчик_0155,850611322279,Из одного источника по несостоявшимся закупкам,2024-05-08,2024-05-18,10,2,Поставщик_0410,321230379767,1101716.56,Завершен,False
402948,Продукты питания,Заказчик_0173,212954133846,Открытый конкурс,2023-01-12,2023-01-20,8,2,Поставщик_0179,039907515261,439861.14,Итоги подведены,False
402949,Канцелярские товары,Заказчик_0027,073988827188,Открытый конкурс,2024-01-09,2024-01-20,11,3,Поставщик_0135,014282841775,282151.81,Завершен,False
402950,Транспортные услуги,Заказчик_0113,268518827291,Электронный аукцион,2024-05-08,2024-05-18,10,1,Поставщик_0189,115461672073,1223308.09,Завершен,False
402951,Стройматериалы,Заказчик_0028,284372013892,Запрос ценовых предложений,2024-03-13,2024-03-23,10,3,Поставщик_0299,615581038112,3287787.72,Завершен,False
402952,IT-услуги,Заказчик_0160,845404873875,Открытый конкурс,2024-11-25,2024-12-08,13,2,Поставщик_0533,258190416283,4578481.21,Итоги подведены,False
402953,Канцелярские товары,Заказчик_0165,105707422805,Открытый конкурс,2023-04-25,2023-04-27,2,1,Поставщик_0645,945551379107,382008.11,Завершен,True
402954,Канцелярские товары,Заказчик_0021,049902298831,Из одного источника по несостоявшимся закупкам,2025-01-26,2025-02-03,8,5,Поставщик_0702,608570421517,307346.9,Завершен,False
402955,Медицинское оборудование,Заказчик_0170,681775483909,Из одного источника,2024-11-03,2024-11-20,17,7,Поставщик_0495,246507961368,7115248.84,Завершен,False
402956,Стройматериалы,Заказчик_0082,679471404490,Открытый конкурс,2023-05-06,2023-05-11,5,5,Поставщик_0150,536196460253,2637357.34,Завершен,False
402957,Стройматериалы,Заказчик_0172,325409489345,Из одного источника,2025-01-03,2025-01-20,17,3,Поставщик_0619,461861754269,3073585.38,Завершен,False
402958,Транспортные услуги,Заказчик_0016,294850989981,Из одного источника,2023-04-07,2023-04-18,11,5,Поставщик_0218,435602273530,1112819.5,Итоги подведены,False
402959,Клининг,Заказчик_0028,284372013892,Из одного источника по несостоявшимся закупкам,2025-01-28,2025-02-01,4,2,Поставщик_0144,898856957794,727152.71,Завершен,False
402960,Стройматериалы,Заказчик_0190,238315556594,Открытый конкурс,2024-08-10,2024-08-15,5,1,Поставщик_0580,935274531168,3957819.14,Завершен,True
402961,Мебель,Заказчик_0039,704542495687,Открытый конкурс,2024-06-18,2024-07-04,16,9,Поставщик_0607,536449729464,1058623.39,Завершен,False
402962,Ремонт зданий,Заказчик_0145,164798701236,Из одного источника по несостоявшимся закупкам,2023-07-11,2023-07-25,14,3,Поставщик_0329,861894080689,6221818.29,Завершен,False
402963,Охранные услуги,Заказчик_0111,446242745384,Из одного источника по несостоявшимся закупкам,2024-03-07,2024-03-21,14,4,Поставщик_0116,697739551055,2109089.06,Итоги подведены,False
402964,Транспортные услуги,Заказчик_0035,461642607714,Запрос ценовых предложений,2024-04-12,2024-04-16,4,6,Поставщик_0698,602406269889,1229064.75,Завершен,False
402965,Продукты питания,Заказчик_0113,268518827291,Запрос ценовых предложений,2025-05-13,2025-05-18,5,2,Поставщик_0354,093319808172,468293.12,Итоги подведены,False
402966,Мебель,Заказчик_0186,053323099951,Открытый конкурс,2023-09-05,2023-09-11,6,1,Поставщик_0201,892711762522,938522.77,Опубликован,False
402967,IT-услуги,Заказчик_0081,893419340814,Открытый конкурс,2023-10-02,2023-10-07,5,3,Поставщик_0181,194339337476,5357609.44,Опубликован,False
402968,Ремонт зданий,Заказчик_0190,238315556594,Из одного источника по несостоявшимся закупкам,2023-06-24,2023-06-26,2,1,Поставщик_0580,935274531168,8122349.44,Завершен,True
402969,Мебель,Заказчик_0008,959807652614,Из одного источника по несостоявшимся закупкам,2023-02-01,2023-02-10,9,7,Поставщик_0762,316239117374,855357.58,Итоги подведены,False
402970,Транспортные услуги,Заказчик_0014,219547810444,Открытый конкурс,2025-03-19,2025-04-01,13,2,Поставщик_0323,852094270803,1190127.92,Завершен,False
402971,Охранные услуги,Заказчик_0194,940255554375,Электронный аукцион,2024-10-05,2024-10-16,11,1,Поставщик_0243,047906730374,1860762.55,Завершен,False
402972,Продукты питания,Заказчик_0069,588454746149,Открытый конкурс,2024-08-04,2024-08-12,8,4,Поставщик_0799,593657951736,437435.23,Итоги подведены,False
402973,Канцелярские товары,Заказчик_0069,588454746149,Электронный аукцион,2025-04-16,2025-04-21,5,3,Поставщик_0706,126245364680,258541.17,Завершен,False
402974,Транспортные услуги,Заказчик_0076,276366676869,Запрос ценовых предложений,2023-10-12,2023-10-22,10,2,Поставщик_0549,779704718153,1026869.26,Итоги подведены,False
402975,Медицинское оборудование,Заказчик_0061,915640336836,Из одного источника по несостоявшимся закупкам,2024-10-26,2024-11-16,21,5,Поставщик_0554,724286115084,7275435.64,Завершен,False
402976,Продукты питания,Заказчик_0019,190156218256,Из одного источника по несостоявшимся закупкам,2024-02-16,2024-03-10,23,2,Поставщик_0562,307506639977,429677.65,Завершен,False
402977,Охранные услуги,Заказчик_0044,011652671671,Открытый конкурс,2024-09-12,2024-09-22,10,1,Поставщик_0768,424876063568,1779293.7,Завершен,False
402978,Канцелярские товары,Заказчик_0062,298543394596,Открытый конкурс,2024-10-25,2024-11-10,16,8,Поставщик_0061,660832798083,270726.05,Завершен,False
402979,IT-услуги,Заказчик_0040,303789475622,Открытый конкурс,2023-08-25,2023-09-03,9,2,Поставщик_0100,626236969563,5276339.5,Завершен,False
402980,Клининг,Заказчик_0043,200593676791,Электронный аукцион,2024-04-01,2024-04-20,19,2,Поставщик_0241,316582545395,622854.63,Завершен,False
402981,Клининг,Заказчик_0189,913923992645,Открытый конкурс,2024-07-19,2024-08-06,18,2,Поставщик_0748,776349988752,696624.74,Опубликован,False
402982,Ремонт зданий,Заказчик_0133,355191676858,Открытый конкурс,2023-07-02,2023-07-13,11,1,Поставщик_0420,118735108906,6469291.53,Завершен,False
402983,Продукты питания,Заказчик_0060,098599620746,Электронный аукцион,2025-05-17,2025-05-29,12,5,Поставщик_0692,217573752886,523026.22,Завершен,False
402984,Стройматериалы,Заказчик_0166,287356331623,Из одного источника,2024-01-02,2024-01-18,16,8,Поставщик_0490,845577179815,3138593.79,Отменен,False
402985,Ремонт зданий,Заказчик_0153,051929549841,Открытый конкурс,2024-12-15,2024-12-29,14,3,Поставщик_0767,597578096977,6170561.93,Завершен,False
402986,IT-услуги,Заказчик_0165,105707422805,Электронный аукцион,2023-08-14,2023-08-16,2,1,Поставщик_0645,945551379107,5763773.67,Опубликован,True
402987,Продукты питания,Заказчик_0090,423440463190,Открытый конкурс,2025-06-15,2025-07-01,16,1,Поставщик_0263,649071103741,497336.94,Завершен,False
402988,Стройматериалы,Заказчик_0199,342856565386,Открытый конкурс,2024-10-21,2024-10-22,1,1,Поставщик_0259,469059047610,3999103.37,Опубликован,True
402989,Стройматериалы,Заказчик_0111,446242745384,Открытый конкурс,2025-05-16,2025-05-28,12,2,Поставщик_0574,790371463282,3220138.67,Завершен,False
402990,Продукты питания,Заказчик_0167,098964499673,Запрос ценовых предложений,2025-01-15,2025-01-28,13,6,Поставщик_0621,686099472938,543290.13,Завершен,False
402991,Медицинское оборудование,Заказчик_0055,539176725448,Электронный аукцион,2024-07-19,2024-08-02,14,1,Поставщик_0541,928019730937,8504852.6,Завершен,False
402992,Стройматериалы,Заказчик_0199,342856565386,Запрос ценовых предложений,2024-10-30,2024-11-02,3,1,Поставщик_0259,469059047610,3486022.78,Завершен,True
402993,IT-услуги,Заказчик_0092,787963526218,Открытый конкурс,2024-10-25,2024-11-06,12,3,Поставщик_0372,944811679801,4629247.66,Завершен,False
402994,Охранные услуги,Заказчик_0036,195028486959,Запрос ценовых предложений,2024-01-02,2024-01-16,14,4,Поставщик_0352,598108649509,2126029.81,Завершен,False
402995,Стройматериалы,Заказчик_0153,051929549841,Открытый конкурс,2024-02-22,2024-03-09,16,7,Поставщик_0438,103859845728,3019875.81,Завершен,False
402996,Канцелярские товары,Заказчик_0112,839942359881,Электронный аукцион,2024-07-28,2024-08-03,6,1,Поставщик_0336,874088944878,356224.44,Завершен,True
402997,Клининг,Заказчик_0128,840683305887,Электронный аукцион,2024-12-23,2024-12-31,8,4,Поставщик_0144,898856957794,653951.29,Итоги подведены,False
402998,Канцелярские товары,Заказчик_0149,424259616526,Электронный аукцион,2023-11-17,2023-11-29,12,4,Поставщик_0109,598906496696,315005.33,Завершен,False
402999,Ремонт зданий,Заказчик_0195,530149191342,Из одного источника по несостоявшимся закупкам,2025-02-18,2025-03-03,13,5,Поставщик_0794,013164621740,6390502.66,Завершен,False
403000,Канцелярские товары,Заказчик_0006,836394225258,Электронный аукцион,2024-05-29,2024-06-08,10,2,Поставщик_0506,925712227523,257187.93,Завершен,False
403001,Стройматериалы,Заказчик_0050,074766470263,Электронный аукцион,2024-08-01,2024-08-13,12,2,Поставщик_0537,774059209133,2968179.14,Завершен,False
403002,IT-услуги,Заказчик_0011,890407714528,Открытый конкурс,2023-03-16,2023-03-25,9,4,Поставщик_0143,926195241029,4473032.16,Завершен,False
403003,IT-услуги,Заказчик_0170,681775483909,Электронный аукцион,2023-08-17,2023-08-21,4,5,Поставщик_0070,821788866676,5269189.11,Завершен,False
403004,Ремонт зданий,Заказчик_0097,603503212307,Открытый конкурс,2023-09-09,2023-09-16,7,2,Поставщик_0434,689235115480,6549886.77,Завершен,False
403005,Канцелярские товары,Заказчик_0000,602276804025,Открытый конкурс,2023-03-07,2023-03-23,16,3,Поставщик_0696,543034672599,260606.31,Завершен,False
403006,Охранные услуги,Заказчик_0106,132435760062,Из одного источника по несостоявшимся закупкам,2023-09-28,2023-10-05,7,3,Поставщик_0700,814806005916,2094424.53,Завершен,False
403007,Стройматериалы,Заказчик_0095,724337750016,Открытый конкурс,2025-02-13,2025-03-01,16,6,Поставщик_0523,211268747532,3229420.98,Завершен,False
403008,Мебель,Заказчик_0101,937882116761,Из одного источника,2023-10-06,2023-10-22,16,4,Поставщик_0754,155928225349,1058926.66,Завершен,False
403009,Ремонт зданий,Заказчик_0067,415355431652,Электронный аукцион,2024-12-23,2024-12-28,5,3,Поставщик_0256,172697105248,6572286.16,Завершен,False
403010,Ремонт зданий,Заказчик_0137,362813537454,Из одного источника,2023-02-24,2023-03-11,15,4,Поставщик_0396,428296257340,5606957.89,Завершен,False
403011,Охранные услуги,Заказчик_0005,965687203229,Открытый конкурс,2024-04-17,2024-04-26,9,3,Поставщик_0564,149029451339,1777503.43,Завершен,False
403012,Канцелярские товары,Заказчик_0000,602276804025,Открытый конкурс,2024-08-23,2024-09-09,17,2,Поставщик_0554,724286115084,291312.48,Завершен,False
403013,Мебель,Заказчик_0164,232971847802,Открытый конкурс,2024-01-26,2024-02-02,7,5,Поставщик_0746,277946131833,1052683.6,Завершен,False
403014,Стройматериалы,Заказчик_0195,530149191342,Электронный аукцион,2023-03-16,2023-03-26,10,4,Поставщик_0185,771865953750,2980983.35,Итоги подведены,False
403015,Медицинское оборудование,Заказчик_0199,342856565386,Из одного источника,2024-10-14,2024-10-19,5,5,Поставщик_0608,196632700250,7829783.9,Завершен,False
403016,Медицинское оборудование,Заказчик_0123,706853063646,Из одного источника,2023-04-23,2023-05-11,18,2,Поставщик_0392,072784864080,7138514.17,Завершен,False
403017,Канцелярские товары,Заказчик_0071,069974068469,Открытый конкурс,2023-03-16,2023-03-24,8,1,Поставщик_0270,416062438707,321887.91,Опубликован,False
403018,Медицинское оборудование,Заказчик_0148,216398982273,Открытый конкурс,2024-04-26,2024-04-27,1,2,Поставщик_0556,667280821303,7737997.83,Завершен,False
403019,Медицинское оборудование,Заказчик_0131,463876194901,Открытый конкурс,2023-01-29,2023-01-30,1,8,Поставщик_0491,158112158095,8534568.16,Завершен,False
403020,Канцелярские товары,Заказчик_0005,965687203229,Открытый конкурс,2023-06-30,2023-07-06,6,1,Поставщик_0116,697739551055,276869.28,Завершен,False
403021,Мебель,Заказчик_0197,921159241640,Из одного источника,2024-10-29,2024-11-02,4,2,Поставщик_0410,321230379767,924007.53,Завершен,False
403022,Охранные услуги,Заказчик_0085,228319081121,Запрос ценовых предложений,2024-06-14,2024-07-06,22,2,Поставщик_0538,464738624455,1719044.32,Завершен,False
403023,Клининг,Заказчик_0167,098964499673,Открытый конкурс,2023-05-02,2023-05-16,14,4,Поставщик_0590,939998271903,638546.86,Завершен,False
403024,IT-услуги,Заказчик_0148,216398982273,Запрос ценовых предложений,2023-07-06,2023-07-25,19,4,Поставщик_0639,473927972652,4958646.98,Завершен,False
403025,Транспортные услуги,Заказчик_0041,403641416035,Из одного источника,2024-03-10,2024-03-19,9,2,Поставщик_0138,786746124356,1065676.76,Завершен,False
403026,Стройматериалы,Заказчик_0028,284372013892,Открытый конкурс,2023-01-09,2023-01-23,14,2,Поставщик_0419,193001215700,3211964.83,Итоги подведены,False
403027,Ремонт зданий,Заказчик_0091,800785553136,Электронный аукцион,2024-03-17,2024-03-28,11,5,Поставщик_0097,691450984591,5102983.11,Завершен,False
403028,Клининг,Заказчик_0169,512269807126,Открытый конкурс,2023-03-11,2023-03-25,14,6,Поставщик_0009,805293930777,728915.5,Завершен,False
403029,Охранные услуги,Заказчик_0054,441094840601,Запрос ценовых предложений,2024-09-28,2024-10-08,10,5,Поставщик_0701,088379595948,1821246.08,Итоги подведены,False
403030,Транспортные услуги,Заказчик_0104,865457848634,Из одного источника по несостоявшимся закупкам,2023-11-15,2023-11-24,9,4,Поставщик_0096,934771498574,1143856.43,Отменен,False
403031,Канцелярские товары,Заказчик_0024,420762754008,Открытый конкурс,2023-02-02,2023-02-09,7,5,Поставщик_0472,346460499989,280992.8,Отменен,False
403032,Транспортные услуги,Заказчик_0090,423440463190,Электронный аукцион,2023-03-27,2023-04-11,15,3,Поставщик_0182,527929437955,1113065.18,Итоги подведены,False
403033,Ремонт зданий,Заказчик_0026,217846198988,Электронный аукцион,2024-02-01,2024-02-05,4,2,Поставщик_0312,014519909359,5292470.94,Завершен,False
403034,Канцелярские товары,Заказчик_0124,308392990638,Из одного источника,2024-03-02,2024-03-20,18,2,Поставщик_0519,159617905379,300963.15,Опубликован,False
403035,Мебель,Заказчик_0054,441094840601,Электронный аукцион,2025-03-22,2025-03-28,6,2,Поставщик_0706,126245364680,1071621.44,Итоги подведены,False
403036,Мебель,Заказчик_0149,424259616526,Открытый конкурс,2023-09-20,2023-09-26,6,1,Поставщик_0543,776243762180,968844.03,Отменен,False
403037,Медицинское оборудование,Заказчик_0178,823345926868,Открытый конкурс,2023-07-10,2023-07-29,19,2,Поставщик_0781,916367478121,8656980.89,Завершен,False
403038,Продукты питания,Заказчик_0127,352249294184,Открытый конкурс,2023-10-11,2023-10-30,19,3,Поставщик_0505,685208594331,434068.89,Завершен,False
403039,Медицинское оборудование,Заказчик_0029,639591919214,Электронный аукцион,2024-03-28,2024-04-12,15,3,Поставщик_0707,835273872658,7584993.33,Завершен,False
403040,Стройматериалы,Заказчик_0061,915640336836,Открытый конкурс,2025-01-31,2025-02-18,18,2,Поставщик_0628,628834501796,3007504.42,Итоги подведены,False
403041,Транспортные услуги,Заказчик_0068,707783689405,Запрос ценовых предложений,2023-10-25,2023-11-07,13,1,Поставщик_0772,923184834773,1268374.2,Итоги подведены,False
403042,IT-услуги,Заказчик_0176,053666440505,Запрос ценовых предложений,2023-06-26,2023-06-28,2,3,Поставщик_0057,866171998149,4731428.98,Завершен,False
403043,Медицинское оборудование,Заказчик_0153,051929549841,Электронный аукцион,2025-05-15,2025-06-03,19,3,Поставщик_0302,439112186855,8271815.63,Завершен,False
403044,Транспортные услуги,Заказчик_0128,840683305887,Открытый конкурс,2023-01-20,2023-01-31,11,6,Поставщик_0711,363987954794,1104274.79,Завершен,False
403045,Канцелярские товары,Заказчик_0174,628964171749,Запрос ценовых предложений,2023-07-17,2023-07-28,11,2,Поставщик_0600,570574392301,272118.41,Завершен,False
403046,Стройматериалы,Заказчик_0039,704542495687,Электронный аукцион,2024-02-11,2024-03-04,22,3,Поставщик_0285,513462082964,3104053.28,Отменен,False
403047,Канцелярские товары,Заказчик_0154,114217757188,Запрос ценовых предложений,2024-07-31,2024-08-02,2,1,Поставщик_0442,406737830193,426249.94,Завершен,True
403048,Транспортные услуги,Заказчик_0027,073988827188,Электронный аукцион,2023-06-10,2023-06-25,15,1,Поставщик_0278,378704784734,1230182.58,Опубликован,False
403049,Мебель,Заказчик_0179,703500144758,Запрос ценовых предложений,2024-08-01,2024-08-15,14,6,Поставщик_0330,436097117958,932148.55,Завершен,False
403050,Стройматериалы,Заказчик_0161,030990904779,Запрос ценовых предложений,2023-07-20,2023-07-31,11,1,Поставщик_0260,316863067117,2934078.82,Итоги подведены,False
403051,Ремонт зданий,Заказчик_0045,891036937066,Из одного источника,2023-01-11,2023-01-17,6,1,Поставщик_0108,105450223327,5342195.32,Итоги подведены,False
403052,Медицинское оборудование,Заказчик_0180,050288400985,Открытый конкурс,2024-01-21,2024-01-28,7,1,Поставщик_0038,806224502118,8494103.52,Завершен,False
403053,Клининг,Заказчик_0101,937882116761,Открытый конкурс,2023-09-22,2023-10-05,13,2,Поставщик_0612,305653841439,656058.54,Завершен,False
403054,IT-услуги,Заказчик_0025,958511387882,Из одного источника по несостоявшимся закупкам,2025-01-14,2025-01-24,10,3,Поставщик_0740,689804271765,5420015.39,Итоги подведены,False
403055,IT-услуги,Заказчик_0081,893419340814,Открытый конкурс,2025-03-24,2025-04-10,17,3,Поставщик_0321,485926593358,5000016.94,Завершен,False
403056,Продукты питания,Заказчик_0154,114217757188,Открытый конкурс,2023-08-18,2023-08-28,10,3,Поставщик_0481,847393827870,512923.43,Завершен,False
403057,Клининг,Заказчик_0169,512269807126,Запрос ценовых предложений,2024-05-02,2024-05-28,26,2,Поставщик_0793,809281791467,662684.47,Отменен,False
403058,Продукты питания,Заказчик_0166,287356331623,Запрос ценовых предложений,2025-03-11,2025-03-23,12,2,Поставщик_0712,059899197139,460768.8,Завершен,False
403059,Транспортные услуги,Заказчик_0148,216398982273,Электронный аукцион,2024-07-21,2024-07-31,10,4,Поставщик_0138,786746124356,1268559.91,Завершен,False
403060,Продукты питания,Заказчик_0143,957760497757,Из одного источника,2023-06-07,2023-06-19,12,4,Поставщик_0625,479872818740,542194.13,Завершен,False
403061,Медицинское оборудование,Заказчик_0179,703500144758,Открытый конкурс,2024-06-08,2024-06-16,8,6,Поставщик_0495,246507961368,7337516.67,Завершен,False
403062,Канцелярские товары,Заказчик_0084,846650721507,Запрос ценовых предложений,2023-04-03,2023-04-14,11,7,Поставщик_0778,818114369237,318924.6,Итоги подведены,False
403063,Ремонт зданий,Заказчик_0102,747749566861,Электронный аукцион,2025-05-29,2025-06-03,5,1,Поставщик_0746,277946131833,8428540.11,Завершен,True
403064,Мебель,Заказчик_0120,174668074201,Открытый конкурс,2023-09-15,2023-09-26,11,4,Поставщик_0439,477268128749,976867.93,Завершен,False
403065,Охранные услуги,Заказчик_0177,290868910115,Открытый конкурс,2023-06-29,2023-07-03,4,6,Поставщик_0490,845577179815,1894681.79,Завершен,False
403066,IT-услуги,Заказчик_0002,930086875935,Запрос ценовых предложений,2023-06-07,2023-06-17,10,1,Поставщик_0184,103135280397,5166400.13,Завершен,False
403067,Медицинское оборудование,Заказчик_0165,105707422805,Открытый конкурс,2024-12-06,2024-12-19,13,3,Поставщик_0276,515090470547,7407049.51,Опубликован,False
403068,Мебель,Заказчик_0134,006567464629,Из одного источника по несостоявшимся закупкам,2023-07-03,2023-07-17,14,1,Поставщик_0739,795163914900,927256.83,Завершен,False
403069,Продукты питания,Заказчик_0105,101837512445,Запрос ценовых предложений,2024-03-14,2024-03-28,14,2,Поставщик_0251,377751361568,519153.41,Завершен,False
403070,Канцелярские товары,Заказчик_0111,446242745384,Электронный аукцион,2023-11-18,2023-12-05,17,4,Поставщик_0014,068941037138,276752.58,Опубликован,False
403071,Клининг,Заказчик_0025,958511387882,Запрос ценовых предложений,2024-02-29,2024-03-21,21,5,Поставщик_0317,340583741741,631559.38,Завершен,False
403072,Медицинское оборудование,Заказчик_0075,929625670649,Из одного источника по несостоявшимся закупкам,2024-02-28,2024-03-08,9,1,Поставщик_0566,355711415538,7281311.39,Итоги подведены,False
403073,IT-услуги,Заказчик_0039,704542495687,Запрос ценовых предложений,2023-10-30,2023-11-12,13,2,Поставщик_0684,527233135406,5411446.65,Опубликован,False
403074,IT-услуги,Заказчик_0062,298543394596,Из одного источника по несостоявшимся закупкам,2025-04-05,2025-04-25,20,3,Поставщик_0772,923184834773,4294982.61,Завершен,False
403075,Мебель,Заказчик_0078,598284873191,Электронный аукцион,2025-04-24,2025-05-12,18,6,Поставщик_0359,522051611308,883492.26,Итоги подведены,False
403076,Стройматериалы,Заказчик_0030,736535270957,Запрос ценовых предложений,2025-06-06,2025-06-21,15,2,Поставщик_0527,717368658225,2838757.71,Завершен,False
403077,Стройматериалы,Заказчик_0086,600723107574,Электронный аукцион,2025-06-02,2025-06-17,15,2,Поставщик_0280,087096813631,2586419.03,Опубликован,False
403078,Мебель,Заказчик_0072,072315571086,Открытый конкурс,2024-05-20,2024-05-24,4,1,Поставщик_0506,925712227523,1075709.59,Завершен,False
403079,Мебель,Заказчик_0138,309592304864,Запрос ценовых предложений,2024-08-28,2024-09-12,15,5,Поставщик_0066,762315986624,903037.79,Итоги подведены,False
403080,Охранные услуги,Заказчик_0009,498251982661,Электронный аукцион,2024-10-03,2024-10-12,9,4,Поставщик_0137,267474352337,2023504.88,Завершен,False
403081,Транспортные услуги,Заказчик_0023,152672624980,Запрос ценовых предложений,2025-02-20,2025-02-25,5,1,Поставщик_0638,103622641025,1226633.94,Опубликован,False
403082,Медицинское оборудование,Заказчик_0098,137588080098,Из одного источника по несостоявшимся закупкам,2023-04-06,2023-04-14,8,4,Поставщик_0683,389018421647,8217862.95,Итоги подведены,False
403083,Стройматериалы,Заказчик_0006,836394225258,Запрос ценовых предложений,2025-03-22,2025-04-02,11,3,Поставщик_0325,647107852974,3064670.82,Завершен,False
403084,Мебель,Заказчик_0068,707783689405,Открытый конкурс,2024-05-25,2024-06-02,8,5,Поставщик_0591,682114187894,862752.43,Завершен,False
403085,Медицинское оборудование,Заказчик_0009,498251982661,Запрос ценовых предложений,2024-07-31,2024-08-02,2,1,Поставщик_0029,042388906871,9690588.15,Завершен,True
403086,Ремонт зданий,Заказчик_0110,880371318781,Запрос ценовых предложений,2024-03-12,2024-03-26,14,4,Поставщик_0433,475307919366,6593709.7,Завершен,False
403087,Медицинское оборудование,Заказчик_0145,164798701236,Электронный аукцион,2025-01-01,2025-01-16,15,3,Поставщик_0237,009412350783,7972808.67,Завершен,False
403088,Стройматериалы,Заказчик_0145,164798701236,Открытый конкурс,2023-06-25,2023-06-30,5,4,Поставщик_0066,762315986624,2718130.42,Завершен,False
403089,Клининг,Заказчик_0193,560763609637,Открытый конкурс,2023-03-05,2023-03-27,22,5,Поставщик_0693,417908118380,598086.78,Опубликован,False
403090,Мебель,Заказчик_0059,216695400432,Из одного источника по несостоявшимся закупкам,2024-11-17,2024-12-02,15,2,Поставщик_0312,014519909359,920027.23,Завершен,False
403091,Медицинское оборудование,Заказчик_0075,929625670649,Открытый конкурс,2023-10-24,2023-10-31,7,4,Поставщик_0434,689235115480,7607545.45,Завершен,False
403092,Клининг,Заказчик_0190,238315556594,Открытый конкурс,2025-05-20,2025-05-23,3,1,Поставщик_0580,935274531168,874853.09,Завершен,True
403093,IT-услуги,Заказчик_0172,325409489345,Электронный аукцион,2023-05-12,2023-05-26,14,2,Поставщик_0619,461861754269,4702539.55,Завершен,False
403094,Канцелярские товары,Заказчик_0065,847528925395,Открытый конкурс,2024-10-20,2024-10-29,9,1,Поставщик_0379,687413037719,302128.36,Завершен,False
403095,Клининг,Заказчик_0097,603503212307,Электронный аукцион,2025-01-24,2025-02-09,16,2,Поставщик_0626,618076893639,742786.47,Завершен,False
403096,Продукты питания,Заказчик_0129,967512170538,Электронный аукцион,2024-06-27,2024-07-06,9,4,Поставщик_0370,008318800461,425476.37,Итоги подведены,False
403097,Медицинское оборудование,Заказчик_0072,072315571086,Открытый конкурс,2025-03-19,2025-03-26,7,5,Поставщик_0575,527776296651,7252333.41,Завершен,False
403098,Мебель,Заказчик_0034,638762102480,Запрос ценовых предложений,2024-07-17,2024-08-05,19,3,Поставщик_0351,955407680663,866618.08,Опубликован,False
403099,IT-услуги,Заказчик_0052,571247952112,Электронный аукцион,2023-05-18,2023-06-05,18,6,Поставщик_0022,800446377177,4756374.39,Завершен,False
403100,Транспортные услуги,Заказчик_0041,403641416035,Из одного источника,2023-07-28,2023-08-12,15,2,Поставщик_0572,516919540856,1072561.71,Завершен,False
403101,Клининг,Заказчик_0159,055513512505,Из одного источника,2024-11-10,2024-11-28,18,2,Поставщик_0623,733963465975,656980.16,Завершен,False
403102,Охранные услуги,Заказчик_0161,030990904779,Из одного источника по несостоявшимся закупкам,2025-02-01,2025-02-13,12,5,Поставщик_0254,249692497310,2043137.67,Завершен,False
403103,Мебель,Заказчик_0108,933786876564,Открытый конкурс,2025-05-30,2025-06-24,25,4,Поставщик_0214,459023304521,944004.43,Завершен,False
403104,Стройматериалы,Заказчик_0120,174668074201,Электронный аукцион,2025-02-17,2025-03-09,20,4,Поставщик_0045,931311979619,3117113.65,Завершен,False
403105,Стройматериалы,Заказчик_0140,572961937397,Электронный аукцион,2024-01-10,2024-01-29,19,2,Поставщик_0004,178380759187,2625569.02,Опубликован,False
403106,Мебель,Заказчик_0150,560471705949,Электронный аукцион,2025-03-15,2025-03-21,6,3,Поставщик_0139,719001940200,851513.9,Завершен,False
403107,Охранные услуги,Заказчик_0054,441094840601,Из одного источника,2024-09-06,2024-09-12,6,3,Поставщик_0291,467915348400,1984005.17,Итоги подведены,False
403108,Мебель,Заказчик_0165,105707422805,Электронный аукцион,2025-06-09,2025-06-12,3,1,Поставщик_0645,945551379107,1370942.34,Отменен,True
403109,Ремонт зданий,Заказчик_0115,986712861740,Запрос ценовых предложений,2023-03-03,2023-03-05,2,1,Поставщик_0625,479872818740,6485357.12,Завершен,False
403110,Охранные услуги,Заказчик_0004,633229661713,Электронный аукцион,2023-08-03,2023-08-08,5,6,Поставщик_0109,598906496696,2133747.4,Завершен,False
403111,Продукты питания,Заказчик_0110,880371318781,Запрос ценовых предложений,2023-12-26,2024-01-07,12,1,Поставщик_0087,387671609145,519597.13,Итоги подведены,False
403112,Мебель,Заказчик_0112,839942359881,Из одного источника,2023-10-30,2023-11-04,5,1,Поставщик_0336,874088944878,1160582.12,Отменен,True
403113,Канцелярские товары,Заказчик_0134,006567464629,Открытый конкурс,2024-11-18,2024-12-02,14,5,Поставщик_0733,295117744745,295677.3,Итоги подведены,False
403114,Охранные услуги,Заказчик_0026,217846198988,Электронный аукцион,2025-05-26,2025-06-06,11,3,Поставщик_0491,158112158095,2074887.81,Итоги подведены,False
403115,Ремонт зданий,Заказчик_0110,880371318781,Запрос ценовых предложений,2024-08-28,2024-09-06,9,3,Поставщик_0000,872601131654,5817595.43,Завершен,False
403116,Стройматериалы,Заказчик_0138,309592304864,Запрос ценовых предложений,2023-02-24,2023-03-13,17,5,Поставщик_0432,453519088346,2852277.79,Итоги подведены,False
403117,Стройматериалы,Заказчик_0098,137588080098,Электронный аукцион,2024-03-11,2024-03-29,18,3,Поставщик_0299,615581038112,3233880.9,Завершен,False
403118,Медицинское оборудование,Заказчик_0052,571247952112,Открытый конкурс,2024-06-09,2024-06-20,11,7,Поставщик_0212,625658016086,8634265.21,Отменен,False
403119,Транспортные услуги,Заказчик_0156,370660134587,Из одного источника по несостоявшимся закупкам,2024-07-10,2024-07-21,11,5,Поставщик_0445,688678330077,1252325.95,Завершен,False
403120,Транспортные услуги,Заказчик_0004,633229661713,Из одного источника по несостоявшимся закупкам,2023-06-03,2023-06-13,10,6,Поставщик_0284,829126485629,1269177.46,Завершен,False
403121,Продукты питания,Заказчик_0165,105707422805,Электронный аукцион,2025-02-21,2025-02-22,1,1,Поставщик_0645,945551379107,666907.51,Итоги подведены,True
403122,Мебель,Заказчик_0058,694569801375,Электронный аукцион,2025-02-14,2025-02-25,11,5,Поставщик_0318,666548534963,875350.12,Опубликован,False
403123,IT-услуги,Заказчик_0045,891036937066,Из одного источника по несостоявшимся закупкам,2024-07-07,2024-07-20,13,1,Поставщик_0445,688678330077,4501204.19,Опубликован,False
403124,Клининг,Заказчик_0150,560471705949,Открытый конкурс,2025-03-02,2025-03-22,20,4,Поставщик_0339,867347268714,596313.95,Итоги подведены,False
403125,Стройматериалы,Заказчик_0076,276366676869,Из одного источника,2023-02-26,2023-03-13,15,5,Поставщик_0133,607514168876,2751718.02,Завершен,False
403126,Канцелярские товары,Заказчик_0137,362813537454,Электронный аукцион,2025-03-25,2025-04-05,11,3,Поставщик_0722,214386232851,280249.65,Отменен,False
403127,Ремонт зданий,Заказчик_0190,238315556594,Открытый конкурс,2024-09-15,2024-09-19,4,1,Поставщик_0580,935274531168,8179817.95,Итоги подведены,True
403128,Клининг,Заказчик_0018,571295570558,Запрос ценовых предложений,2023-08-15,2023-08-23,8,2,Поставщик_0778,818114369237,627180.66,Итоги подведены,False
403129,Клининг,Заказчик_0165,105707422805,Открытый конкурс,2023-07-01,2023-07-03,2,1,Поставщик_0645,945551379107,980691.41,Итоги подведены,True
403130,Клининг,Заказчик_0013,352206298026,Запрос ценовых предложений,2023-03-04,2023-03-21,17,1,Поставщик_0200,591387784449,705849.68,Завершен,False
403131,Транспортные услуги,Заказчик_0056,936679226110,Открытый конкурс,2024-04-27,2024-05-08,11,7,Поставщик_0086,613468081492,1040045.67,Опубликован,False
403132,Стройматериалы,Заказчик_0195,530149191342,Открытый конкурс,2024-04-23,2024-05-07,14,7,Поставщик_0562,307506639977,2995240.89,Завершен,False
403133,Мебель,Заказчик_0085,228319081121,Открытый конкурс,2023-09-27,2023-09-28,1,3,Поставщик_0625,479872818740,916556.77,Завершен,False
403134,Продукты питания,Заказчик_0194,940255554375,Открытый конкурс,2024-05-27,2024-05-30,3,5,Поставщик_0515,994600436234,458878.99,Итоги подведены,False
403135,Медицинское оборудование,Заказчик_0181,093957730128,Электронный аукцион,2023-12-10,2023-12-24,14,4,Поставщик_0358,198520001406,8011860.99,Завершен,False
403136,Охранные услуги,Заказчик_0012,425723964512,Из одного источника по несостоявшимся закупкам,2023-12-18,2023-12-29,11,1,Поставщик_0396,428296257340,1906519.66,Завершен,False
403137,Медицинское оборудование,Заказчик_0013,352206298026,Из одного источника,2024-12-28,2025-01-06,9,2,Поставщик_0765,367270143405,7109979.51,Завершен,False
403138,IT-услуги,Заказчик_0077,634570271159,Запрос ценовых предложений,2024-10-31,2024-11-24,24,6,Поставщик_0216,992635931556,5477722.37,Завершен,False
403139,IT-услуги,Заказчик_0103,043205340808,Электронный аукцион,2023-02-25,2023-03-16,19,2,Поставщик_0612,305653841439,4683067.35,Завершен,False
403140,Канцелярские товары,Заказчик_0059,216695400432,Открытый конкурс,2023-02-21,2023-03-07,14,1,Поставщик_0073,163037373228,327780.07,Завершен,False
403141,Медицинское оборудование,Заказчик_0050,074766470263,Открытый конкурс,2023-02-28,2023-03-13,13,1,Поставщик_0450,669636838436,7443630.12,Завершен,False
403142,Стройматериалы,Заказчик_0122,138783944958,Запрос ценовых предложений,2025-03-23,2025-04-07,15,2,Поставщик_0760,233735125812,2589887.39,Итоги подведены,False
403143,Охранные услуги,Заказчик_0056,936679226110,Из одного источника по несостоявшимся закупкам,2023-06-16,2023-07-05,19,2,Поставщик_0457,145778703879,1810088.7,Завершен,False
403144,Транспортные услуги,Заказчик_0118,609055953469,Электронный аукцион,2024-08-04,2024-08-16,12,5,Поставщик_0438,103859845728,1239498.95,Завершен,False
403145,Ремонт зданий,Заказчик_0034,638762102480,Электронный аукцион,2024-08-30,2024-09-11,12,4,Поставщик_0401,066049648775,5676721.46,Завершен,False
403146,Транспортные услуги,Заказчик_0178,823345926868,Открытый конкурс,2024-06-02,2024-06-23,21,5,Поставщик_0628,628834501796,1311770.18,Итоги подведены,False
403147,Клининг,Заказчик_0154,114217757188,Электронный аукцион,2024-04-30,2024-05-03,3,1,Поставщик_0442,406737830193,932342.12,Итоги подведены,True
403148,Транспортные услуги,Заказчик_0156,370660134587,Открытый конкурс,2023-02-21,2023-03-12,19,5,Поставщик_0293,369931833239,1024206.32,Завершен,False
403149,IT-услуги,Заказчик_0128,840683305887,Запрос ценовых предложений,2023-08-03,2023-08-23,20,6,Поставщик_0141,820552102019,5414103.97,Завершен,False
403150,Канцелярские товары,Заказчик_0114,492430052930,Запрос ценовых предложений,2025-02-04,2025-02-16,12,7,Поставщик_0259,469059047610,277331.07,Итоги подведены,False
403151,Продукты питания,Заказчик_0192,709445965738,Из одного источника по несостоявшимся закупкам,2024-04-02,2024-04-12,10,6,Поставщик_0487,636767862631,535042.45,Завершен,False
403152,Ремонт зданий,Заказчик_0142,197238572836,Электронный аукцион,2024-05-29,2024-05-31,2,3,Поставщик_0025,157250824319,5415854.36,Завершен,False
403153,Медицинское оборудование,Заказчик_0005,965687203229,Из одного источника,2024-02-09,2024-02-22,13,3,Поставщик_0491,158112158095,7523054.38,Завершен,False
403154,Транспортные услуги,Заказчик_0020,455927236237,Электронный аукцион,2023-03-29,2023-04-14,16,8,Поставщик_0455,161205892073,1231673.94,Завершен,False
403155,IT-услуги,Заказчик_0022,876960826911,Открытый конкурс,2024-09-16,2024-09-21,5,2,Поставщик_0772,923184834773,5169948.81,Завершен,False
403156,Канцелярские товары,Заказчик_0166,287356331623,Из одного источника по несостоявшимся закупкам,2024-12-09,2024-12-20,11,8,Поставщик_0060,512534346021,261168.42,Завершен,False
403157,Продукты питания,Заказчик_0008,959807652614,Запрос ценовых предложений,2023-10-06,2023-10-09,3,6,Поставщик_0047,399069925917,497703.53,Завершен,False
403158,IT-услуги,Заказчик_0189,913923992645,Открытый конкурс,2023-01-14,2023-01-20,6,4,Поставщик_0418,020226279372,4575461.34,Завершен,False
403159,Транспортные услуги,Заказчик_0185,103321145403,Электронный аукцион,2025-04-28,2025-05-09,11,1,Поставщик_0247,478301914972,1313570.92,Итоги подведены,False
403160,IT-услуги,Заказчик_0087,751590785490,Открытый конкурс,2024-05-24,2024-06-03,10,3,Поставщик_0341,714420391749,4490956.42,Завершен,False
403161,Ремонт зданий,Заказчик_0093,375889866098,Открытый конкурс,2024-11-02,2024-11-19,17,4,Поставщик_0184,103135280397,6540671.27,Итоги подведены,False
403162,Медицинское оборудование,Заказчик_0105,101837512445,Электронный аукцион,2024-11-11,2024-11-21,10,3,Поставщик_0032,877320275114,7757566.52,Завершен,False
403163,Продукты питания,Заказчик_0009,498251982661,Открытый конкурс,2024-09-08,2024-09-11,3,1,Поставщик_0029,042388906871,701739.18,Отменен,True
403164,Стройматериалы,Заказчик_0017,424039274499,Открытый конкурс,2024-04-01,2024-04-17,16,4,Поставщик_0251,377751361568,2885698.82,Итоги подведены,False
403165,Мебель,Заказчик_0192,709445965738,Запрос ценовых предложений,2023-12-17,2024-01-06,20,3,Поставщик_0431,457774731762,863606.72,Опубликован,False
403166,Мебель,Заказчик_0176,053666440505,Из одного источника по несостоявшимся закупкам,2023-09-19,2023-10-07,18,3,Поставщик_0513,247215278928,970297.31,Завершен,False
403167,Ремонт зданий,Заказчик_0080,658912085920,Из одного источника,2025-03-07,2025-03-20,13,3,Поставщик_0088,861330689191,5943568.2,Завершен,False
403168,Транспортные услуги,Заказчик_0128,840683305887,Открытый конкурс,2024-02-05,2024-02-22,17,1,Поставщик_0458,517244360141,1218947.86,Итоги подведены,False
403169,IT-услуги,Заказчик_0102,747749566861,Электронный аукцион,2024-07-28,2024-07-29,1,1,Поставщик_0746,277946131833,7233484.04,Завершен,True
403170,Охранные услуги,Заказчик_0108,933786876564,Из одного источника,2024-05-01,2024-05-10,9,4,Поставщик_0522,767368917374,2026472.59,Завершен,False
403171,Ремонт зданий,Заказчик_0130,560397578096,Электронный аукцион,2024-04-30,2024-05-14,14,1,Поставщик_0000,872601131654,5818997.04,Завершен,False
403172,Охранные услуги,Заказчик_0187,313404440226,Запрос ценовых предложений,2024-12-18,2025-01-04,17,1,Поставщик_0409,940213604856,1851621.61,Завершен,False
403173,Ремонт зданий,Заказчик_0140,572961937397,Из одного источника по несостоявшимся закупкам,2023-11-19,2023-11-27,8,1,Поставщик_0725,319683909740,5299696.25,Завершен,False
403174,Транспортные услуги,Заказчик_0182,383719759048,Открытый конкурс,2023-04-04,2023-04-10,6,2,Поставщик_0413,378639743115,1066438.74,Завершен,False
403175,Мебель,Заказчик_0150,560471705949,Электронный аукцион,2023-05-08,2023-06-03,26,1,Поставщик_0539,835456772090,957861.57,Завершен,False
403176,Стройматериалы,Заказчик_0070,366888337780,Запрос ценовых предложений,2023-03-03,2023-03-14,11,7,Поставщик_0718,380941684061,3249376.83,Завершен,False
403177,Канцелярские товары,Заказчик_0000,602276804025,Запрос ценовых предложений,2024-05-05,2024-05-22,17,4,Поставщик_0588,727453636489,259950.54,Итоги подведены,False
403178,Охранные услуги,Заказчик_0108,933786876564,Из одного источника,2024-09-24,2024-10-15,21,3,Поставщик_0017,205667686355,1815519.11,Завершен,False
403179,Охранные услуги,Заказчик_0174,628964171749,Открытый конкурс,2024-07-15,2024-07-29,14,6,Поставщик_0547,802505735602,1967800.01,Завершен,False
403180,Медицинское оборудование,Заказчик_0017,424039274499,Открытый конкурс,2025-06-02,2025-06-12,10,5,Поставщик_0363,826646713440,8617870.09,Опубликован,False
403181,Стройматериалы,Заказчик_0136,789135342202,Электронный аукцион,2023-03-10,2023-03-19,9,2,Поставщик_0033,459232116860,2666725.92,Завершен,False
403182,IT-услуги,Заказчик_0115,986712861740,Из одного источника по несостоявшимся закупкам,2023-04-16,2023-04-28,12,4,Поставщик_0218,435602273530,5261746.54,Завершен,False
403183,Стройматериалы,Заказчик_0064,196215509941,Электронный аукцион,2025-01-30,2025-01-31,1,1,Поставщик_0758,294831337443,2701647.74,Завершен,False
403184,Медицинское оборудование,Заказчик_0066,882749582259,Электронный аукцион,2024-07-23,2024-08-07,15,4,Поставщик_0309,913322191117,6989049.61,Итоги подведены,False
403185,Продукты питания,Заказчик_0048,544728808246,Электронный аукцион,2025-04-27,2025-05-15,18,3,Поставщик_0268,601496730215,540212.82,Завершен,False
403186,Продукты питания,Заказчик_0191,742687446267,Из одного источника по несостоявшимся закупкам,2025-05-28,2025-06-08,11,4,Поставщик_0170,188216312170,549236.11,Итоги подведены,False
403187,Канцелярские товары,Заказчик_0129,967512170538,Электронный аукцион,2025-06-10,2025-06-19,9,5,Поставщик_0231,678404341761,299319.1,Итоги подведены,False
403188,Стройматериалы,Заказчик_0137,362813537454,Из одного источника,2024-09-21,2024-10-02,11,4,Поставщик_0698,602406269889,3252468.01,Завершен,False
403189,Ремонт зданий,Заказчик_0105,101837512445,Электронный аукцион,2023-03-04,2023-03-20,16,4,Поставщик_0508,813140511416,5716973.15,Завершен,False
403190,Стройматериалы,Заказчик_0052,571247952112,Открытый конкурс,2024-07-08,2024-07-17,9,7,Поставщик_0208,572426977114,3256822.58,Итоги подведены,False
403191,Стройматериалы,Заказчик_0129,967512170538,Запрос ценовых предложений,2024-08-26,2024-09-08,13,5,Поставщик_0008,827876452446,2855507.13,Завершен,False
403192,Клининг,Заказчик_0095,724337750016,Открытый конкурс,2025-03-16,2025-03-19,3,1,Поставщик_0428,856790002133,641341.44,Итоги подведены,False
403193,Клининг,Заказчик_0020,455927236237,Электронный аукцион,2025-06-12,2025-06-27,15,1,Поставщик_0636,644148931402,689420.03,Итоги подведены,False
403194,Клининг,Заказчик_0093,375889866098,Запрос ценовых предложений,2023-03-25,2023-03-31,6,4,Поставщик_0710,341084543823,740282.94,Завершен,False
403195,Клининг,Заказчик_0154,114217757188,Электронный аукцион,2024-01-10,2024-01-30,20,5,Поставщик_0634,605920056438,679747.57,Опубликован,False
403196,Мебель,Заказчик_0133,355191676858,Электронный аукцион,2023-11-03,2023-11-13,10,1,Поставщик_0077,930130381662,1099527.32,Итоги подведены,False
403197,Клининг,Заказчик_0096,626442714264,Электронный аукцион,2023-06-10,2023-06-26,16,5,Поставщик_0531,201609917372,703643.65,Итоги подведены,False
403198,Стройматериалы,Заказчик_0096,626442714264,Электронный аукцион,2024-01-01,2024-01-11,10,3,Поставщик_0776,349263125116,2630339.17,Завершен,False
403199,Канцелярские товары,Заказчик_0137,362813537454,Открытый конкурс,2023-10-17,2023-11-03,17,2,Поставщик_0099,994147727879,328795.14,Завершен,False
403200,IT-услуги,Заказчик_0136,789135342202,Из одного источника по несостоявшимся закупкам,2023-01-13,2023-01-29,16,2,Поставщик_0585,126880847331,4577726.23,Опубликован,False
403201,Продукты питания,Заказчик_0187,313404440226,Открытый конкурс,2023-04-15,2023-04-21,6,8,Поставщик_0200,591387784449,549037.67,Отменен,False
403202,Стройматериалы,Заказчик_0066,882749582259,Из одного источника по несостоявшимся закупкам,2024-03-29,2024-04-12,14,4,Поставщик_0193,471605601276,3059554.7,Завершен,False
403203,Мебель,Заказчик_0044,011652671671,Электронный аукцион,2024-07-11,2024-07-21,10,3,Поставщик_0160,261806834952,1027978.39,Завершен,False
403204,Мебель,Заказчик_0094,217330854160,Запрос ценовых предложений,2023-10-19,2023-10-27,8,1,Поставщик_0762,316239117374,1099286.52,Итоги подведены,False
403205,Продукты питания,Заказчик_0150,560471705949,Запрос ценовых предложений,2024-03-29,2024-04-07,9,5,Поставщик_0104,693993502678,446683.84,Завершен,False
403206,Клининг,Заказчик_0080,658912085920,Открытый конкурс,2025-05-18,2025-05-24,6,2,Поставщик_0197,888052186039,769940.68,Завершен,False
403207,Стройматериалы,Заказчик_0075,929625670649,Запрос ценовых предложений,2025-03-27,2025-04-04,8,4,Поставщик_0090,570623638590,3082168.06,Завершен,False
403208,Стройматериалы,Заказчик_0085,228319081121,Из одного источника по несостоявшимся закупкам,2024-03-12,2024-03-25,13,5,Поставщик_0364,117948525800,2630671.87,Завершен,False
403209,Продукты питания,Заказчик_0016,294850989981,Электронный аукцион,2024-03-12,2024-03-20,8,1,Поставщик_0039,568797354953,514801.57,Завершен,False
403210,IT-услуги,Заказчик_0075,929625670649,Открытый конкурс,2023-04-13,2023-04-22,9,3,Поставщик_0451,536259268377,4539080.14,Завершен,False
403211,Стройматериалы,Заказчик_0012,425723964512,Запрос ценовых предложений,2024-05-09,2024-05-20,11,4,Поставщик_0758,294831337443,2764436.47,Завершен,False
403212,Мебель,Заказчик_0140,572961937397,Электронный аукцион,2025-06-10,2025-06-23,13,4,Поставщик_0786,828456635036,900280.17,Завершен,False
403213,Охранные услуги,Заказчик_0104,865457848634,Запрос ценовых предложений,2025-01-11,2025-01-31,20,1,Поставщик_0724,642962887540,2093865.1,Завершен,False
403214,IT-услуги,Заказчик_0083,349806593311,Из одного источника,2025-03-25,2025-04-05,11,1,Поставщик_0310,750312639452,4502758.92,Завершен,False
403215,Клининг,Заказчик_0189,913923992645,Из одного источника,2023-04-11,2023-04-30,19,3,Поставщик_0611,023356356115,681749.94,Завершен,False
403216,Медицинское оборудование,Заказчик_0104,865457848634,Из одного источника,2023-02-02,2023-02-11,9,5,Поставщик_0612,305653841439,7410846.33,Завершен,False
403217,Медицинское оборудование,Заказчик_0014,219547810444,Электронный аукцион,2024-05-18,2024-06-05,18,1,Поставщик_0700,814806005916,8124983.39,Опубликован,False
403218,Мебель,Заказчик_0187,313404440226,Из одного источника по несостоявшимся закупкам,2025-01-27,2025-02-14,18,4,Поставщик_0023,195771172870,860909.41,Завершен,False
403219,Стройматериалы,Заказчик_0177,290868910115,Запрос ценовых предложений,2024-03-08,2024-03-19,11,5,Поставщик_0656,833596644581,2949944.34,Завершен,False
403220,Мебель,Заказчик_0023,152672624980,Открытый конкурс,2025-01-30,2025-02-05,6,2,Поставщик_0771,687593322342,1050789.74,Итоги подведены,False
403221,Клининг,Заказчик_0162,649389366563,Открытый конкурс,2023-03-28,2023-03-30,2,2,Поставщик_0680,617716335022,721201.24,Завершен,False
403222,Стройматериалы,Заказчик_0103,043205340808,Электронный аукцион,2025-04-02,2025-04-12,10,3,Поставщик_0427,644483312630,2690373.74,Итоги подведены,False
403223,Медицинское оборудование,Заказчик_0038,756202235126,Запрос ценовых предложений,2024-12-14,2024-12-26,12,1,Поставщик_0648,092630172816,7950295.39,Итоги подведены,False
403224,Транспортные услуги,Заказчик_0163,155720026558,Электронный аукцион,2023-04-05,2023-04-17,12,4,Поставщик_0665,128709957080,1257933.9,Итоги подведены,False
403225,Мебель,Заказчик_0145,164798701236,Из одного источника по несостоявшимся закупкам,2024-07-21,2024-08-07,17,4,Поставщик_0149,884992250745,1094202.03,Опубликован,False
403226,Канцелярские товары,Заказчик_0161,030990904779,Открытый конкурс,2025-02-15,2025-02-19,4,8,Поставщик_0586,849411335268,259052.37,Итоги подведены,False
403227,Стройматериалы,Заказчик_0190,238315556594,Открытый конкурс,2023-08-24,2023-08-25,1,1,Поставщик_0580,935274531168,4274665.98,Завершен,True
403228,Транспортные услуги,Заказчик_0126,693755362174,Открытый конкурс,2023-05-27,2023-06-14,18,2,Поставщик_0135,014282841775,1155430.35,Завершен,False
403229,Охранные услуги,Заказчик_0012,425723964512,Запрос ценовых предложений,2023-02-26,2023-03-15,17,4,Поставщик_0161,496156655633,2065601.37,Завершен,False
403230,Продукты питания,Заказчик_0165,105707422805,Запрос ценовых предложений,2023-03-11,2023-03-21,10,2,Поставщик_0273,431769216018,543379.06,Завершен,False
403231,Мебель,Заказчик_0126,693755362174,Запрос ценовых предложений,2024-06-24,2024-07-11,17,4,Поставщик_0260,316863067117,1002043.77,Итоги подведены,False
403232,Клининг,Заказчик_0118,609055953469,Из одного источника,2024-03-11,2024-03-28,17,7,Поставщик_0148,196667504649,683092.81,Завершен,False
403233,Стройматериалы,Заказчик_0075,929625670649,Электронный аукцион,2024-12-15,2024-12-16,1,2,Поставщик_0734,331897353844,3158511.19,Итоги подведены,False
403234,Транспортные услуги,Заказчик_0173,212954133846,Из одного источника,2023-05-22,2023-05-30,8,5,Поставщик_0657,574512230495,1253170.38,Опубликован,False
403235,Медицинское оборудование,Заказчик_0161,030990904779,Из одного источника,2024-08-20,2024-09-07,18,4,Поставщик_0409,940213604856,8308900.8,Опубликован,False
403236,Ремонт зданий,Заказчик_0011,890407714528,Открытый конкурс,2023-10-21,2023-11-06,16,4,Поставщик_0029,042388906871,6376850.37,Завершен,False
403237,Медицинское оборудование,Заказчик_0067,415355431652,Открытый конкурс,2025-04-12,2025-04-25,13,3,Поставщик_0367,936021322936,8202121.29,Итоги подведены,False
403238,Охранные услуги,Заказчик_0067,415355431652,Электронный аукцион,2023-02-07,2023-02-20,13,6,Поставщик_0408,782244010507,2089789.65,Завершен,False
403239,Мебель,Заказчик_0087,751590785490,Открытый конкурс,2024-01-05,2024-01-16,11,3,Поставщик_0593,586720900281,958727.91,Опубликован,False
403240,Стройматериалы,Заказчик_0162,649389366563,Электронный аукцион,2024-07-14,2024-07-26,12,4,Поставщик_0746,277946131833,2954608.49,Завершен,False
403241,Транспортные услуги,Заказчик_0111,446242745384,Электронный аукцион,2024-01-07,2024-01-15,8,2,Поставщик_0704,159772307286,1261939.62,Завершен,False
403242,Продукты питания,Заказчик_0024,420762754008,Из одного источника,2023-12-25,2024-01-02,8,4,Поставщик_0337,886536874006,541316.71,Завершен,False
403243,Транспортные услуги,Заказчик_0110,880371318781,Из одного источника по несостоявшимся закупкам,2023-02-20,2023-03-06,14,4,Поставщик_0225,750965040563,1068661.28,Завершен,False
403244,Охранные услуги,Заказчик_0135,486200442637,Электронный аукцион,2025-01-13,2025-01-26,13,3,Поставщик_0522,767368917374,1738312.83,Завершен,False
403245,Ремонт зданий,Заказчик_0088,446490060265,Электронный аукцион,2024-07-25,2024-08-05,11,1,Поставщик_0628,628834501796,6237429.2,Завершен,False
403246,Канцелярские товары,Заказчик_0018,571295570558,Открытый конкурс,2025-04-30,2025-05-18,18,5,Поставщик_0674,587072334392,274458.64,Отменен,False
403247,Ремонт зданий,Заказчик_0165,105707422805,Открытый конкурс,2024-01-05,2024-01-11,6,6,Поставщик_0605,427937196986,6528627.08,Опубликован,False
403248,Стройматериалы,Заказчик_0025,958511387882,Из одного источника по несостоявшимся закупкам,2023-08-19,2023-09-03,15,2,Поставщик_0198,662219935215,2696886.12,Завершен,False
403249,Продукты питания,Заказчик_0071,069974068469,Электронный аукцион,2025-03-15,2025-03-31,16,1,Поставщик_0603,374792430378,545767.57,Завершен,False
403250,Охранные услуги,Заказчик_0020,455927236237,Из одного источника по несостоявшимся закупкам,2023-04-11,2023-04-20,9,1,Поставщик_0630,072126329927,1994121.34,Опубликован,False
403251,Клининг,Заказчик_0004,633229661713,Открытый конкурс,2024-03-16,2024-03-24,8,3,Поставщик_0124,688615419697,648911.03,Итоги подведены,False
403252,IT-услуги,Заказчик_0133,355191676858,Запрос ценовых предложений,2024-11-22,2024-12-02,10,1,Поставщик_0330,436097117958,4586103.57,Итоги подведены,False
403253,Клининг,Заказчик_0043,200593676791,Из одного источника,2024-11-23,2024-12-08,15,6,Поставщик_0583,869301373063,738791.94,Завершен,False
403254,Стройматериалы,Заказчик_0150,560471705949,Запрос ценовых предложений,2024-04-23,2024-04-24,1,3,Поставщик_0124,688615419697,3241234.85,Завершен,False
403255,Мебель,Заказчик_0187,313404440226,Открытый конкурс,2023-10-16,2023-11-07,22,6,Поставщик_0370,008318800461,870683.57,Завершен,False
403256,Охранные услуги,Заказчик_0032,421496963502,Запрос ценовых предложений,2024-09-24,2024-10-09,15,1,Поставщик_0602,542185985110,1957587.56,Завершен,False
403257,Стройматериалы,Заказчик_0188,511393683388,Электронный аукцион,2024-07-02,2024-07-17,15,3,Поставщик_0220,468537478273,2747445.11,Завершен,False
403258,Мебель,Заказчик_0084,846650721507,Запрос ценовых предложений,2024-02-21,2024-03-12,20,2,Поставщик_0129,442180051605,961464.11,Завершен,False
403259,Ремонт зданий,Заказчик_0126,693755362174,Открытый конкурс,2025-06-17,2025-06-28,11,2,Поставщик_0569,141994877032,6367402.15,Завершен,False
403260,Клининг,Заказчик_0194,940255554375,Электронный аукцион,2023-07-18,2023-07-28,10,4,Поставщик_0641,238196641402,756594.03,Завершен,False
403261,Ремонт зданий,Заказчик_0084,846650721507,Электронный аукцион,2024-04-27,2024-05-03,6,1,Поставщик_0676,607807975653,6322617.26,Завершен,False
403262,Медицинское оборудование,Заказчик_0094,217330854160,Из одного источника по несостоявшимся закупкам,2023-07-25,2023-07-30,5,3,Поставщик_0678,091341327221,8318336.52,Завершен,False
403263,Медицинское оборудование,Заказчик_0040,303789475622,Электронный аукцион,2023-01-18,2023-02-05,18,5,Поставщик_0168,888172747047,7259995.48,Итоги подведены,False
403264,Продукты питания,Заказчик_0194,940255554375,Из одного источника по несостоявшимся закупкам,2025-05-04,2025-05-15,11,3,Поставщик_0539,835456772090,425182.54,Завершен,False
403265,Канцелярские товары,Заказчик_0095,724337750016,Открытый конкурс,2023-08-10,2023-08-19,9,4,Поставщик_0447,811413512591,307573.72,Итоги подведены,False
403266,Клининг,Заказчик_0087,751590785490,Электронный аукцион,2025-01-21,2025-01-22,1,2,Поставщик_0744,571223329164,704790.14,Завершен,False
403267,Ремонт зданий,Заказчик_0124,308392990638,Из одного источника,2024-09-16,2024-09-26,10,4,Поставщик_0654,255547850454,5520277.99,Завершен,False
403268,Продукты питания,Заказчик_0156,370660134587,Из одного источника,2023-08-31,2023-09-14,14,2,Поставщик_0285,513462082964,458360.79,Завершен,False
403269,Клининг,Заказчик_0056,936679226110,Электронный аукцион,2025-05-12,2025-05-20,8,2,Поставщик_0275,849582772358,652144.58,Итоги подведены,False
403270,Мебель,Заказчик_0083,349806593311,Из одного источника по несостоявшимся закупкам,2024-04-15,2024-04-29,14,3,Поставщик_0486,096596402469,1091109.74,Завершен,False
403271,Стройматериалы,Заказчик_0059,216695400432,Электронный аукцион,2024-02-26,2024-03-10,13,3,Поставщик_0205,587548095375,3119857.09,Опубликован,False
403272,Охранные услуги,Заказчик_0082,679471404490,Из одного источника по несостоявшимся закупкам,2025-01-29,2025-02-13,15,3,Поставщик_0700,814806005916,2123355.65,Итоги подведены,False
403273,Транспортные услуги,Заказчик_0153,051929549841,Запрос ценовых предложений,2024-03-20,2024-03-28,8,2,Поставщик_0515,994600436234,1315884.74,Итоги подведены,False
403274,Охранные услуги,Заказчик_0070,366888337780,Электронный аукцион,2025-04-14,2025-05-07,23,2,Поставщик_0468,705905069794,1798457.06,Отменен,False
403275,Стройматериалы,Заказчик_0175,560089674827,Открытый конкурс,2023-10-29,2023-11-12,14,4,Поставщик_0651,338468137346,2798473.99,Завершен,False
403276,Клининг,Заказчик_0098,137588080098,Запрос ценовых предложений,2025-03-09,2025-03-19,10,3,Поставщик_0160,261806834952,646568.35,Завершен,False
403277,Транспортные услуги,Заказчик_0194,940255554375,Открытый конкурс,2025-01-26,2025-02-07,12,4,Поставщик_0766,950405774567,1254019.78,Завершен,False
403278,Мебель,Заказчик_0158,456227804705,Электронный аукцион,2023-05-06,2023-05-21,15,4,Поставщик_0263,649071103741,851644.64,Завершен,False
403279,IT-услуги,Заказчик_0156,370660134587,Электронный аукцион,2024-10-21,2024-11-11,21,4,Поставщик_0325,647107852974,4630201.47,Опубликован,False
403280,Транспортные услуги,Заказчик_0199,342856565386,Запрос ценовых предложений,2023-08-27,2023-08-29,2,1,Поставщик_0259,469059047610,1574089.89,Завершен,True
403281,Ремонт зданий,Заказчик_0112,839942359881,Электронный аукцион,2024-01-04,2024-01-06,2,1,Поставщик_0336,874088944878,7965999.08,Итоги подведены,True
403282,Продукты питания,Заказчик_0012,425723964512,Запрос ценовых предложений,2024-02-28,2024-03-17,18,6,Поставщик_0211,624850825440,531233.75,Завершен,False
403283,Клининг,Заказчик_0047,881968747928,Открытый конкурс,2025-01-18,2025-01-25,7,5,Поставщик_0112,415797697143,707948.62,Завершен,False
403284,Канцелярские товары,Заказчик_0009,498251982661,Открытый конкурс,2023-02-24,2023-03-11,15,6,Поставщик_0589,136000136411,328395.51,Завершен,False
403285,Медицинское оборудование,Заказчик_0044,011652671671,Из одного источника,2024-01-17,2024-01-28,11,6,Поставщик_0148,196667504649,7201760.42,Завершен,False
403286,IT-услуги,Заказчик_0194,940255554375,Электронный аукцион,2023-10-23,2023-11-15,23,5,Поставщик_0762,316239117374,4363725.42,Завершен,False
403287,Мебель,Заказчик_0042,061403237378,Электронный аукцион,2024-05-01,2024-05-12,11,2,Поставщик_0420,118735108906,856853.87,Завершен,False
403288,Мебель,Заказчик_0160,845404873875,Электронный аукцион,2023-08-19,2023-08-21,2,1,Поставщик_0467,681232354610,1183995.16,Завершен,True
403289,Продукты питания,Заказчик_0021,049902298831,Из одного источника по несостоявшимся закупкам,2024-09-17,2024-09-18,1,4,Поставщик_0518,373753623817,532359.23,Отменен,False
403290,IT-услуги,Заказчик_0002,930086875935,Из одного источника по несостоявшимся закупкам,2023-02-07,2023-02-17,10,5,Поставщик_0201,892711762522,4756751.26,Итоги подведены,False
403291,Клининг,Заказчик_0001,016525808631,Открытый конкурс,2023-10-18,2023-11-01,14,5,Поставщик_0341,714420391749,639993.96,Итоги подведены,False
403292,Охранные услуги,Заказчик_0191,742687446267,Открытый конкурс,2024-03-07,2024-03-20,13,4,Поставщик_0539,835456772090,1854984.68,Завершен,False
403293,Охранные услуги,Заказчик_0026,217846198988,Из одного источника,2023-12-03,2023-12-19,16,1,Поставщик_0334,967253938188,1891529.44,Завершен,False
403294,Ремонт зданий,Заказчик_0004,633229661713,Электронный аукцион,2025-01-31,2025-02-18,18,2,Поставщик_0599,267317822732,5949157.68,Завершен,False
403295,Ремонт зданий,Заказчик_0010,757503098830,Запрос ценовых предложений,2023-03-13,2023-03-17,4,1,Поставщик_0185,771865953750,7855513.01,Итоги подведены,True
403296,Ремонт зданий,Заказчик_0162,649389366563,Запрос ценовых предложений,2025-04-05,2025-04-15,10,1,Поставщик_0507,968046436330,6552463.91,Завершен,False
403297,Транспортные услуги,Заказчик_0191,742687446267,Открытый конкурс,2023-01-16,2023-02-01,16,8,Поставщик_0713,937841018302,1141975.46,Итоги подведены,False
403298,IT-услуги,Заказчик_0159,055513512505,Запрос ценовых предложений,2023-09-26,2023-10-02,6,3,Поставщик_0109,598906496696,4971379.38,Завершен,False
403299,Медицинское оборудование,Заказчик_0181,093957730128,Электронный аукцион,2025-06-08,2025-06-21,13,5,Поставщик_0357,426146524941,7293592.94,Завершен,False
403300,Медицинское оборудование,Заказчик_0128,840683305887,Электронный аукцион,2023-09-01,2023-09-09,8,2,Поставщик_0043,843402250921,7734755.68,Завершен,False
403301,Стройматериалы,Заказчик_0091,800785553136,Из одного источника,2025-01-23,2025-02-09,17,1,Поставщик_0739,795163914900,3135653.51,Итоги подведены,False
403302,Канцелярские товары,Заказчик_0142,197238572836,Открытый конкурс,2023-06-05,2023-06-20,15,3,Поставщик_0020,007565470562,264810.32,Завершен,False
403303,Охранные услуги,Заказчик_0087,751590785490,Из одного источника по несостоявшимся закупкам,2025-02-17,2025-03-02,13,7,Поставщик_0562,307506639977,1738781.49,Завершен,False
403304,Медицинское оборудование,Заказчик_0098,137588080098,Открытый конкурс,2023-04-23,2023-04-24,1,2,Поставщик_0266,549008670401,8346335.0,Завершен,False
403305,Мебель,Заказчик_0094,217330854160,Электронный аукцион,2023-11-21,2023-11-28,7,2,Поставщик_0656,833596644581,1011596.59,Завершен,False
403306,IT-услуги,Заказчик_0191,742687446267,Электронный аукцион,2024-06-03,2024-06-22,19,3,Поставщик_0456,721224627093,5499978.11,Завершен,False
403307,Продукты питания,Заказчик_0123,706853063646,Из одного источника по несостоявшимся закупкам,2023-08-04,2023-08-16,12,3,Поставщик_0084,986105712292,499518.38,Завершен,False
403308,Мебель,Заказчик_0178,823345926868,Запрос ценовых предложений,2024-05-10,2024-05-18,8,3,Поставщик_0102,016171228627,991309.63,Завершен,False
403309,Стройматериалы,Заказчик_0116,028575123047,Электронный аукцион,2024-10-10,2024-10-30,20,2,Поставщик_0379,687413037719,3001387.93,Опубликован,False
403310,Мебель,Заказчик_0173,212954133846,Запрос ценовых предложений,2024-11-09,2024-11-13,4,3,Поставщик_0306,206779291308,1046285.34,Опубликован,False
403311,IT-услуги,Заказчик_0154,114217757188,Из одного источника по несостоявшимся закупкам,2024-10-19,2024-10-26,7,1,Поставщик_0442,406737830193,5907478.08,Завершен,True
403312,Ремонт зданий,Заказчик_0070,366888337780,Запрос ценовых предложений,2024-10-08,2024-10-21,13,7,Поставщик_0182,527929437955,6253041.21,Завершен,False
403313,Канцелярские товары,Заказчик_0132,113739882651,Из одного источника по несостоявшимся закупкам,2024-07-21,2024-08-01,11,8,Поставщик_0344,401366777200,318182.34,Завершен,False
403314,Охранные услуги,Заказчик_0069,588454746149,Электронный аукцион,2023-04-10,2023-04-26,16,4,Поставщик_0444,253076132062,1869473.25,Завершен,False
403315,Транспортные услуги,Заказчик_0149,424259616526,Из одного источника по несостоявшимся закупкам,2024-06-11,2024-06-14,3,1,Поставщик_0492,354903957645,1031958.33,Опубликован,False
403316,Транспортные услуги,Заказчик_0077,634570271159,Запрос ценовых предложений,2023-01-23,2023-01-29,6,1,Поставщик_0269,037527621769,1044444.35,Завершен,False
403317,Канцелярские товары,Заказчик_0163,155720026558,Из одного источника по несостоявшимся закупкам,2023-10-07,2023-10-21,14,2,Поставщик_0227,652331722063,284551.83,Отменен,False
403318,Ремонт зданий,Заказчик_0137,362813537454,Электронный аукцион,2024-04-14,2024-04-27,13,3,Поставщик_0504,777279885669,6042995.08,Завершен,False
403319,Ремонт зданий,Заказчик_0144,516681609103,Открытый конкурс,2023-04-12,2023-05-02,20,3,Поставщик_0144,898856957794,6334768.42,Итоги подведены,False
403320,Мебель,Заказчик_0068,707783689405,Из одного источника по несостоявшимся закупкам,2024-11-15,2024-11-27,12,7,Поставщик_0055,220760359558,1041522.33,Завершен,False
403321,Канцелярские товары,Заказчик_0076,276366676869,Из одного источника по несостоявшимся закупкам,2023-10-27,2023-11-02,6,5,Поставщик_0354,093319808172,288491.98,Завершен,False
403322,Мебель,Заказчик_0118,609055953469,Электронный аукцион,2023-04-30,2023-05-01,1,1,Поставщик_0052,121677222058,941546.43,Завершен,False
403323,Стройматериалы,Заказчик_0031,763063387334,Из одного источника,2025-06-16,2025-06-26,10,2,Поставщик_0658,678801259710,2862086.7,Завершен,False
403324,Охранные услуги,Заказчик_0058,694569801375,Из одного источника по несостоявшимся закупкам,2025-04-30,2025-05-12,12,4,Поставщик_0629,485436510430,1985882.0,Отменен,False
403325,Канцелярские товары,Заказчик_0169,512269807126,Открытый конкурс,2023-01-26,2023-02-02,7,4,Поставщик_0675,738345126963,315060.92,Завершен,False
403326,Клининг,Заказчик_0123,706853063646,Открытый конкурс,2024-08-21,2024-08-29,8,2,Поставщик_0360,254662981176,629528.05,Итоги подведены,False
403327,Охранные услуги,Заказчик_0128,840683305887,Электронный аукцион,2025-04-20,2025-05-05,15,2,Поставщик_0260,316863067117,1710406.67,Завершен,False
403328,Транспортные услуги,Заказчик_0069,588454746149,Запрос ценовых предложений,2023-05-30,2023-06-03,4,2,Поставщик_0748,776349988752,1047387.52,Завершен,False
403329,IT-услуги,Заказчик_0024,420762754008,Электронный аукцион,2024-08-04,2024-08-16,12,5,Поставщик_0336,874088944878,4393591.8,Итоги подведены,False
403330,Транспортные услуги,Заказчик_0119,207376773058,Открытый конкурс,2024-03-04,2024-03-11,7,2,Поставщик_0681,264209549520,1057039.06,Завершен,False
403331,Канцелярские товары,Заказчик_0037,867585874226,Электронный аукцион,2024-12-03,2024-12-22,19,5,Поставщик_0381,910363061274,261577.06,Завершен,False
403332,Продукты питания,Заказчик_0198,615372780181,Запрос ценовых предложений,2024-07-27,2024-08-06,10,1,Поставщик_0596,872810642904,534157.88,Итоги подведены,False
403333,Транспортные услуги,Заказчик_0124,308392990638,Запрос ценовых предложений,2025-02-01,2025-02-12,11,3,Поставщик_0308,129590257354,1103046.21,Итоги подведены,False
403334,Транспортные услуги,Заказчик_0128,840683305887,Открытый конкурс,2024-06-29,2024-07-14,15,4,Поставщик_0418,020226279372,1077034.81,Завершен,False
403335,Медицинское оборудование,Заказчик_0135,486200442637,Из одного источника по несостоявшимся закупкам,2025-01-14,2025-01-15,1,3,Поставщик_0268,601496730215,7677527.51,Завершен,False
403336,Стройматериалы,Заказчик_0198,615372780181,Открытый конкурс,2025-01-06,2025-01-26,20,3,Поставщик_0171,074530106996,2615856.38,Завершен,False
403337,IT-услуги,Заказчик_0113,268518827291,Открытый конкурс,2023-05-07,2023-05-17,10,4,Поставщик_0018,720894145599,5462596.35,Завершен,False
403338,IT-услуги,Заказчик_0102,747749566861,Из одного источника по несостоявшимся закупкам,2023-03-11,2023-03-26,15,3,Поставщик_0455,161205892073,5269029.8,Завершен,False
403339,Стройматериалы,Заказчик_0065,847528925395,Запрос ценовых предложений,2024-10-20,2024-11-04,15,3,Поставщик_0504,777279885669,2989694.66,Завершен,False
403340,Охранные услуги,Заказчик_0184,660677017673,Из одного источника по несостоявшимся закупкам,2024-01-04,2024-01-09,5,3,Поставщик_0710,341084543823,1820570.32,Завершен,False
403341,IT-услуги,Заказчик_0031,763063387334,Запрос ценовых предложений,2023-05-25,2023-06-09,15,6,Поставщик_0730,344726620896,5213776.15,Завершен,False
403342,Транспортные услуги,Заказчик_0010,757503098830,Электронный аукцион,2024-12-14,2024-12-19,5,1,Поставщик_0185,771865953750,1524859.23,Итоги подведены,True
403343,Транспортные услуги,Заказчик_0182,383719759048,Из одного источника по несостоявшимся закупкам,2023-07-19,2023-07-25,6,5,Поставщик_0037,041583061212,1023334.89,Завершен,False
403344,Продукты питания,Заказчик_0048,544728808246,Запрос ценовых предложений,2023-08-18,2023-09-04,17,5,Поставщик_0397,629397549404,533499.59,Завершен,False
403345,Стройматериалы,Заказчик_0117,419505214624,Электронный аукцион,2025-05-09,2025-05-15,6,1,Поставщик_0101,134564782885,3479050.7,Завершен,True
403346,Продукты питания,Заказчик_0194,940255554375,Открытый конкурс,2024-11-05,2024-11-09,4,3,Поставщик_0767,597578096977,524146.5,Опубликован,False
403347,Ремонт зданий,Заказчик_0117,419505214624,Запрос ценовых предложений,2023-02-10,2023-02-14,4,1,Поставщик_0101,134564782885,8562484.81,Завершен,True
403348,Охранные услуги,Заказчик_0139,584877345150,Электронный аукцион,2025-06-16,2025-06-23,7,5,Поставщик_0611,023356356115,2028709.42,Завершен,False
403349,Клининг,Заказчик_0080,658912085920,Электронный аукцион,2024-12-10,2024-12-24,14,6,Поставщик_0100,626236969563,608019.62,Завершен,False
403350,Медицинское оборудование,Заказчик_0028,284372013892,Запрос ценовых предложений,2023-10-18,2023-11-03,16,5,Поставщик_0373,689124570631,7627938.48,Завершен,False
403351,Канцелярские товары,Заказчик_0170,681775483909,Электронный аукцион,2023-12-31,2024-01-17,17,1,Поставщик_0599,267317822732,255041.84,Завершен,False
403352,Ремонт зданий,Заказчик_0173,212954133846,Открытый конкурс,2023-05-24,2023-06-03,10,5,Поставщик_0202,636456738411,6357087.07,Итоги подведены,False
403353,Охранные услуги,Заказчик_0061,915640336836,Электронный аукцион,2024-11-02,2024-11-03,1,7,Поставщик_0689,815804109316,1782549.84,Итоги подведены,False
403354,Клининг,Заказчик_0152,918199349998,Электронный аукцион,2024-08-30,2024-09-10,11,2,Поставщик_0500,113707972671,723006.47,Опубликован,False
403355,Медицинское оборудование,Заказчик_0034,638762102480,Электронный аукцион,2024-10-01,2024-10-23,22,1,Поставщик_0219,637601336976,8288245.03,Завершен,False
403356,Стройматериалы,Заказчик_0054,441094840601,Открытый конкурс,2023-11-10,2023-11-23,13,3,Поставщик_0353,693779520630,3133083.37,Итоги подведены,False
403357,Канцелярские товары,Заказчик_0156,370660134587,Открытый конкурс,2024-03-24,2024-04-03,10,4,Поставщик_0278,378704784734,329283.46,Завершен,False
403358,Мебель,Заказчик_0119,207376773058,Из одного источника,2024-01-01,2024-01-14,13,2,Поставщик_0317,340583741741,898456.36,Завершен,False
403359,IT-услуги,Заказчик_0157,319262117645,Открытый конкурс,2024-05-12,2024-05-27,15,1,Поставщик_0414,071562474270,5149132.36,Итоги подведены,False
403360,Канцелярские товары,Заказчик_0080,658912085920,Электронный аукцион,2023-09-21,2023-10-08,17,4,Поставщик_0790,687196829929,297744.59,Итоги подведены,False
403361,Ремонт зданий,Заказчик_0113,268518827291,Из одного источника по несостоявшимся закупкам,2023-02-11,2023-02-13,2,8,Поставщик_0064,880188249728,5291211.48,Отменен,False
403362,IT-услуги,Заказчик_0133,355191676858,Из одного источника,2023-11-19,2023-11-21,2,1,Поставщик_0422,801971335920,7108052.28,Итоги подведены,True
403363,Продукты питания,Заказчик_0170,681775483909,Открытый конкурс,2023-09-02,2023-09-12,10,2,Поставщик_0467,681232354610,528732.96,Завершен,False
403364,Канцелярские товары,Заказчик_0093,375889866098,Из одного источника по несостоявшимся закупкам,2024-08-25,2024-09-04,10,5,Поставщик_0447,811413512591,306847.78,Итоги подведены,False
403365,Клининг,Заказчик_0039,704542495687,Электронный аукцион,2023-05-28,2023-06-12,15,6,Поставщик_0025,157250824319,733248.57,Завершен,False
403366,Транспортные услуги,Заказчик_0046,178619734353,Из одного источника,2024-01-22,2024-02-07,16,5,Поставщик_0685,775363758901,1241940.07,Завершен,False
403367,Охранные услуги,Заказчик_0151,841936905579,Из одного источника,2025-03-24,2025-04-04,11,3,Поставщик_0724,642962887540,1930193.58,Итоги подведены,False
403368,Стройматериалы,Заказчик_0036,195028486959,Из одного источника по несостоявшимся закупкам,2023-08-04,2023-08-17,13,2,Поставщик_0781,916367478121,3279459.51,Завершен,False
403369,Ремонт зданий,Заказчик_0149,424259616526,Открытый конкурс,2023-05-03,2023-05-15,12,4,Поставщик_0129,442180051605,5379572.0,Завершен,False
403370,Канцелярские товары,Заказчик_0042,061403237378,Открытый конкурс,2023-02-01,2023-02-11,10,2,Поставщик_0641,238196641402,290850.59,Завершен,False
403371,Транспортные услуги,Заказчик_0040,303789475622,Из одного источника по несостоявшимся закупкам,2025-04-02,2025-04-13,11,1,Поставщик_0084,986105712292,1212878.16,Итоги подведены,False
403372,Мебель,Заказчик_0125,691670073356,Из одного источника по несостоявшимся закупкам,2024-03-17,2024-03-30,13,2,Поставщик_0559,063934408962,973957.79,Завершен,False
403373,Медицинское оборудование,Заказчик_0085,228319081121,Из одного источника по несостоявшимся закупкам,2024-02-14,2024-02-22,8,3,Поставщик_0313,187275276446,8421972.91,Завершен,False
403374,Транспортные услуги,Заказчик_0115,986712861740,Из одного источника,2023-06-08,2023-06-15,7,1,Поставщик_0644,384477013768,1126630.46,Завершен,False
403375,Ремонт зданий,Заказчик_0095,724337750016,Запрос ценовых предложений,2024-04-27,2024-05-10,13,5,Поставщик_0185,771865953750,5393951.85,Завершен,False
403376,Транспортные услуги,Заказчик_0071,069974068469,Открытый конкурс,2024-06-02,2024-06-06,4,1,Поставщик_0078,631351822753,1186615.44,Завершен,False
403377,Стройматериалы,Заказчик_0197,921159241640,Запрос ценовых предложений,2023-02-03,2023-02-06,3,3,Поставщик_0681,264209549520,3169682.04,Итоги подведены,False
403378,Транспортные услуги,Заказчик_0021,049902298831,Открытый конкурс,2024-01-26,2024-02-02,7,3,Поставщик_0460,409351429754,1301994.18,Завершен,False
403379,Продукты питания,Заказчик_0175,560089674827,Электронный аукцион,2024-05-01,2024-05-14,13,2,Поставщик_0059,487654415799,499643.76,Завершен,False
403380,Клининг,Заказчик_0025,958511387882,Запрос ценовых предложений,2023-12-15,2023-12-24,9,3,Поставщик_0221,526783920968,694372.91,Завершен,False
403381,Ремонт зданий,Заказчик_0131,463876194901,Электронный аукцион,2024-10-11,2024-10-22,11,3,Поставщик_0102,016171228627,5743217.04,Завершен,False
403382,IT-услуги,Заказчик_0127,352249294184,Из одного источника,2025-02-14,2025-02-24,10,3,Поставщик_0266,549008670401,4353630.69,Завершен,False
403383,Медицинское оборудование,Заказчик_0042,061403237378,Открытый конкурс,2023-11-01,2023-11-16,15,4,Поставщик_0076,602717470664,6956373.37,Завершен,False
403384,Клининг,Заказчик_0062,298543394596,Открытый конкурс,2025-03-27,2025-04-11,15,2,Поставщик_0331,992821835372,605476.89,Завершен,False
403385,Продукты питания,Заказчик_0024,420762754008,Открытый конкурс,2023-01-24,2023-02-05,12,1,Поставщик_0453,267596208325,546203.26,Завершен,False
403386,Канцелярские товары,Заказчик_0099,557410386890,Открытый конкурс,2025-01-29,2025-02-08,10,4,Поставщик_0001,131666954134,279150.56,Завершен,False
403387,Ремонт зданий,Заказчик_0074,356428134255,Электронный аукцион,2023-10-30,2023-11-18,19,7,Поставщик_0494,962316023940,6049428.78,Опубликован,False
403388,Мебель,Заказчик_0002,930086875935,Из одного источника,2025-05-21,2025-06-03,13,1,Поставщик_0677,115828932790,909164.51,Завершен,False
403389,Ремонт зданий,Заказчик_0027,073988827188,Из одного источника,2023-07-15,2023-07-25,10,1,Поставщик_0242,714617997408,5191112.13,Итоги подведены,False
403390,Ремонт зданий,Заказчик_0036,195028486959,Запрос ценовых предложений,2023-04-02,2023-04-10,8,3,Поставщик_0382,989586553277,6277734.48,Опубликован,False
403391,Ремонт зданий,Заказчик_0167,098964499673,Электронный аукцион,2025-05-11,2025-05-23,12,5,Поставщик_0067,077096602839,5987708.63,Завершен,False
403392,Медицинское оборудование,Заказчик_0024,420762754008,Электронный аукцион,2024-02-25,2024-02-28,3,3,Поставщик_0042,158690795519,6842304.01,Завершен,False
403393,Клининг,Заказчик_0132,113739882651,Электронный аукцион,2024-02-16,2024-02-17,1,1,Поставщик_0050,866108239013,638829.94,Завершен,False
403394,Стройматериалы,Заказчик_0128,840683305887,Электронный аукцион,2023-06-07,2023-06-23,16,3,Поставщик_0588,727453636489,3242985.14,Завершен,False
403395,Канцелярские товары,Заказчик_0171,919426295735,Открытый конкурс,2025-04-19,2025-05-10,21,6,Поставщик_0304,573708281211,268620.99,Завершен,False
403396,Ремонт зданий,Заказчик_0065,847528925395,Запрос ценовых предложений,2023-04-07,2023-04-28,21,3,Поставщик_0478,389500589336,5715960.34,Завершен,False
403397,Мебель,Заказчик_0156,370660134587,Открытый конкурс,2024-03-03,2024-03-14,11,9,Поставщик_0037,041583061212,1058150.01,Завершен,False
403398,Канцелярские товары,Заказчик_0155,850611322279,Запрос ценовых предложений,2023-06-22,2023-06-30,8,2,Поставщик_0396,428296257340,269952.29,Итоги подведены,False
403399,IT-услуги,Заказчик_0145,164798701236,Открытый конкурс,2024-01-13,2024-01-29,16,6,Поставщик_0578,609946517910,5468861.64,Итоги подведены,False
403400,Охранные услуги,Заказчик_0165,105707422805,Открытый конкурс,2024-09-22,2024-09-24,2,1,Поставщик_0645,945551379107,2803652.89,Завершен,True
403401,Стройматериалы,Заказчик_0180,050288400985,Из одного источника,2023-04-11,2023-04-21,10,4,Поставщик_0461,666972086666,2594662.41,Завершен,False
403402,Стройматериалы,Заказчик_0141,155013446536,Открытый конкурс,2025-03-17,2025-03-26,9,2,Поставщик_0382,989586553277,2788579.95,Завершен,False
403403,Стройматериалы,Заказчик_0048,544728808246,Электронный аукцион,2024-12-10,2024-12-31,21,5,Поставщик_0557,404694079971,3215254.51,Завершен,False
403404,Ремонт зданий,Заказчик_0118,609055953469,Из одного источника,2024-04-11,2024-05-02,21,2,Поставщик_0473,721155851736,5538593.26,Завершен,False
403405,Стройматериалы,Заказчик_0085,228319081121,Из одного источника,2023-03-21,2023-04-08,18,4,Поставщик_0068,643324683156,2696130.96,Завершен,False
403406,Ремонт зданий,Заказчик_0186,053323099951,Открытый конкурс,2024-06-25,2024-07-14,19,2,Поставщик_0349,202749903744,5905721.7,Отменен,False
403407,Ремонт зданий,Заказчик_0000,602276804025,Открытый конкурс,2025-05-28,2025-06-13,16,5,Поставщик_0115,743645137591,5902847.21,Завершен,False
403408,Продукты питания,Заказчик_0140,572961937397,Запрос ценовых предложений,2024-11-13,2024-11-17,4,4,Поставщик_0466,194810172946,425184.16,Завершен,False
403409,IT-услуги,Заказчик_0131,463876194901,Открытый конкурс,2025-01-25,2025-02-06,12,2,Поставщик_0617,904610610248,4981729.4,Завершен,False
403410,Транспортные услуги,Заказчик_0139,584877345150,Открытый конкурс,2023-11-01,2023-11-07,6,5,Поставщик_0515,994600436234,1303897.97,Итоги подведены,False
403411,Канцелярские товары,Заказчик_0174,628964171749,Из одного источника по несостоявшимся закупкам,2024-09-25,2024-10-01,6,1,Поставщик_0654,255547850454,257487.96,Опубликован,False
403412,Ремонт зданий,Заказчик_0092,787963526218,Электронный аукцион,2024-01-29,2024-02-12,14,1,Поставщик_0334,967253938188,5978099.85,Итоги подведены,False
403413,Охранные услуги,Заказчик_0079,987998370546,Электронный аукцион,2024-12-24,2024-12-26,2,4,Поставщик_0259,469059047610,1841409.5,Завершен,False
403414,Канцелярские товары,Заказчик_0197,921159241640,Запрос ценовых предложений,2025-03-21,2025-04-02,12,3,Поставщик_0353,693779520630,260573.79,Завершен,False
403415,Медицинское оборудование,Заказчик_0188,511393683388,Открытый конкурс,2023-07-23,2023-08-03,11,3,Поставщик_0048,291807684220,8435189.73,Итоги подведены,False
403416,Стройматериалы,Заказчик_0038,756202235126,Из одного источника,2024-09-18,2024-10-04,16,2,Поставщик_0250,609694983206,3146729.67,Завершен,False
403417,Мебель,Заказчик_0084,846650721507,Электронный аукцион,2025-04-14,2025-04-21,7,1,Поставщик_0650,226837630452,1044482.75,Завершен,False
403418,Охранные услуги,Заказчик_0144,516681609103,Запрос ценовых предложений,2024-09-27,2024-10-12,15,2,Поставщик_0225,750965040563,2031708.62,Завершен,False
403419,Мебель,Заказчик_0116,028575123047,Открытый конкурс,2025-01-28,2025-02-09,12,2,Поставщик_0504,777279885669,924147.91,Опубликован,False
403420,Охранные услуги,Заказчик_0179,703500144758,Открытый конкурс,2023-06-25,2023-07-10,15,1,Поставщик_0033,459232116860,1838486.68,Завершен,False
403421,Клининг,Заказчик_0115,986712861740,Из одного источника,2023-02-10,2023-02-22,12,1,Поставщик_0586,849411335268,756741.08,Завершен,False
403422,Медицинское оборудование,Заказчик_0064,196215509941,Из одного источника,2023-08-12,2023-08-20,8,5,Поставщик_0715,687701717887,7849798.59,Завершен,False
403423,Транспортные услуги,Заказчик_0023,152672624980,Из одного источника,2023-12-29,2024-01-10,12,3,Поставщик_0259,469059047610,1263977.32,Завершен,False
403424,Канцелярские товары,Заказчик_0194,940255554375,Запрос ценовых предложений,2023-11-01,2023-11-05,4,7,Поставщик_0568,479045024243,319819.34,Завершен,False
403425,Канцелярские товары,Заказчик_0061,915640336836,Электронный аукцион,2023-03-28,2023-04-08,11,1,Поставщик_0572,516919540856,262899.02,Завершен,False
403426,Клининг,Заказчик_0116,028575123047,Из одного источника по несостоявшимся закупкам,2025-04-28,2025-05-13,15,6,Поставщик_0413,378639743115,665760.02,Завершен,False
403427,Ремонт зданий,Заказчик_0015,769043821442,Открытый конкурс,2025-05-24,2025-06-03,10,2,Поставщик_0286,363568431712,5425962.6,Завершен,False
403428,Транспортные услуги,Заказчик_0167,098964499673,Из одного источника по несостоявшимся закупкам,2025-05-17,2025-05-27,10,3,Поставщик_0601,810431206859,1292014.82,Итоги подведены,False
403429,Охранные услуги,Заказчик_0173,212954133846,Запрос ценовых предложений,2023-11-05,2023-11-21,16,4,Поставщик_0238,882733335641,1718275.67,Итоги подведены,False
403430,Охранные услуги,Заказчик_0194,940255554375,Открытый конкурс,2024-05-05,2024-05-13,8,4,Поставщик_0233,338574752609,1811022.26,Завершен,False
403431,IT-услуги,Заказчик_0148,216398982273,Из одного источника по несостоявшимся закупкам,2023-06-29,2023-07-09,10,2,Поставщик_0766,950405774567,4849476.77,Итоги подведены,False
403432,Охранные услуги,Заказчик_0085,228319081121,Из одного источника,2025-06-14,2025-06-25,11,4,Поставщик_0511,245773785983,2166847.68,Итоги подведены,False
403433,IT-услуги,Заказчик_0087,751590785490,Открытый конкурс,2023-10-30,2023-11-04,5,5,Поставщик_0000,872601131654,5029094.44,Завершен,False
403434,IT-услуги,Заказчик_0136,789135342202,Из одного источника по несостоявшимся закупкам,2024-11-06,2024-11-07,1,2,Поставщик_0600,570574392301,5498667.03,Завершен,False
403435,Охранные услуги,Заказчик_0185,103321145403,Из одного источника по несостоявшимся закупкам,2023-09-01,2023-09-17,16,5,Поставщик_0119,431616934635,1969839.96,Завершен,False
403436,Транспортные услуги,Заказчик_0099,557410386890,Открытый конкурс,2023-11-10,2023-11-13,3,2,Поставщик_0349,202749903744,1151564.17,Итоги подведены,False
403437,Медицинское оборудование,Заказчик_0123,706853063646,Открытый конкурс,2024-01-06,2024-01-22,16,3,Поставщик_0608,196632700250,8506438.36,Итоги подведены,False
403438,Мебель,Заказчик_0092,787963526218,Из одного источника по несостоявшимся закупкам,2023-08-14,2023-08-19,5,4,Поставщик_0735,849125341936,1071443.91,Итоги подведены,False
403439,Охранные услуги,Заказчик_0105,101837512445,Из одного источника по несостоявшимся закупкам,2025-04-08,2025-04-19,11,4,Поставщик_0107,130966453732,1955473.98,Завершен,False
403440,Охранные услуги,Заказчик_0147,252922273397,Электронный аукцион,2023-09-07,2023-09-19,12,4,Поставщик_0314,442712461000,1998788.33,Итоги подведены,False
403441,Транспортные услуги,Заказчик_0074,356428134255,Запрос ценовых предложений,2023-08-10,2023-08-25,15,1,Поставщик_0359,522051611308,1162370.06,Завершен,False
403442,Охранные услуги,Заказчик_0038,756202235126,Электронный аукцион,2025-01-25,2025-02-10,16,5,Поставщик_0466,194810172946,1828011.75,Завершен,False
403443,Ремонт зданий,Заказчик_0174,628964171749,Запрос ценовых предложений,2023-09-07,2023-09-18,11,2,Поставщик_0303,571408943388,5897740.42,Завершен,False
403444,IT-услуги,Заказчик_0174,628964171749,Открытый конкурс,2025-04-25,2025-05-09,14,4,Поставщик_0208,572426977114,5174026.11,Завершен,False
403445,Мебель,Заказчик_0129,967512170538,Открытый конкурс,2023-03-19,2023-03-28,9,4,Поставщик_0701,088379595948,982005.11,Завершен,False
403446,Транспортные услуги,Заказчик_0189,913923992645,Электронный аукцион,2025-05-09,2025-05-15,6,5,Поставщик_0444,253076132062,1149827.1,Завершен,False
403447,Мебель,Заказчик_0186,053323099951,Запрос ценовых предложений,2024-07-24,2024-08-03,10,5,Поставщик_0665,128709957080,859984.27,Итоги подведены,False
403448,Ремонт зданий,Заказчик_0017,424039274499,Открытый конкурс,2024-09-14,2024-09-25,11,3,Поставщик_0135,014282841775,6383726.52,Итоги подведены,False
403449,Клининг,Заказчик_0121,095952713783,Открытый конкурс,2024-06-29,2024-07-11,12,8,Поставщик_0785,685426512793,651906.41,Итоги подведены,False
403450,Охранные услуги,Заказчик_0116,028575123047,Электронный аукцион,2023-07-13,2023-07-26,13,1,Поставщик_0383,675235830780,2140294.01,Завершен,False
403451,Канцелярские товары,Заказчик_0145,164798701236,Запрос ценовых предложений,2023-02-12,2023-02-19,7,3,Поставщик_0416,560588412973,319104.98,Завершен,False
403452,Канцелярские товары,Заказчик_0127,352249294184,Электронный аукцион,2024-11-07,2024-11-18,11,2,Поставщик_0188,522310503057,290931.66,Итоги подведены,False
403453,Охранные услуги,Заказчик_0017,424039274499,Запрос ценовых предложений,2024-09-20,2024-09-21,1,2,Поставщик_0087,387671609145,1707399.2,Опубликован,False
403454,Охранные услуги,Заказчик_0194,940255554375,Открытый конкурс,2025-06-05,2025-06-19,14,4,Поставщик_0366,684754308444,2103561.74,Завершен,False
403455,Клининг,Заказчик_0152,918199349998,Электронный аукцион,2024-07-31,2024-08-14,14,2,Поставщик_0191,410813781099,644414.09,Завершен,False
403456,Продукты питания,Заказчик_0104,865457848634,Электронный аукцион,2023-09-05,2023-09-16,11,5,Поставщик_0668,657739497386,537439.35,Итоги подведены,False
403457,IT-услуги,Заказчик_0051,545473722111,Открытый конкурс,2023-05-22,2023-06-05,14,4,Поставщик_0197,888052186039,4988596.41,Завершен,False
403458,Канцелярские товары,Заказчик_0013,352206298026,Из одного источника по несостоявшимся закупкам,2023-10-07,2023-10-11,4,1,Поставщик_0220,468537478273,313038.02,Завершен,False
403459,Канцелярские товары,Заказчик_0064,196215509941,Открытый конкурс,2024-11-22,2024-12-08,16,6,Поставщик_0023,195771172870,270328.57,Итоги подведены,False
403460,Продукты питания,Заказчик_0096,626442714264,Запрос ценовых предложений,2024-08-30,2024-09-09,10,6,Поставщик_0264,581472848963,545147.41,Итоги подведены,False
403461,Продукты питания,Заказчик_0102,747749566861,Запрос ценовых предложений,2024-10-21,2024-10-25,4,1,Поставщик_0746,277946131833,693971.56,Завершен,True
403462,Охранные услуги,Заказчик_0137,362813537454,Из одного источника по несостоявшимся закупкам,2025-04-10,2025-04-14,4,3,Поставщик_0330,436097117958,1779968.67,Итоги подведены,False
403463,Мебель,Заказчик_0078,598284873191,Открытый конкурс,2023-07-31,2023-08-18,18,4,Поставщик_0517,249119330058,996121.59,Завершен,False
403464,Охранные услуги,Заказчик_0183,379370294394,Из одного источника по несостоявшимся закупкам,2024-07-09,2024-07-12,3,1,Поставщик_0221,526783920968,2761246.6,Завершен,True
403465,IT-услуги,Заказчик_0064,196215509941,Электронный аукцион,2023-07-02,2023-07-11,9,1,Поставщик_0569,141994877032,5256438.49,Завершен,False
403466,Клининг,Заказчик_0122,138783944958,Из одного источника по несостоявшимся закупкам,2023-01-15,2023-01-25,10,5,Поставщик_0348,238397186701,642791.77,Завершен,False
403467,Стройматериалы,Заказчик_0148,216398982273,Запрос ценовых предложений,2024-09-16,2024-09-24,8,2,Поставщик_0783,655871465909,3205470.22,Итоги подведены,False
403468,Продукты питания,Заказчик_0065,847528925395,Открытый конкурс,2023-07-08,2023-07-19,11,3,Поставщик_0358,198520001406,463985.81,Отменен,False
403469,Медицинское оборудование,Заказчик_0135,486200442637,Из одного источника по несостоявшимся закупкам,2024-11-13,2024-11-22,9,6,Поставщик_0331,992821835372,8030388.28,Завершен,False
403470,Охранные услуги,Заказчик_0105,101837512445,Из одного источника по несостоявшимся закупкам,2023-07-23,2023-08-04,12,3,Поставщик_0309,913322191117,1887746.55,Отменен,False
403471,Транспортные услуги,Заказчик_0085,228319081121,Из одного источника по несостоявшимся закупкам,2024-01-22,2024-01-30,8,5,Поставщик_0491,158112158095,1267980.24,Завершен,False
403472,Ремонт зданий,Заказчик_0140,572961937397,Электронный аукцион,2023-12-27,2024-01-04,8,2,Поставщик_0457,145778703879,5889311.95,Завершен,False
403473,Продукты питания,Заказчик_0173,212954133846,Открытый конкурс,2025-02-22,2025-03-04,10,3,Поставщик_0234,545458190187,487039.21,Итоги подведены,False
403474,Медицинское оборудование,Заказчик_0043,200593676791,Открытый конкурс,2023-09-10,2023-09-18,8,2,Поставщик_0076,602717470664,8644238.03,Итоги подведены,False
403475,Продукты питания,Заказчик_0023,152672624980,Запрос ценовых предложений,2024-08-02,2024-08-19,17,5,Поставщик_0734,331897353844,495168.95,Итоги подведены,False
403476,Клининг,Заказчик_0102,747749566861,Из одного источника,2024-08-30,2024-09-23,24,3,Поставщик_0606,849526834930,670953.33,Итоги подведены,False
403477,Медицинское оборудование,Заказчик_0138,309592304864,Из одного источника по несостоявшимся закупкам,2025-04-05,2025-04-21,16,4,Поставщик_0579,051812327924,8000075.89,Завершен,False
403478,Охранные услуги,Заказчик_0040,303789475622,Из одного источника,2023-11-20,2023-12-01,11,1,Поставщик_0531,201609917372,1826589.47,Завершен,False
403479,Стройматериалы,Заказчик_0064,196215509941,Из одного источника по несостоявшимся закупкам,2023-01-05,2023-01-23,18,3,Поставщик_0317,340583741741,2942669.42,Завершен,False
403480,Ремонт зданий,Заказчик_0044,011652671671,Запрос ценовых предложений,2023-08-25,2023-09-01,7,2,Поставщик_0115,743645137591,5606679.49,Завершен,False
403481,Мебель,Заказчик_0100,825533331515,Электронный аукцион,2023-09-20,2023-09-22,2,1,Поставщик_0026,859743472035,1265890.72,Опубликован,True
403482,Канцелярские товары,Заказчик_0194,940255554375,Открытый конкурс,2023-07-25,2023-08-03,9,6,Поставщик_0570,282874294013,272181.95,Завершен,False
403483,Охранные услуги,Заказчик_0001,016525808631,Открытый конкурс,2025-02-03,2025-02-13,10,6,Поставщик_0080,751360825096,1869213.8,Итоги подведены,False
403484,Медицинское оборудование,Заказчик_0134,006567464629,Электронный аукцион,2025-04-12,2025-04-21,9,4,Поставщик_0346,339552598135,8541071.46,Завершен,False
403485,Медицинское оборудование,Заказчик_0005,965687203229,Открытый конкурс,2024-12-24,2025-01-07,14,4,Поставщик_0163,994042203453,7094796.44,Итоги подведены,False
403486,Продукты питания,Заказчик_0021,049902298831,Запрос ценовых предложений,2025-01-30,2025-02-16,17,3,Поставщик_0500,113707972671,510350.83,Завершен,False
403487,Транспортные услуги,Заказчик_0069,588454746149,Открытый конкурс,2023-09-10,2023-09-21,11,2,Поставщик_0282,723262034517,1176451.82,Завершен,False
403488,Мебель,Заказчик_0035,461642607714,Запрос ценовых предложений,2024-02-23,2024-02-24,1,5,Поставщик_0712,059899197139,855577.07,Опубликован,False
403489,IT-услуги,Заказчик_0103,043205340808,Электронный аукцион,2024-02-19,2024-02-29,10,2,Поставщик_0477,658821007971,4485476.41,Завершен,False
403490,Продукты питания,Заказчик_0199,342856565386,Открытый конкурс,2024-01-04,2024-01-09,5,1,Поставщик_0259,469059047610,634082.03,Завершен,True
403491,Мебель,Заказчик_0114,492430052930,Открытый конкурс,2023-10-11,2023-11-02,22,5,Поставщик_0174,289501223063,916527.36,Итоги подведены,False
403492,Канцелярские товары,Заказчик_0184,660677017673,Электронный аукцион,2023-04-28,2023-05-03,5,1,Поставщик_0492,354903957645,305042.68,Завершен,False
403493,Транспортные услуги,Заказчик_0074,356428134255,Запрос ценовых предложений,2025-05-26,2025-06-12,17,3,Поставщик_0193,471605601276,1134460.84,Завершен,False
403494,Мебель,Заказчик_0095,724337750016,Электронный аукцион,2023-08-19,2023-08-21,2,5,Поставщик_0505,685208594331,1037795.03,Завершен,False
403495,Канцелярские товары,Заказчик_0176,053666440505,Запрос ценовых предложений,2023-06-04,2023-06-16,12,4,Поставщик_0407,496909492643,274799.7,Завершен,False
403496,Продукты питания,Заказчик_0109,331294210817,Открытый конкурс,2023-12-11,2023-12-16,5,6,Поставщик_0090,570623638590,480833.3,Итоги подведены,False
403497,Транспортные услуги,Заказчик_0114,492430052930,Из одного источника,2023-01-07,2023-01-11,4,4,Поставщик_0157,012322624835,1153884.37,Завершен,False
403498,Ремонт зданий,Заказчик_0124,308392990638,Открытый конкурс,2023-08-28,2023-08-29,1,6,Поставщик_0759,474938970727,5842375.64,Завершен,False
403499,Транспортные услуги,Заказчик_0128,840683305887,Запрос ценовых предложений,2024-05-21,2024-05-31,10,6,Поставщик_0635,900785867507,1095917.32,Завершен,False
403500,Продукты питания,Заказчик_0024,420762754008,Электронный аукцион,2025-03-19,2025-03-28,9,3,Поставщик_0739,795163914900,509227.7,Завершен,False
403501,Ремонт зданий,Заказчик_0127,352249294184,Запрос ценовых предложений,2024-04-03,2024-04-12,9,1,Поставщик_0494,962316023940,6555288.99,Завершен,False
403502,Продукты питания,Заказчик_0158,456227804705,Открытый конкурс,2025-03-14,2025-03-26,12,4,Поставщик_0075,124594377461,489797.18,Завершен,False
403503,Продукты питания,Заказчик_0030,736535270957,Из одного источника по несостоявшимся закупкам,2023-11-04,2023-11-21,17,2,Поставщик_0158,941076970110,429600.98,Завершен,False
403504,Транспортные услуги,Заказчик_0032,421496963502,Открытый конкурс,2024-02-23,2024-03-12,18,2,Поставщик_0721,536139518740,1225456.59,Завершен,False
403505,Мебель,Заказчик_0115,986712861740,Из одного источника по несостоявшимся закупкам,2024-10-22,2024-11-03,12,5,Поставщик_0275,849582772358,970767.17,Завершен,False
403506,Канцелярские товары,Заказчик_0193,560763609637,Электронный аукцион,2024-08-21,2024-09-05,15,4,Поставщик_0348,238397186701,290454.28,Завершен,False
403507,Мебель,Заказчик_0026,217846198988,Электронный аукцион,2024-08-26,2024-09-05,10,5,Поставщик_0646,902533636786,1029371.73,Итоги подведены,False
403508,Транспортные услуги,Заказчик_0031,763063387334,Открытый конкурс,2023-03-06,2023-03-10,4,1,Поставщик_0216,992635931556,1256949.51,Итоги подведены,False
403509,Охранные услуги,Заказчик_0021,049902298831,Открытый конкурс,2023-03-11,2023-03-25,14,1,Поставщик_0168,888172747047,2180769.73,Отменен,False
403510,Охранные услуги,Заказчик_0085,228319081121,Из одного источника по несостоявшимся закупкам,2024-09-09,2024-09-15,6,1,Поставщик_0470,146781682683,1965260.69,Завершен,False
403511,Стройматериалы,Заказчик_0079,987998370546,Из одного источника,2025-03-24,2025-04-08,15,9,Поставщик_0306,206779291308,2900135.38,Завершен,False
403512,Охранные услуги,Заказчик_0060,098599620746,Запрос ценовых предложений,2025-05-04,2025-05-16,12,2,Поставщик_0162,584323088340,2115276.15,Завершен,False
403513,Транспортные услуги,Заказчик_0153,051929549841,Открытый конкурс,2023-10-27,2023-11-04,8,4,Поставщик_0558,339474201463,1131365.4,Завершен,False
403514,Стройматериалы,Заказчик_0045,891036937066,Электронный аукцион,2023-10-17,2023-10-27,10,8,Поставщик_0588,727453636489,2638008.95,Отменен,False
403515,Охранные услуги,Заказчик_0186,053323099951,Электронный аукцион,2024-10-08,2024-10-21,13,5,Поставщик_0777,708863411997,1738910.87,Итоги подведены,False
403516,Ремонт зданий,Заказчик_0181,093957730128,Из одного источника по несостоявшимся закупкам,2024-10-11,2024-10-20,9,2,Поставщик_0491,158112158095,5969085.27,Завершен,False
403517,IT-услуги,Заказчик_0076,276366676869,Открытый конкурс,2023-06-29,2023-07-16,17,4,Поставщик_0313,187275276446,4386729.69,Завершен,False
403518,Транспортные услуги,Заказчик_0077,634570271159,Запрос ценовых предложений,2024-01-03,2024-01-17,14,1,Поставщик_0473,721155851736,1069445.3,Завершен,False
403519,Медицинское оборудование,Заказчик_0154,114217757188,Из одного источника,2024-03-22,2024-03-24,2,1,Поставщик_0442,406737830193,10279320.96,Завершен,True
403520,Транспортные услуги,Заказчик_0103,043205340808,Из одного источника по несостоявшимся закупкам,2025-03-08,2025-03-21,13,3,Поставщик_0314,442712461000,1127573.18,Завершен,False
403521,Клининг,Заказчик_0173,212954133846,Запрос ценовых предложений,2024-06-08,2024-06-25,17,3,Поставщик_0160,261806834952,624831.41,Завершен,False
403522,Мебель,Заказчик_0012,425723964512,Из одного источника по несостоявшимся закупкам,2025-03-11,2025-03-26,15,5,Поставщик_0231,678404341761,873233.53,Завершен,False
403523,Клининг,Заказчик_0165,105707422805,Открытый конкурс,2023-06-05,2023-06-09,4,1,Поставщик_0645,945551379107,887904.11,Завершен,True
403524,Мебель,Заказчик_0107,769835139635,Из одного источника,2024-10-25,2024-10-29,4,1,Поставщик_0685,775363758901,1382781.35,Итоги подведены,True
403525,Мебель,Заказчик_0073,291422089614,Открытый конкурс,2023-02-16,2023-03-05,17,3,Поставщик_0067,077096602839,867116.48,Завершен,False
403526,Транспортные услуги,Заказчик_0123,706853063646,Открытый конкурс,2023-08-13,2023-08-28,15,1,Поставщик_0425,674249502283,1029294.36,Завершен,False
403527,Медицинское оборудование,Заказчик_0103,043205340808,Электронный аукцион,2023-02-10,2023-02-14,4,4,Поставщик_0797,468272254890,7993655.14,Отменен,False
403528,Медицинское оборудование,Заказчик_0032,421496963502,Электронный аукцион,2024-12-08,2024-12-22,14,6,Поставщик_0608,196632700250,7520922.06,Завершен,False
403529,Продукты питания,Заказчик_0056,936679226110,Электронный аукцион,2025-01-07,2025-01-22,15,1,Поставщик_0613,744440594763,475694.97,Завершен,False
403530,Мебель,Заказчик_0194,940255554375,Открытый конкурс,2024-10-17,2024-10-26,9,3,Поставщик_0274,413867661980,961276.22,Итоги подведены,False
403531,Продукты питания,Заказчик_0025,958511387882,Запрос ценовых предложений,2023-11-17,2023-11-28,11,2,Поставщик_0151,625246342738,539596.59,Завершен,False
403532,Стройматериалы,Заказчик_0181,093957730128,Открытый конкурс,2024-04-10,2024-04-20,10,1,Поставщик_0471,664419980308,2566547.47,Завершен,False
403533,Медицинское оборудование,Заказчик_0101,937882116761,Электронный аукцион,2023-07-15,2023-07-25,10,5,Поставщик_0067,077096602839,7178939.97,Завершен,False
403534,Транспортные услуги,Заказчик_0107,769835139635,Запрос ценовых предложений,2023-03-13,2023-03-23,10,3,Поставщик_0011,543600741840,1257453.92,Завершен,False
403535,Клининг,Заказчик_0068,707783689405,Открытый конкурс,2023-11-03,2023-11-08,5,1,Поставщик_0625,479872818740,743236.25,Итоги подведены,False
403536,Канцелярские товары,Заказчик_0084,846650721507,Запрос ценовых предложений,2023-03-24,2023-03-27,3,1,Поставщик_0754,155928225349,274662.15,Завершен,False
403537,IT-услуги,Заказчик_0041,403641416035,Открытый конкурс,2024-10-14,2024-10-26,12,3,Поставщик_0551,195769373384,5109116.3,Завершен,False
403538,Транспортные услуги,Заказчик_0157,319262117645,Электронный аукцион,2024-09-25,2024-09-29,4,1,Поставщик_0425,674249502283,1267232.5,Итоги подведены,False
403539,Охранные услуги,Заказчик_0122,138783944958,Из одного источника по несостоявшимся закупкам,2023-07-18,2023-07-27,9,2,Поставщик_0084,986105712292,2001306.93,Отменен,False
403540,Канцелярские товары,Заказчик_0152,918199349998,Открытый конкурс,2023-05-08,2023-05-16,8,5,Поставщик_0172,067712977841,270322.83,Завершен,False
403541,Медицинское оборудование,Заказчик_0189,913923992645,Электронный аукцион,2023-09-07,2023-09-22,15,4,Поставщик_0746,277946131833,7125126.83,Итоги подведены,False
403542,Ремонт зданий,Заказчик_0083,349806593311,Открытый конкурс,2023-04-03,2023-04-22,19,2,Поставщик_0736,946616957932,5765228.6,Завершен,False
403543,Мебель,Заказчик_0144,516681609103,Открытый конкурс,2023-04-03,2023-04-09,6,5,Поставщик_0038,806224502118,946348.06,Итоги подведены,False
403544,Продукты питания,Заказчик_0110,880371318781,Электронный аукцион,2024-04-27,2024-05-08,11,6,Поставщик_0464,487067317933,481286.7,Завершен,False
403545,IT-услуги,Заказчик_0077,634570271159,Открытый конкурс,2023-12-03,2023-12-08,5,5,Поставщик_0515,994600436234,5023139.21,Завершен,False
403546,Транспортные услуги,Заказчик_0081,893419340814,Открытый конкурс,2023-03-20,2023-04-05,16,1,Поставщик_0053,134266101208,1253956.47,Итоги подведены,False
403547,IT-услуги,Заказчик_0045,891036937066,Запрос ценовых предложений,2023-08-23,2023-08-27,4,2,Поставщик_0127,685395384465,5480770.03,Завершен,False
403548,Охранные услуги,Заказчик_0153,051929549841,Открытый конкурс,2024-02-24,2024-03-10,15,3,Поставщик_0722,214386232851,1873932.22,Итоги подведены,False
403549,Ремонт зданий,Заказчик_0113,268518827291,Из одного источника,2025-05-11,2025-05-29,18,1,Поставщик_0274,413867661980,6489297.82,Итоги подведены,False
403550,Канцелярские товары,Заказчик_0159,055513512505,Открытый конкурс,2024-05-08,2024-05-20,12,3,Поставщик_0236,351635939493,284611.02,Завершен,False
403551,Ремонт зданий,Заказчик_0150,560471705949,Открытый конкурс,2024-11-15,2024-11-26,11,5,Поставщик_0327,343802486264,6074110.97,Итоги подведены,False
403552,Мебель,Заказчик_0046,178619734353,Из одного источника по несостоявшимся закупкам,2023-11-07,2023-11-15,8,2,Поставщик_0705,917107113218,872542.37,Завершен,False
403553,Клининг,Заказчик_0120,174668074201,Запрос ценовых предложений,2024-11-28,2024-12-15,17,1,Поставщик_0227,652331722063,657593.93,Завершен,False
403554,Канцелярские товары,Заказчик_0063,541376725946,Из одного источника по несостоявшимся закупкам,2025-02-22,2025-03-07,13,3,Поставщик_0523,211268747532,282208.4,Опубликован,False
403555,Канцелярские товары,Заказчик_0063,541376725946,Открытый конкурс,2023-10-24,2023-10-29,5,2,Поставщик_0492,354903957645,309513.3,Завершен,False
403556,Транспортные услуги,Заказчик_0063,541376725946,Запрос ценовых предложений,2024-05-03,2024-05-21,18,2,Поставщик_0695,588998785476,1106666.31,Завершен,False
403557,Медицинское оборудование,Заказчик_0058,694569801375,Электронный аукцион,2023-08-05,2023-08-17,12,6,Поставщик_0103,081878752772,7082141.01,Итоги подведены,False
403558,Медицинское оборудование,Заказчик_0075,929625670649,Из одного источника по несостоявшимся закупкам,2024-02-15,2024-02-26,11,4,Поставщик_0259,469059047610,7566488.56,Опубликован,False
403559,Мебель,Заказчик_0137,362813537454,Электронный аукцион,2024-10-21,2024-11-04,14,4,Поставщик_0731,532932360613,1069458.75,Итоги подведены,False
403560,Медицинское оборудование,Заказчик_0014,219547810444,Открытый конкурс,2023-09-28,2023-10-10,12,1,Поставщик_0355,761448361685,7754782.86,Опубликован,False
403561,Стройматериалы,Заказчик_0102,747749566861,Открытый конкурс,2025-02-14,2025-02-17,3,1,Поставщик_0746,277946131833,3696619.22,Завершен,True
403562,Стройматериалы,Заказчик_0007,329500167403,Электронный аукцион,2024-02-22,2024-03-04,11,3,Поставщик_0091,618880429026,2820456.15,Завершен,False
403563,Транспортные услуги,Заказчик_0083,349806593311,Электронный аукцион,2023-12-17,2024-01-04,18,1,Поставщик_0510,381103791146,1244078.39,Опубликован,False
403564,Мебель,Заказчик_0068,707783689405,Запрос ценовых предложений,2024-11-21,2024-11-30,9,4,Поставщик_0715,687701717887,937382.21,Опубликован,False
403565,Медицинское оборудование,Заказчик_0038,756202235126,Из одного источника по несостоявшимся закупкам,2024-06-02,2024-06-11,9,3,Поставщик_0703,802335654107,8515912.75,Завершен,False
403566,Транспортные услуги,Заказчик_0100,825533331515,Электронный аукцион,2024-03-16,2024-03-20,4,1,Поставщик_0026,859743472035,1427608.38,Завершен,True
403567,Транспортные услуги,Заказчик_0095,724337750016,Из одного источника по несостоявшимся закупкам,2023-09-15,2023-10-03,18,4,Поставщик_0134,530528735776,1164564.04,Завершен,False
403568,Клининг,Заказчик_0009,498251982661,Из одного источника,2024-02-18,2024-03-02,13,3,Поставщик_0077,930130381662,675302.52,Завершен,False
403569,Канцелярские товары,Заказчик_0187,313404440226,Из одного источника,2023-03-07,2023-03-15,8,3,Поставщик_0353,693779520630,291178.98,Итоги подведены,False
403570,Транспортные услуги,Заказчик_0183,379370294394,Запрос ценовых предложений,2023-05-29,2023-06-06,8,4,Поставщик_0317,340583741741,1150596.04,Завершен,False
403571,IT-услуги,Заказчик_0195,530149191342,Из одного источника,2025-05-02,2025-05-11,9,4,Поставщик_0631,089058953061,5446467.94,Итоги подведены,False
403572,Охранные услуги,Заказчик_0028,284372013892,Электронный аукцион,2024-01-21,2024-02-02,12,1,Поставщик_0509,232418148134,1817782.55,Итоги подведены,False
403573,Транспортные услуги,Заказчик_0091,800785553136,Электронный аукцион,2024-11-25,2024-12-03,8,3,Поставщик_0124,688615419697,1227502.48,Итоги подведены,False
403574,Ремонт зданий,Заказчик_0110,880371318781,Из одного источника по несостоявшимся закупкам,2023-10-05,2023-10-18,13,1,Поставщик_0177,586572360924,6336095.58,Отменен,False
403575,Медицинское оборудование,Заказчик_0071,069974068469,Электронный аукцион,2023-12-17,2023-12-26,9,6,Поставщик_0017,205667686355,8641159.08,Итоги подведены,False
403576,Ремонт зданий,Заказчик_0030,736535270957,Запрос ценовых предложений,2023-03-04,2023-03-12,8,4,Поставщик_0137,267474352337,6028781.32,Итоги подведены,False
403577,Стройматериалы,Заказчик_0171,919426295735,Запрос ценовых предложений,2025-02-18,2025-03-06,16,6,Поставщик_0549,779704718153,2869925.2,Завершен,False
403578,Ремонт зданий,Заказчик_0060,098599620746,Электронный аукцион,2025-02-02,2025-02-20,18,1,Поставщик_0009,805293930777,5910060.81,Итоги подведены,False
403579,Продукты питания,Заказчик_0117,419505214624,Электронный аукцион,2023-07-09,2023-07-13,4,1,Поставщик_0101,134564782885,717589.58,Опубликован,True
403580,Медицинское оборудование,Заказчик_0014,219547810444,Электронный аукцион,2024-10-15,2024-11-04,20,5,Поставщик_0575,527776296651,8465642.43,Завершен,False
403581,Клининг,Заказчик_0091,800785553136,Запрос ценовых предложений,2025-02-04,2025-02-18,14,4,Поставщик_0430,744564571327,625456.69,Завершен,False
403582,Охранные услуги,Заказчик_0019,190156218256,Электронный аукцион,2023-02-17,2023-02-26,9,1,Поставщик_0702,608570421517,1877845.48,Завершен,False
403583,Ремонт зданий,Заказчик_0006,836394225258,Из одного источника,2023-05-22,2023-06-01,10,2,Поставщик_0517,249119330058,6239058.49,Опубликован,False
403584,Мебель,Заказчик_0009,498251982661,Открытый конкурс,2023-03-04,2023-03-05,1,1,Поставщик_0029,042388906871,1291207.29,Завершен,True
403585,Ремонт зданий,Заказчик_0187,313404440226,Открытый конкурс,2023-08-15,2023-08-28,13,3,Поставщик_0051,758056409181,5335768.2,Итоги подведены,False
403586,Мебель,Заказчик_0038,756202235126,Электронный аукцион,2023-02-13,2023-02-20,7,3,Поставщик_0525,285036307574,1029628.81,Завершен,False
403587,Клининг,Заказчик_0025,958511387882,Электронный аукцион,2024-04-28,2024-05-10,12,5,Поставщик_0212,625658016086,648823.71,Опубликован,False
403588,Ремонт зданий,Заказчик_0168,413748378959,Открытый конкурс,2025-06-13,2025-06-24,11,1,Поставщик_0248,462736711337,5977711.47,Завершен,False
403589,Стройматериалы,Заказчик_0104,865457848634,Из одного источника,2023-08-17,2023-08-29,12,3,Поставщик_0484,874116212770,3207196.36,Итоги подведены,False
403590,Транспортные услуги,Заказчик_0022,876960826911,Электронный аукцион,2025-02-05,2025-02-20,15,3,Поставщик_0701,088379595948,1267786.37,Завершен,False
403591,Ремонт зданий,Заказчик_0152,918199349998,Открытый конкурс,2025-04-05,2025-04-10,5,3,Поставщик_0358,198520001406,6213982.38,Завершен,False
403592,Мебель,Заказчик_0097,603503212307,Электронный аукцион,2023-11-02,2023-11-09,7,3,Поставщик_0409,940213604856,909512.36,Итоги подведены,False
403593,Клининг,Заказчик_0194,940255554375,Открытый конкурс,2023-01-12,2023-01-30,18,1,Поставщик_0490,845577179815,596955.04,Завершен,False
403594,Продукты питания,Заказчик_0003,868570220212,Электронный аукцион,2023-12-23,2023-12-31,8,4,Поставщик_0159,850370216832,544618.44,Итоги подведены,False
403595,Медицинское оборудование,Заказчик_0000,602276804025,Запрос ценовых предложений,2023-02-03,2023-02-21,18,6,Поставщик_0567,642698981664,7015744.27,Завершен,False
403596,IT-услуги,Заказчик_0114,492430052930,Открытый конкурс,2023-09-06,2023-09-10,4,4,Поставщик_0197,888052186039,4645301.19,Завершен,False
403597,Транспортные услуги,Заказчик_0107,769835139635,Открытый конкурс,2024-02-13,2024-02-18,5,1,Поставщик_0685,775363758901,1613451.7,Завершен,True
403598,Продукты питания,Заказчик_0136,789135342202,Открытый конкурс,2024-06-20,2024-07-03,13,1,Поставщик_0787,912415283490,543007.96,Завершен,False
403599,Охранные услуги,Заказчик_0133,355191676858,Из одного источника по несостоявшимся закупкам,2023-10-06,2023-10-07,1,1,Поставщик_0422,801971335920,2708007.77,Отменен,True
403600,Транспортные услуги,Заказчик_0026,217846198988,Запрос ценовых предложений,2024-09-03,2024-09-16,13,3,Поставщик_0354,093319808172,1026063.46,Отменен,False
403601,Мебель,Заказчик_0140,572961937397,Открытый конкурс,2024-01-17,2024-01-27,10,4,Поставщик_0472,346460499989,937164.32,Итоги подведены,False
403602,IT-услуги,Заказчик_0099,557410386890,Электронный аукцион,2024-03-11,2024-03-24,13,4,Поставщик_0577,090633981015,5020806.03,Опубликован,False
403603,Ремонт зданий,Заказчик_0097,603503212307,Электронный аукцион,2023-01-16,2023-01-26,10,5,Поставщик_0740,689804271765,5168447.67,Завершен,False
403604,Транспортные услуги,Заказчик_0017,424039274499,Из одного источника по несостоявшимся закупкам,2024-12-27,2025-01-07,11,2,Поставщик_0345,329999570263,1222711.0,Итоги подведены,False
403605,Стройматериалы,Заказчик_0021,049902298831,Электронный аукцион,2023-07-13,2023-07-21,8,2,Поставщик_0362,693663310109,2567329.64,Завершен,False
403606,Транспортные услуги,Заказчик_0171,919426295735,Запрос ценовых предложений,2024-08-17,2024-08-29,12,3,Поставщик_0374,844728350373,1228911.58,Итоги подведены,False
403607,Канцелярские товары,Заказчик_0077,634570271159,Открытый конкурс,2023-04-01,2023-04-07,6,1,Поставщик_0768,424876063568,294032.59,Опубликован,False
403608,Продукты питания,Заказчик_0160,845404873875,Запрос ценовых предложений,2025-05-07,2025-05-08,1,1,Поставщик_0467,681232354610,615899.34,Итоги подведены,True
403609,Продукты питания,Заказчик_0184,660677017673,Открытый конкурс,2023-10-24,2023-11-06,13,1,Поставщик_0357,426146524941,469932.46,Завершен,False
403610,Транспортные услуги,Заказчик_0109,331294210817,Электронный аукцион,2025-03-13,2025-03-20,7,4,Поставщик_0219,637601336976,1257242.94,Завершен,False
403611,Охранные услуги,Заказчик_0180,050288400985,Электронный аукцион,2024-01-15,2024-01-21,6,3,Поставщик_0247,478301914972,2151201.13,Опубликован,False
403612,Канцелярские товары,Заказчик_0025,958511387882,Электронный аукцион,2024-10-30,2024-11-10,11,4,Поставщик_0704,159772307286,320289.89,Завершен,False
403613,Стройматериалы,Заказчик_0151,841936905579,Из одного источника по несостоявшимся закупкам,2025-06-03,2025-06-12,9,2,Поставщик_0425,674249502283,3293566.57,Завершен,False
403614,IT-услуги,Заказчик_0140,572961937397,Электронный аукцион,2023-06-04,2023-06-16,12,1,Поставщик_0157,012322624835,4501672.25,Опубликован,False
403615,Стройматериалы,Заказчик_0036,195028486959,Открытый конкурс,2023-05-05,2023-05-19,14,4,Поставщик_0058,496829903332,2892175.38,Завершен,False
403616,Транспортные услуги,Заказчик_0074,356428134255,Электронный аукцион,2024-11-13,2024-11-18,5,4,Поставщик_0024,820750434532,1066874.2,Завершен,False
403617,Транспортные услуги,Заказчик_0075,929625670649,Запрос ценовых предложений,2023-07-05,2023-07-11,6,1,Поставщик_0032,877320275114,1091265.9,Завершен,False
403618,Продукты питания,Заказчик_0170,681775483909,Запрос ценовых предложений,2023-02-01,2023-02-18,17,3,Поставщик_0563,314181945048,473112.46,Итоги подведены,False
403619,Мебель,Заказчик_0126,693755362174,Электронный аукцион,2024-01-26,2024-02-02,7,7,Поставщик_0469,343898963033,868291.26,Завершен,False
403620,Клининг,Заказчик_0122,138783944958,Открытый конкурс,2024-08-15,2024-09-06,22,1,Поставщик_0386,247939641501,671128.81,Опубликован,False
403621,Канцелярские товары,Заказчик_0003,868570220212,Открытый конкурс,2023-01-01,2023-01-10,9,3,Поставщик_0790,687196829929,328487.69,Завершен,False
403622,Клининг,Заказчик_0056,936679226110,Из одного источника по несостоявшимся закупкам,2024-03-04,2024-03-15,11,5,Поставщик_0060,512534346021,727544.91,Опубликован,False
403623,Мебель,Заказчик_0020,455927236237,Открытый конкурс,2025-02-26,2025-03-09,11,1,Поставщик_0320,336265903303,850047.41,Завершен,False
403624,IT-услуги,Заказчик_0158,456227804705,Из одного источника,2024-06-10,2024-06-15,5,6,Поставщик_0018,720894145599,5101178.42,Завершен,False
403625,IT-услуги,Заказчик_0027,073988827188,Электронный аукцион,2024-10-18,2024-10-23,5,3,Поставщик_0581,235737948478,4777747.37,Завершен,False
403626,Ремонт зданий,Заказчик_0080,658912085920,Из одного источника,2023-09-27,2023-10-10,13,2,Поставщик_0423,615730788982,5576554.68,Итоги подведены,False
403627,Медицинское оборудование,Заказчик_0131,463876194901,Запрос ценовых предложений,2025-05-24,2025-06-04,11,2,Поставщик_0709,350768043619,8539954.93,Завершен,False
403628,Стройматериалы,Заказчик_0133,355191676858,Запрос ценовых предложений,2023-12-04,2023-12-09,5,1,Поставщик_0422,801971335920,3877277.92,Завершен,True
403629,Медицинское оборудование,Заказчик_0115,986712861740,Из одного источника по несостоявшимся закупкам,2023-01-03,2023-01-18,15,5,Поставщик_0647,153214449482,8471817.42,Завершен,False
403630,Продукты питания,Заказчик_0042,061403237378,Открытый конкурс,2024-01-16,2024-02-03,18,2,Поставщик_0038,806224502118,456552.43,Завершен,False
403631,IT-услуги,Заказчик_0009,498251982661,Электронный аукцион,2023-03-30,2023-04-15,16,1,Поставщик_0462,246269807693,4956803.28,Итоги подведены,False
403632,Стройматериалы,Заказчик_0047,881968747928,Электронный аукцион,2023-03-17,2023-03-26,9,3,Поставщик_0675,738345126963,2572946.77,Завершен,False
403633,Мебель,Заказчик_0188,511393683388,Открытый конкурс,2024-06-21,2024-07-07,16,3,Поставщик_0268,601496730215,1062483.73,Завершен,False
403634,Клининг,Заказчик_0161,030990904779,Открытый конкурс,2023-03-03,2023-03-10,7,4,Поставщик_0519,159617905379,667842.72,Итоги подведены,False
403635,Продукты питания,Заказчик_0086,600723107574,Открытый конкурс,2025-04-29,2025-05-17,18,8,Поставщик_0412,606523072560,534734.02,Завершен,False
403636,Клининг,Заказчик_0029,639591919214,Из одного источника по несостоявшимся закупкам,2023-02-05,2023-02-15,10,1,Поставщик_0222,535877304424,643449.04,Завершен,False
403637,Охранные услуги,Заказчик_0134,006567464629,Запрос ценовых предложений,2024-10-28,2024-11-16,19,2,Поставщик_0789,185832953116,1740024.2,Завершен,False
403638,Мебель,Заказчик_0008,959807652614,Запрос ценовых предложений,2025-01-27,2025-02-09,13,4,Поставщик_0390,598768757751,1042184.66,Итоги подведены,False
403639,Ремонт зданий,Заказчик_0021,049902298831,Электронный аукцион,2023-05-31,2023-06-17,17,3,Поставщик_0485,756919489091,6569620.44,Завершен,False
403640,Транспортные услуги,Заказчик_0141,155013446536,Из одного источника по несостоявшимся закупкам,2025-05-27,2025-06-08,12,4,Поставщик_0288,661203121503,1099066.35,Завершен,False
403641,Медицинское оборудование,Заказчик_0003,868570220212,Открытый конкурс,2023-01-21,2023-01-29,8,4,Поставщик_0265,951877531146,8229614.44,Завершен,False
403642,Медицинское оборудование,Заказчик_0064,196215509941,Электронный аукцион,2024-11-02,2024-11-16,14,5,Поставщик_0402,760086638831,7877369.34,Завершен,False
403643,Стройматериалы,Заказчик_0062,298543394596,Из одного источника по несостоявшимся закупкам,2024-03-02,2024-03-07,5,3,Поставщик_0240,906447641554,2617570.52,Завершен,False
403644,IT-услуги,Заказчик_0093,375889866098,Открытый конкурс,2023-02-21,2023-03-11,18,3,Поставщик_0075,124594377461,4489751.77,Итоги подведены,False
403645,Стройматериалы,Заказчик_0136,789135342202,Открытый конкурс,2025-05-23,2025-06-03,11,1,Поставщик_0156,783261183658,2955876.58,Завершен,False
403646,Ремонт зданий,Заказчик_0161,030990904779,Запрос ценовых предложений,2024-01-21,2024-02-10,20,4,Поставщик_0124,688615419697,5721691.65,Итоги подведены,False
403647,Стройматериалы,Заказчик_0154,114217757188,Из одного источника по несостоявшимся закупкам,2024-08-16,2024-08-19,3,1,Поставщик_0442,406737830193,3947758.21,Завершен,True
403648,Ремонт зданий,Заказчик_0021,049902298831,Открытый конкурс,2025-05-11,2025-05-25,14,5,Поставщик_0465,980065671371,5476228.28,Итоги подведены,False
403649,Стройматериалы,Заказчик_0128,840683305887,Запрос ценовых предложений,2024-09-26,2024-10-01,5,1,Поставщик_0762,316239117374,3137023.12,Завершен,False
403650,Стройматериалы,Заказчик_0148,216398982273,Из одного источника по несостоявшимся закупкам,2025-01-21,2025-01-30,9,6,Поставщик_0630,072126329927,2601721.57,Завершен,False
403651,Транспортные услуги,Заказчик_0096,626442714264,Из одного источника,2023-05-29,2023-06-12,14,5,Поставщик_0692,217573752886,1176417.39,Завершен,False
403652,IT-услуги,Заказчик_0185,103321145403,Электронный аукцион,2023-12-16,2023-12-24,8,1,Поставщик_0573,786259204650,4578718.97,Завершен,False
403653,Канцелярские товары,Заказчик_0074,356428134255,Открытый конкурс,2023-07-01,2023-07-11,10,3,Поставщик_0046,697251361799,285375.02,Завершен,False
403654,Стройматериалы,Заказчик_0071,069974068469,Открытый конкурс,2024-12-16,2025-01-03,18,1,Поставщик_0773,432380197171,2632335.13,Опубликован,False
403655,Стройматериалы,Заказчик_0028,284372013892,Из одного источника,2025-05-02,2025-05-11,9,3,Поставщик_0575,527776296651,3051316.42,Завершен,False
403656,IT-услуги,Заказчик_0002,930086875935,Из одного источника,2023-04-15,2023-05-02,17,4,Поставщик_0350,881081152855,4820778.64,Итоги подведены,False
403657,Канцелярские товары,Заказчик_0040,303789475622,Электронный аукцион,2023-03-16,2023-03-29,13,2,Поставщик_0118,178899452007,274933.4,Завершен,False
403658,Мебель,Заказчик_0171,919426295735,Открытый конкурс,2024-01-17,2024-01-27,10,3,Поставщик_0319,930083708303,1057098.26,Завершен,False
403659,Клининг,Заказчик_0092,787963526218,Электронный аукцион,2024-05-12,2024-05-13,1,3,Поставщик_0586,849411335268,627415.14,Итоги подведены,False
403660,Продукты питания,Заказчик_0098,137588080098,Электронный аукцион,2025-03-13,2025-03-26,13,1,Поставщик_0303,571408943388,443273.39,Завершен,False
403661,Клининг,Заказчик_0117,419505214624,Электронный аукцион,2023-02-24,2023-02-28,4,1,Поставщик_0101,134564782885,846249.49,Завершен,True
403662,IT-услуги,Заказчик_0090,423440463190,Из одного источника по несостоявшимся закупкам,2025-05-30,2025-06-17,18,1,Поставщик_0399,507533115246,4511323.64,Завершен,False
403663,Охранные услуги,Заказчик_0032,421496963502,Из одного источника,2024-09-27,2024-10-04,7,4,Поставщик_0156,783261183658,1733686.4,Завершен,False
403664,Охранные услуги,Заказчик_0153,051929549841,Открытый конкурс,2023-05-20,2023-05-30,10,1,Поставщик_0055,220760359558,1874122.32,Завершен,False
403665,IT-услуги,Заказчик_0006,836394225258,Открытый конкурс,2023-01-04,2023-01-17,13,3,Поставщик_0460,409351429754,5137536.39,Завершен,False
403666,Мебель,Заказчик_0160,845404873875,Запрос ценовых предложений,2023-11-17,2023-11-21,4,4,Поставщик_0537,774059209133,869964.92,Завершен,False
403667,Мебель,Заказчик_0058,694569801375,Открытый конкурс,2024-06-19,2024-06-30,11,2,Поставщик_0109,598906496696,941099.61,Итоги подведены,False
403668,Ремонт зданий,Заказчик_0191,742687446267,Из одного источника,2023-08-06,2023-08-17,11,5,Поставщик_0629,485436510430,5604168.54,Завершен,False
403669,Медицинское оборудование,Заказчик_0161,030990904779,Электронный аукцион,2023-01-27,2023-02-10,14,5,Поставщик_0307,993157250502,7137983.26,Опубликован,False
403670,Ремонт зданий,Заказчик_0004,633229661713,Открытый конкурс,2025-04-02,2025-04-15,13,1,Поставщик_0436,051841154098,5796170.56,Итоги подведены,False
403671,Охранные услуги,Заказчик_0089,395460786772,Открытый конкурс,2023-08-06,2023-08-14,8,2,Поставщик_0066,762315986624,2080954.95,Итоги подведены,False
403672,Клининг,Заказчик_0011,890407714528,Электронный аукцион,2024-09-04,2024-09-20,16,3,Поставщик_0406,252571696525,601424.48,Завершен,False
403673,Продукты питания,Заказчик_0020,455927236237,Открытый конкурс,2024-04-10,2024-04-24,14,1,Поставщик_0546,843681861106,486618.12,Завершен,False
403674,Транспортные услуги,Заказчик_0075,929625670649,Электронный аукцион,2023-12-19,2024-01-06,18,1,Поставщик_0096,934771498574,1140534.6,Завершен,False
403675,Канцелярские товары,Заказчик_0101,937882116761,Открытый конкурс,2024-01-26,2024-01-31,5,3,Поставщик_0295,502489097049,284701.99,Опубликован,False
403676,IT-услуги,Заказчик_0112,839942359881,Открытый конкурс,2024-07-23,2024-07-25,2,1,Поставщик_0336,874088944878,7225402.24,Завершен,True
403677,IT-услуги,Заказчик_0143,957760497757,Электронный аукцион,2024-07-17,2024-07-27,10,2,Поставщик_0650,226837630452,4979762.14,Завершен,False
403678,Клининг,Заказчик_0151,841936905579,Открытый конкурс,2024-09-06,2024-09-07,1,6,Поставщик_0258,877509845936,768808.86,Завершен,False
403679,Охранные услуги,Заказчик_0003,868570220212,Из одного источника по несостоявшимся закупкам,2024-11-17,2024-12-05,18,1,Поставщик_0252,001422100968,1917845.96,Завершен,False
403680,Стройматериалы,Заказчик_0006,836394225258,Из одного источника,2025-05-15,2025-06-02,18,3,Поставщик_0466,194810172946,2940086.71,Итоги подведены,False
403681,Продукты питания,Заказчик_0192,709445965738,Открытый конкурс,2024-02-12,2024-02-27,15,6,Поставщик_0497,633282039319,440147.1,Итоги подведены,False
403682,Канцелярские товары,Заказчик_0167,098964499673,Электронный аукцион,2024-07-29,2024-08-10,12,4,Поставщик_0587,992848906008,317682.3,Итоги подведены,False
403683,Мебель,Заказчик_0050,074766470263,Из одного источника по несостоявшимся закупкам,2023-06-28,2023-07-11,13,7,Поставщик_0037,041583061212,959595.67,Завершен,False
403684,Стройматериалы,Заказчик_0028,284372013892,Из одного источника,2024-04-11,2024-04-14,3,3,Поставщик_0075,124594377461,2822358.45,Завершен,False
403685,Мебель,Заказчик_0180,050288400985,Из одного источника по несостоявшимся закупкам,2024-03-22,2024-03-29,7,8,Поставщик_0053,134266101208,971513.28,Отменен,False
403686,IT-услуги,Заказчик_0157,319262117645,Открытый конкурс,2024-04-25,2024-05-03,8,4,Поставщик_0095,925701177161,4550425.06,Завершен,False
403687,IT-услуги,Заказчик_0022,876960826911,Из одного источника,2023-10-05,2023-10-17,12,1,Поставщик_0365,679875524456,5186361.83,Завершен,False
403688,Мебель,Заказчик_0108,933786876564,Электронный аукцион,2023-06-06,2023-06-19,13,1,Поставщик_0232,187367544659,878980.92,Завершен,False
403689,Клининг,Заказчик_0077,634570271159,Запрос ценовых предложений,2024-07-03,2024-07-13,10,4,Поставщик_0747,841518093322,703397.89,Завершен,False
403690,Транспортные услуги,Заказчик_0095,724337750016,Из одного источника,2024-09-28,2024-10-19,21,6,Поставщик_0234,545458190187,1210634.27,Завершен,False
403691,Стройматериалы,Заказчик_0122,138783944958,Из одного источника по несостоявшимся закупкам,2023-06-27,2023-07-08,11,5,Поставщик_0027,918990428350,3213173.26,Итоги подведены,False
403692,Канцелярские товары,Заказчик_0092,787963526218,Открытый конкурс,2023-09-01,2023-09-11,10,6,Поставщик_0001,131666954134,316008.06,Итоги подведены,False
403693,Продукты питания,Заказчик_0079,987998370546,Запрос ценовых предложений,2023-05-11,2023-05-24,13,7,Поставщик_0599,267317822732,469463.57,Завершен,False
403694,Ремонт зданий,Заказчик_0160,845404873875,Электронный аукцион,2024-03-29,2024-04-01,3,1,Поставщик_0467,681232354610,7697308.39,Итоги подведены,True
403695,Стройматериалы,Заказчик_0189,913923992645,Запрос ценовых предложений,2023-10-05,2023-10-19,14,2,Поставщик_0663,433118792556,2775924.22,Итоги подведены,False
403696,Канцелярские товары,Заказчик_0026,217846198988,Из одного источника,2024-07-06,2024-07-24,18,6,Поставщик_0221,526783920968,303559.0,Отменен,False
403697,IT-услуги,Заказчик_0195,530149191342,Электронный аукцион,2023-05-04,2023-05-25,21,3,Поставщик_0158,941076970110,5428740.8,Завершен,False
403698,Охранные услуги,Заказчик_0183,379370294394,Запрос ценовых предложений,2024-06-24,2024-07-09,15,3,Поставщик_0200,591387784449,1999963.78,Итоги подведены,False
403699,Клининг,Заказчик_0089,395460786772,Из одного источника по несостоявшимся закупкам,2024-04-03,2024-04-13,10,4,Поставщик_0385,494981171781,684111.95,Итоги подведены,False
403700,Канцелярские товары,Заказчик_0159,055513512505,Открытый конкурс,2023-06-04,2023-06-18,14,4,Поставщик_0490,845577179815,306315.93,Завершен,False
403701,Ремонт зданий,Заказчик_0141,155013446536,Электронный аукцион,2023-01-28,2023-02-09,12,3,Поставщик_0094,245646717238,5576271.04,Завершен,False
403702,Стройматериалы,Заказчик_0061,915640336836,Открытый конкурс,2023-10-26,2023-11-03,8,4,Поставщик_0205,587548095375,2604410.28,Итоги подведены,False
403703,Охранные услуги,Заказчик_0155,850611322279,Электронный аукцион,2023-08-22,2023-09-02,11,2,Поставщик_0034,830235629044,2062588.22,Завершен,False
403704,Транспортные услуги,Заказчик_0093,375889866098,Запрос ценовых предложений,2023-08-11,2023-09-01,21,4,Поставщик_0103,081878752772,1241183.34,Завершен,False
403705,Канцелярские товары,Заказчик_0081,893419340814,Электронный аукцион,2023-07-17,2023-07-24,7,3,Поставщик_0128,110621371287,303202.68,Завершен,False
403706,Стройматериалы,Заказчик_0099,557410386890,Открытый конкурс,2024-07-24,2024-08-04,11,5,Поставщик_0025,157250824319,2808728.93,Завершен,False
403707,Мебель,Заказчик_0142,197238572836,Запрос ценовых предложений,2023-07-20,2023-07-31,11,3,Поставщик_0379,687413037719,907758.17,Итоги подведены,False
403708,Ремонт зданий,Заказчик_0077,634570271159,Электронный аукцион,2024-10-30,2024-11-08,9,5,Поставщик_0606,849526834930,6470345.87,Завершен,False
403709,Мебель,Заказчик_0114,492430052930,Открытый конкурс,2024-09-04,2024-09-29,25,4,Поставщик_0303,571408943388,902963.86,Завершен,False
403710,Транспортные услуги,Заказчик_0092,787963526218,Электронный аукцион,2025-05-10,2025-05-17,7,1,Поставщик_0236,351635939493,1024828.83,Завершен,False
403711,Канцелярские товары,Заказчик_0064,196215509941,Запрос ценовых предложений,2024-08-27,2024-09-15,19,1,Поставщик_0486,096596402469,313994.48,Завершен,False
403712,Стройматериалы,Заказчик_0185,103321145403,Электронный аукцион,2025-05-05,2025-05-16,11,3,Поставщик_0404,637243297218,2721305.59,Завершен,False
403713,Мебель,Заказчик_0038,756202235126,Электронный аукцион,2024-09-07,2024-09-22,15,3,Поставщик_0129,442180051605,905300.85,Завершен,False
403714,Продукты питания,Заказчик_0084,846650721507,Открытый конкурс,2025-03-04,2025-03-12,8,1,Поставщик_0177,586572360924,535015.31,Завершен,False
403715,Продукты питания,Заказчик_0001,016525808631,Открытый конкурс,2025-03-10,2025-03-21,11,2,Поставщик_0082,626181711111,524875.65,Итоги подведены,False
403716,Стройматериалы,Заказчик_0170,681775483909,Из одного источника по несостоявшимся закупкам,2025-05-29,2025-06-20,22,6,Поставщик_0056,845848409759,2959877.71,Опубликован,False
403717,Транспортные услуги,Заказчик_0108,933786876564,Открытый конкурс,2025-03-01,2025-03-08,7,2,Поставщик_0072,965888101287,1310332.22,Итоги подведены,False
403718,Охранные услуги,Заказчик_0049,308127387209,Запрос ценовых предложений,2024-06-25,2024-07-06,11,2,Поставщик_0258,877509845936,2002727.04,Отменен,False
403719,Мебель,Заказчик_0160,845404873875,Электронный аукцион,2023-10-01,2023-10-06,5,1,Поставщик_0467,681232354610,1231727.16,Опубликован,True
403720,Канцелярские товары,Заказчик_0000,602276804025,Открытый конкурс,2024-11-11,2024-11-28,17,2,Поставщик_0757,117786199677,326481.21,Завершен,False
403721,Медицинское оборудование,Заказчик_0167,098964499673,Из одного источника по несостоявшимся закупкам,2023-02-25,2023-03-19,22,3,Поставщик_0543,776243762180,7919976.4,Итоги подведены,False
403722,Ремонт зданий,Заказчик_0146,531933776661,Запрос ценовых предложений,2024-01-09,2024-01-10,1,1,Поставщик_0703,802335654107,6082826.17,Отменен,False
403723,Клининг,Заказчик_0103,043205340808,Электронный аукцион,2023-07-13,2023-07-17,4,5,Поставщик_0201,892711762522,612924.89,Завершен,False
403724,Канцелярские товары,Заказчик_0018,571295570558,Открытый конкурс,2024-05-25,2024-06-04,10,3,Поставщик_0681,264209549520,280751.56,Завершен,False
403725,Стройматериалы,Заказчик_0126,693755362174,Запрос ценовых предложений,2024-08-08,2024-08-24,16,4,Поставщик_0477,658821007971,2668661.46,Итоги подведены,False
403726,Канцелярские товары,Заказчик_0160,845404873875,Из одного источника,2023-06-25,2023-07-13,18,1,Поставщик_0371,223308216567,256878.92,Отменен,False
403727,Ремонт зданий,Заказчик_0017,424039274499,Запрос ценовых предложений,2024-05-21,2024-06-01,11,3,Поставщик_0129,442180051605,5940382.98,Отменен,False
403728,Клининг,Заказчик_0140,572961937397,Открытый конкурс,2024-09-25,2024-10-03,8,2,Поставщик_0143,926195241029,661283.38,Опубликован,False
403729,Канцелярские товары,Заказчик_0192,709445965738,Открытый конкурс,2023-09-17,2023-10-02,15,1,Поставщик_0744,571223329164,302850.26,Отменен,False
403730,IT-услуги,Заказчик_0031,763063387334,Электронный аукцион,2024-10-02,2024-10-09,7,5,Поставщик_0064,880188249728,4358820.07,Завершен,False
403731,Канцелярские товары,Заказчик_0007,329500167403,Открытый конкурс,2024-10-09,2024-10-20,11,1,Поставщик_0423,615730788982,286007.78,Завершен,False
403732,Стройматериалы,Заказчик_0176,053666440505,Запрос ценовых предложений,2023-09-25,2023-10-11,16,5,Поставщик_0622,537306373772,3185447.72,Завершен,False
403733,Клининг,Заказчик_0048,544728808246,Электронный аукцион,2024-08-08,2024-08-18,10,1,Поставщик_0640,650976221927,673231.76,Завершен,False
403734,Стройматериалы,Заказчик_0105,101837512445,Из одного источника по несостоявшимся закупкам,2023-06-26,2023-07-11,15,5,Поставщик_0444,253076132062,2881477.16,Завершен,False
403735,Канцелярские товары,Заказчик_0037,867585874226,Открытый конкурс,2024-04-22,2024-05-11,19,3,Поставщик_0591,682114187894,257462.41,Завершен,False
403736,Мебель,Заказчик_0187,313404440226,Открытый конкурс,2024-01-05,2024-01-10,5,5,Поставщик_0183,933280862559,957606.72,Отменен,False
403737,Медицинское оборудование,Заказчик_0136,789135342202,Открытый конкурс,2025-01-28,2025-02-09,12,2,Поставщик_0650,226837630452,7647102.47,Итоги подведены,False
403738,Охранные услуги,Заказчик_0026,217846198988,Открытый конкурс,2024-04-03,2024-04-16,13,4,Поставщик_0616,670217426833,1853267.38,Завершен,False
403739,Мебель,Заказчик_0066,882749582259,Запрос ценовых предложений,2024-10-03,2024-10-19,16,1,Поставщик_0639,473927972652,952933.94,Завершен,False
403740,Медицинское оборудование,Заказчик_0047,881968747928,Электронный аукцион,2024-02-12,2024-02-19,7,3,Поставщик_0629,485436510430,7242986.82,Завершен,False
403741,IT-услуги,Заказчик_0066,882749582259,Электронный аукцион,2024-08-04,2024-08-18,14,4,Поставщик_0532,454131066181,5179228.1,Завершен,False
403742,Канцелярские товары,Заказчик_0191,742687446267,Запрос ценовых предложений,2023-05-02,2023-05-15,13,1,Поставщик_0785,685426512793,261763.83,Итоги подведены,False
403743,Клининг,Заказчик_0111,446242745384,Электронный аукцион,2023-03-13,2023-03-22,9,6,Поставщик_0118,178899452007,686424.45,Опубликован,False
403744,Канцелярские товары,Заказчик_0056,936679226110,Открытый конкурс,2023-12-29,2024-01-09,11,2,Поставщик_0263,649071103741,273895.16,Опубликован,False
403745,Клининг,Заказчик_0006,836394225258,Электронный аукцион,2025-04-08,2025-04-21,13,3,Поставщик_0511,245773785983,720321.18,Завершен,False
403746,Транспортные услуги,Заказчик_0081,893419340814,Запрос ценовых предложений,2023-02-20,2023-03-05,13,2,Поставщик_0608,196632700250,1306350.37,Завершен,False
403747,Продукты питания,Заказчик_0197,921159241640,Запрос ценовых предложений,2025-02-03,2025-02-06,3,3,Поставщик_0397,629397549404,497181.69,Завершен,False
403748,Медицинское оборудование,Заказчик_0199,342856565386,Электронный аукцион,2025-04-17,2025-04-21,4,1,Поставщик_0259,469059047610,11417084.82,Завершен,True
403749,Медицинское оборудование,Заказчик_0091,800785553136,Запрос ценовых предложений,2024-04-01,2024-04-09,8,4,Поставщик_0704,159772307286,8586476.58,Завершен,False
403750,IT-услуги,Заказчик_0099,557410386890,Из одного источника,2025-02-16,2025-02-22,6,5,Поставщик_0479,756235419844,5435550.7,Завершен,False
403751,Ремонт зданий,Заказчик_0045,891036937066,Из одного источника по несостоявшимся закупкам,2023-10-28,2023-11-15,18,5,Поставщик_0406,252571696525,5778308.2,Завершен,False
403752,Продукты питания,Заказчик_0055,539176725448,Открытый конкурс,2025-04-01,2025-04-12,11,4,Поставщик_0331,992821835372,472359.3,Завершен,False
403753,Стройматериалы,Заказчик_0137,362813537454,Из одного источника по несостоявшимся закупкам,2023-05-18,2023-05-30,12,2,Поставщик_0179,039907515261,3094263.5,Завершен,False
403754,Транспортные услуги,Заказчик_0168,413748378959,Запрос ценовых предложений,2024-01-10,2024-01-26,16,2,Поставщик_0581,235737948478,1164049.2,Отменен,False
403755,Охранные услуги,Заказчик_0197,921159241640,Открытый конкурс,2024-01-05,2024-01-18,13,3,Поставщик_0466,194810172946,1757897.47,Отменен,False
403756,Мебель,Заказчик_0050,074766470263,Запрос ценовых предложений,2024-08-10,2024-08-30,20,1,Поставщик_0367,936021322936,1096845.61,Отменен,False
403757,Мебель,Заказчик_0080,658912085920,Из одного источника по несостоявшимся закупкам,2023-04-06,2023-04-23,17,2,Поставщик_0069,836621096827,1037681.05,Завершен,False
403758,Медицинское оборудование,Заказчик_0065,847528925395,Запрос ценовых предложений,2024-10-25,2024-10-28,3,1,Поставщик_0275,849582772358,7074041.47,Завершен,False
403759,Стройматериалы,Заказчик_0016,294850989981,Электронный аукцион,2025-05-25,2025-06-11,17,1,Поставщик_0221,526783920968,2775718.6,Отменен,False
403760,Охранные услуги,Заказчик_0003,868570220212,Открытый конкурс,2023-09-20,2023-10-13,23,7,Поставщик_0540,599038882189,1845016.85,Завершен,False
403761,Транспортные услуги,Заказчик_0100,825533331515,Из одного источника,2025-01-23,2025-01-27,4,1,Поставщик_0026,859743472035,1670898.94,Завершен,True
403762,Стройматериалы,Заказчик_0041,403641416035,Электронный аукцион,2024-07-14,2024-07-23,9,4,Поставщик_0568,479045024243,2866088.39,Завершен,False
403763,Медицинское оборудование,Заказчик_0052,571247952112,Открытый конкурс,2025-05-02,2025-05-19,17,3,Поставщик_0014,068941037138,7077357.96,Завершен,False
403764,Транспортные услуги,Заказчик_0101,937882116761,Из одного источника,2023-11-10,2023-11-23,13,2,Поставщик_0032,877320275114,1042254.45,Итоги подведены,False
403765,Клининг,Заказчик_0179,703500144758,Открытый конкурс,2025-03-26,2025-04-01,6,1,Поставщик_0170,188216312170,688371.11,Завершен,False
403766,Клининг,Заказчик_0035,461642607714,Электронный аукцион,2025-01-05,2025-01-14,9,7,Поставщик_0228,414610415586,722226.99,Отменен,False
403767,Медицинское оборудование,Заказчик_0028,284372013892,Открытый конкурс,2024-03-14,2024-03-22,8,5,Поставщик_0483,735261831758,7720949.06,Завершен,False
403768,Клининг,Заказчик_0134,006567464629,Открытый конкурс,2023-03-08,2023-03-22,14,1,Поставщик_0175,108727653545,754813.57,Завершен,False
403769,Канцелярские товары,Заказчик_0183,379370294394,Электронный аукцион,2023-03-25,2023-03-29,4,1,Поставщик_0221,526783920968,407997.0,Итоги подведены,True
403770,Клининг,Заказчик_0089,395460786772,Открытый конкурс,2024-02-06,2024-02-21,15,5,Поставщик_0002,030189546484,736132.49,Завершен,False
403771,Продукты питания,Заказчик_0016,294850989981,Запрос ценовых предложений,2025-02-01,2025-02-20,19,3,Поставщик_0023,195771172870,469814.39,Завершен,False
403772,Медицинское оборудование,Заказчик_0139,584877345150,Электронный аукцион,2024-10-04,2024-10-07,3,3,Поставщик_0689,815804109316,6992048.59,Опубликован,False
403773,Медицинское оборудование,Заказчик_0125,691670073356,Запрос ценовых предложений,2025-01-29,2025-02-23,25,4,Поставщик_0440,153928262967,7639020.87,Итоги подведены,False
403774,Канцелярские товары,Заказчик_0161,030990904779,Электронный аукцион,2023-09-04,2023-09-11,7,6,Поставщик_0067,077096602839,317694.62,Завершен,False
403775,Транспортные услуги,Заказчик_0090,423440463190,Электронный аукцион,2024-08-31,2024-09-15,15,9,Поставщик_0700,814806005916,1057134.97,Итоги подведены,False
403776,Продукты питания,Заказчик_0093,375889866098,Из одного источника по несостоявшимся закупкам,2023-03-18,2023-04-03,16,5,Поставщик_0033,459232116860,535703.85,Завершен,False
403777,Мебель,Заказчик_0077,634570271159,Запрос ценовых предложений,2025-01-22,2025-02-07,16,4,Поставщик_0787,912415283490,975019.39,Завершен,False
403778,Медицинское оборудование,Заказчик_0032,421496963502,Электронный аукцион,2023-04-20,2023-05-04,14,4,Поставщик_0177,586572360924,7933551.11,Завершен,False
403779,Продукты питания,Заказчик_0003,868570220212,Открытый конкурс,2023-10-07,2023-10-20,13,2,Поставщик_0010,463052422835,538468.17,Отменен,False
403780,Медицинское оборудование,Заказчик_0033,456442497105,Открытый конкурс,2024-10-02,2024-10-09,7,4,Поставщик_0039,568797354953,7005050.11,Завершен,False
403781,Клининг,Заказчик_0059,216695400432,Открытый конкурс,2023-03-08,2023-03-10,2,2,Поставщик_0194,060328680862,700118.04,Завершен,False
403782,Медицинское оборудование,Заказчик_0163,155720026558,Открытый конкурс,2023-01-19,2023-02-01,13,1,Поставщик_0467,681232354610,8122033.27,Завершен,False
403783,Канцелярские товары,Заказчик_0147,252922273397,Открытый конкурс,2024-08-14,2024-08-19,5,2,Поставщик_0445,688678330077,326291.63,Итоги подведены,False
403784,Медицинское оборудование,Заказчик_0143,957760497757,Открытый конкурс,2025-05-12,2025-05-20,8,1,Поставщик_0620,463614404503,7415538.22,Завершен,False
403785,Ремонт зданий,Заказчик_0181,093957730128,Электронный аукцион,2023-07-29,2023-07-30,1,4,Поставщик_0126,093758825163,5871402.95,Завершен,False
403786,Ремонт зданий,Заказчик_0156,370660134587,Электронный аукцион,2024-09-04,2024-09-19,15,1,Поставщик_0571,885399291688,5580822.09,Завершен,False
403787,IT-услуги,Заказчик_0002,930086875935,Открытый конкурс,2023-02-22,2023-03-01,7,2,Поставщик_0001,131666954134,5246078.52,Завершен,False
403788,IT-услуги,Заказчик_0064,196215509941,Открытый конкурс,2024-12-14,2024-12-16,2,4,Поставщик_0019,918536797002,4952703.18,Завершен,False
403789,Ремонт зданий,Заказчик_0100,825533331515,Открытый конкурс,2024-08-18,2024-08-21,3,1,Поставщик_0026,859743472035,7114025.21,Опубликован,True
403790,Клининг,Заказчик_0073,291422089614,Открытый конкурс,2024-05-02,2024-05-13,11,2,Поставщик_0752,736110152455,624723.16,Завершен,False
403791,Продукты питания,Заказчик_0025,958511387882,Электронный аукцион,2024-12-09,2024-12-29,20,1,Поставщик_0671,235646132247,547605.56,Опубликован,False
403792,Ремонт зданий,Заказчик_0076,276366676869,Открытый конкурс,2024-02-05,2024-02-06,1,3,Поставщик_0422,801971335920,5446024.8,Итоги подведены,False
403793,Медицинское оборудование,Заказчик_0132,113739882651,Открытый конкурс,2024-06-29,2024-07-12,13,2,Поставщик_0132,452312854104,7946604.1,Завершен,False
403794,Стройматериалы,Заказчик_0091,800785553136,Открытый конкурс,2023-02-16,2023-02-24,8,1,Поставщик_0018,720894145599,3078686.8,Завершен,False
403795,Ремонт зданий,Заказчик_0157,319262117645,Запрос ценовых предложений,2024-07-04,2024-07-20,16,3,Поставщик_0722,214386232851,5666316.26,Завершен,False
403796,Канцелярские товары,Заказчик_0031,763063387334,Электронный аукцион,2024-06-12,2024-06-30,18,3,Поставщик_0166,051127721433,303183.49,Итоги подведены,False
403797,Транспортные услуги,Заказчик_0040,303789475622,Запрос ценовых предложений,2025-02-17,2025-02-21,4,7,Поставщик_0713,937841018302,1160702.08,Завершен,False
403798,Клининг,Заказчик_0012,425723964512,Электронный аукцион,2023-09-09,2023-09-25,16,4,Поставщик_0561,937134461636,716790.37,Завершен,False
403799,Охранные услуги,Заказчик_0165,105707422805,Электронный аукцион,2024-07-28,2024-07-29,1,1,Поставщик_0645,945551379107,2326308.92,Завершен,True
403800,IT-услуги,Заказчик_0189,913923992645,Открытый конкурс,2024-08-22,2024-08-27,5,3,Поставщик_0716,430475267338,5184737.73,Итоги подведены,False
403801,IT-услуги,Заказчик_0127,352249294184,Из одного источника,2023-02-10,2023-02-18,8,3,Поставщик_0178,808059437820,4334119.08,Итоги подведены,False
403802,Канцелярские товары,Заказчик_0152,918199349998,Электронный аукцион,2023-12-01,2023-12-15,14,6,Поставщик_0790,687196829929,313018.63,Завершен,False
403803,Стройматериалы,Заказчик_0084,846650721507,Из одного источника по несостоявшимся закупкам,2023-05-26,2023-06-05,10,4,Поставщик_0332,411942543934,2604642.34,Завершен,False
403804,Ремонт зданий,Заказчик_0046,178619734353,Электронный аукцион,2025-02-22,2025-03-06,12,2,Поставщик_0721,536139518740,6187586.38,Завершен,False
403805,Клининг,Заказчик_0045,891036937066,Электронный аукцион,2023-05-16,2023-06-05,20,4,Поставщик_0226,538312341120,642256.67,Опубликован,False
403806,Охранные услуги,Заказчик_0070,366888337780,Электронный аукцион,2025-06-06,2025-06-20,14,3,Поставщик_0019,918536797002,2128617.04,Отменен,False
403807,Продукты питания,Заказчик_0065,847528925395,Из одного источника,2024-04-14,2024-04-28,14,4,Поставщик_0367,936021322936,514023.09,Итоги подведены,False
403808,Клининг,Заказчик_0129,967512170538,Открытый конкурс,2023-05-26,2023-06-02,7,3,Поставщик_0777,708863411997,745657.01,Завершен,False
403809,Стройматериалы,Заказчик_0139,584877345150,Электронный аукцион,2023-08-07,2023-08-22,15,3,Поставщик_0316,642385904933,2975464.22,Итоги подведены,False
403810,Медицинское оборудование,Заказчик_0045,891036937066,Запрос ценовых предложений,2023-10-28,2023-11-09,12,1,Поставщик_0225,750965040563,7827135.02,Завершен,False
403811,Транспортные услуги,Заказчик_0177,290868910115,Из одного источника по несостоявшимся закупкам,2024-05-01,2024-05-10,9,3,Поставщик_0676,607807975653,1083319.04,Итоги подведены,False
403812,Мебель,Заказчик_0046,178619734353,Открытый конкурс,2025-06-15,2025-07-02,17,2,Поставщик_0754,155928225349,912426.37,Итоги подведены,False
403813,Мебель,Заказчик_0104,865457848634,Электронный аукцион,2023-02-04,2023-02-19,15,3,Поставщик_0455,161205892073,1070070.55,Завершен,False
403814,Мебель,Заказчик_0022,876960826911,Открытый конкурс,2025-05-03,2025-05-04,1,2,Поставщик_0192,880614025252,855752.25,Итоги подведены,False
403815,Мебель,Заказчик_0140,572961937397,Открытый конкурс,2023-10-01,2023-10-11,10,2,Поставщик_0725,319683909740,1093210.39,Завершен,False
403816,Транспортные услуги,Заказчик_0119,207376773058,Электронный аукцион,2024-05-15,2024-05-30,15,2,Поставщик_0146,082068094382,1033627.77,Завершен,False
403817,IT-услуги,Заказчик_0083,349806593311,Из одного источника по несостоявшимся закупкам,2023-02-23,2023-03-04,9,1,Поставщик_0699,964487800817,5430144.19,Завершен,False
403818,Ремонт зданий,Заказчик_0000,602276804025,Электронный аукцион,2023-05-22,2023-06-03,12,3,Поставщик_0365,679875524456,6033939.81,Отменен,False
403819,Мебель,Заказчик_0118,609055953469,Из одного источника,2023-09-14,2023-09-26,12,2,Поставщик_0039,568797354953,1039538.72,Итоги подведены,False
403820,Стройматериалы,Заказчик_0089,395460786772,Запрос ценовых предложений,2025-03-07,2025-03-17,10,6,Поставщик_0171,074530106996,2613994.69,Завершен,False
403821,Канцелярские товары,Заказчик_0051,545473722111,Электронный аукцион,2024-12-07,2024-12-15,8,3,Поставщик_0534,881111936199,323770.6,Завершен,False
403822,Ремонт зданий,Заказчик_0015,769043821442,Открытый конкурс,2023-07-16,2023-07-18,2,1,Поставщик_0526,630882919597,6459820.12,Завершен,False
403823,Охранные услуги,Заказчик_0110,880371318781,Запрос ценовых предложений,2023-07-09,2023-07-28,19,3,Поставщик_0072,965888101287,1941636.8,Завершен,False
403824,Клининг,Заказчик_0162,649389366563,Запрос ценовых предложений,2023-10-23,2023-11-01,9,4,Поставщик_0528,871273901181,757037.48,Завершен,False
403825,Канцелярские товары,Заказчик_0001,016525808631,Запрос ценовых предложений,2023-10-29,2023-11-06,8,2,Поставщик_0507,968046436330,324791.85,Завершен,False
403826,Стройматериалы,Заказчик_0189,913923992645,Открытый конкурс,2024-07-07,2024-07-19,12,2,Поставщик_0252,001422100968,3051296.18,Итоги подведены,False
403827,Мебель,Заказчик_0154,114217757188,Из одного источника по несостоявшимся закупкам,2023-05-09,2023-05-14,5,1,Поставщик_0442,406737830193,1399726.18,Итоги подведены,True
403828,Мебель,Заказчик_0032,421496963502,Электронный аукцион,2024-10-23,2024-11-12,20,3,Поставщик_0648,092630172816,1042920.54,Итоги подведены,False
403829,Транспортные услуги,Заказчик_0178,823345926868,Электронный аукцион,2023-08-11,2023-08-12,1,3,Поставщик_0049,210379843514,1270973.2,Итоги подведены,False
403830,Канцелярские товары,Заказчик_0054,441094840601,Электронный аукцион,2025-04-14,2025-04-25,11,6,Поставщик_0497,633282039319,303588.26,Итоги подведены,False
403831,Клининг,Заказчик_0173,212954133846,Электронный аукцион,2023-04-05,2023-04-18,13,5,Поставщик_0149,884992250745,636157.19,Завершен,False
403832,Клининг,Заказчик_0157,319262117645,Электронный аукцион,2024-03-20,2024-04-03,14,5,Поставщик_0524,751020189276,675578.86,Завершен,False
403833,Клининг,Заказчик_0197,921159241640,Из одного источника по несостоявшимся закупкам,2023-07-23,2023-08-06,14,6,Поставщик_0794,013164621740,717372.95,Завершен,False
403834,Мебель,Заказчик_0119,207376773058,Электронный аукцион,2024-09-03,2024-09-12,9,1,Поставщик_0248,462736711337,1035350.72,Опубликован,False
403835,Мебель,Заказчик_0002,930086875935,Запрос ценовых предложений,2023-07-23,2023-08-06,14,3,Поставщик_0481,847393827870,1083771.08,Завершен,False
403836,Мебель,Заказчик_0072,072315571086,Запрос ценовых предложений,2023-06-02,2023-06-12,10,1,Поставщик_0626,618076893639,865705.51,Итоги подведены,False
403837,IT-услуги,Заказчик_0070,366888337780,Электронный аукцион,2024-11-04,2024-11-15,11,2,Поставщик_0700,814806005916,4926590.06,Итоги подведены,False
403838,IT-услуги,Заказчик_0079,987998370546,Открытый конкурс,2024-04-30,2024-05-11,11,4,Поставщик_0044,798305978893,4954756.79,Завершен,False
403839,Мебель,Заказчик_0043,200593676791,Запрос ценовых предложений,2023-02-15,2023-02-26,11,1,Поставщик_0138,786746124356,872486.82,Завершен,False
403840,Транспортные услуги,Заказчик_0072,072315571086,Запрос ценовых предложений,2024-01-29,2024-02-17,19,3,Поставщик_0304,573708281211,1022645.48,Итоги подведены,False
403841,Транспортные услуги,Заказчик_0145,164798701236,Открытый конкурс,2023-02-16,2023-02-18,2,1,Поставщик_0400,936327429345,1052758.44,Опубликован,False
403842,IT-услуги,Заказчик_0063,541376725946,Электронный аукцион,2023-01-15,2023-01-30,15,1,Поставщик_0667,289713077352,5312893.15,Итоги подведены,False
403843,Канцелярские товары,Заказчик_0156,370660134587,Электронный аукцион,2024-02-16,2024-02-22,6,7,Поставщик_0641,238196641402,255305.03,Завершен,False
403844,Мебель,Заказчик_0189,913923992645,Открытый конкурс,2025-05-07,2025-05-14,7,1,Поставщик_0620,463614404503,1085918.6,Итоги подведены,False
403845,Мебель,Заказчик_0109,331294210817,Электронный аукцион,2023-03-16,2023-03-28,12,4,Поставщик_0321,485926593358,1000982.83,Завершен,False
403846,Канцелярские товары,Заказчик_0172,325409489345,Электронный аукцион,2023-09-19,2023-10-01,12,1,Поставщик_0426,385935104354,269124.49,Завершен,False
403847,Клининг,Заказчик_0018,571295570558,Электронный аукцион,2023-11-14,2023-12-01,17,4,Поставщик_0538,464738624455,752799.67,Завершен,False
403848,Канцелярские товары,Заказчик_0078,598284873191,Запрос ценовых предложений,2024-05-09,2024-05-31,22,4,Поставщик_0500,113707972671,323393.4,Итоги подведены,False
403849,Канцелярские товары,Заказчик_0014,219547810444,Из одного источника,2023-09-01,2023-09-13,12,3,Поставщик_0667,289713077352,294525.42,Завершен,False
403850,Охранные услуги,Заказчик_0119,207376773058,Из одного источника,2024-04-07,2024-04-12,5,4,Поставщик_0096,934771498574,1721955.16,Итоги подведены,False
403851,Канцелярские товары,Заказчик_0080,658912085920,Запрос ценовых предложений,2024-04-04,2024-04-16,12,2,Поставщик_0657,574512230495,267479.98,Завершен,False
403852,Охранные услуги,Заказчик_0130,560397578096,Электронный аукцион,2025-01-19,2025-01-30,11,6,Поставщик_0397,629397549404,1973704.69,Завершен,False
403853,Медицинское оборудование,Заказчик_0048,544728808246,Открытый конкурс,2023-12-23,2023-12-28,5,4,Поставщик_0728,624041259320,7106318.6,Завершен,False
403854,IT-услуги,Заказчик_0003,868570220212,Открытый конкурс,2024-12-01,2024-12-07,6,2,Поставщик_0193,471605601276,4399528.01,Завершен,False
403855,Мебель,Заказчик_0154,114217757188,Электронный аукцион,2023-06-11,2023-06-25,14,6,Поставщик_0341,714420391749,1060802.73,Завершен,False
403856,Продукты питания,Заказчик_0186,053323099951,Открытый конкурс,2025-03-11,2025-03-27,16,2,Поставщик_0089,402376755963,509879.85,Итоги подведены,False
403857,Медицинское оборудование,Заказчик_0174,628964171749,Из одного источника по несостоявшимся закупкам,2023-09-13,2023-09-29,16,2,Поставщик_0322,163573634487,8520202.66,Завершен,False
403858,Охранные услуги,Заказчик_0060,098599620746,Электронный аукцион,2025-01-12,2025-01-13,1,1,Поставщик_0687,475324296563,2026122.18,Итоги подведены,False
403859,Стройматериалы,Заказчик_0072,072315571086,Запрос ценовых предложений,2023-01-03,2023-01-14,11,2,Поставщик_0159,850370216832,2816340.26,Завершен,False
403860,Продукты питания,Заказчик_0048,544728808246,Открытый конкурс,2024-01-09,2024-01-14,5,3,Поставщик_0131,981867816273,425770.42,Завершен,False
403861,Охранные услуги,Заказчик_0124,308392990638,Открытый конкурс,2024-08-10,2024-09-04,25,2,Поставщик_0434,689235115480,1773458.55,Итоги подведены,False
403862,Транспортные услуги,Заказчик_0008,959807652614,Запрос ценовых предложений,2023-03-02,2023-03-15,13,1,Поставщик_0727,273474772669,1236873.57,Завершен,False
403863,Транспортные услуги,Заказчик_0088,446490060265,Запрос ценовых предложений,2025-06-13,2025-06-29,16,3,Поставщик_0042,158690795519,1099574.87,Итоги подведены,False
403864,Медицинское оборудование,Заказчик_0009,498251982661,Открытый конкурс,2023-12-22,2023-12-28,6,1,Поставщик_0029,042388906871,10486959.33,Завершен,True
403865,Канцелярские товары,Заказчик_0107,769835139635,Из одного источника,2023-05-05,2023-05-07,2,1,Поставщик_0685,775363758901,399706.28,Итоги подведены,True
403866,Транспортные услуги,Заказчик_0144,516681609103,Открытый конкурс,2024-08-17,2024-08-28,11,3,Поставщик_0481,847393827870,1199353.94,Итоги подведены,False
403867,Стройматериалы,Заказчик_0196,444633818661,Открытый конкурс,2023-04-15,2023-04-27,12,4,Поставщик_0564,149029451339,2750084.7,Завершен,False
403868,Мебель,Заказчик_0023,152672624980,Из одного источника,2024-01-29,2024-02-08,10,4,Поставщик_0151,625246342738,955421.29,Завершен,False
403869,Продукты питания,Заказчик_0107,769835139635,Электронный аукцион,2023-01-05,2023-01-09,4,1,Поставщик_0685,775363758901,699119.3,Завершен,True
403870,Медицинское оборудование,Заказчик_0043,200593676791,Из одного источника по несостоявшимся закупкам,2023-06-18,2023-07-04,16,1,Поставщик_0554,724286115084,7520978.58,Завершен,False
403871,Продукты питания,Заказчик_0093,375889866098,Электронный аукцион,2024-03-22,2024-03-27,5,5,Поставщик_0290,793742995159,492564.75,Завершен,False
403872,Транспортные услуги,Заказчик_0063,541376725946,Запрос ценовых предложений,2023-05-30,2023-06-13,14,3,Поставщик_0262,018646815901,1082450.33,Завершен,False
403873,Транспортные услуги,Заказчик_0087,751590785490,Запрос ценовых предложений,2023-08-01,2023-08-14,13,5,Поставщик_0052,121677222058,1169749.3,Завершен,False
403874,Ремонт зданий,Заказчик_0054,441094840601,Запрос ценовых предложений,2023-11-26,2023-12-07,11,3,Поставщик_0438,103859845728,6396320.41,Опубликован,False
403875,Охранные услуги,Заказчик_0124,308392990638,Из одного источника по несостоявшимся закупкам,2024-10-21,2024-11-01,11,7,Поставщик_0620,463614404503,2003856.64,Итоги подведены,False
403876,IT-услуги,Заказчик_0055,539176725448,Открытый конкурс,2023-12-24,2023-12-27,3,3,Поставщик_0140,396575986426,4413480.22,Завершен,False
403877,Канцелярские товары,Заказчик_0147,252922273397,Запрос ценовых предложений,2023-07-01,2023-07-06,5,2,Поставщик_0063,128778851351,273548.44,Завершен,False
403878,Ремонт зданий,Заказчик_0009,498251982661,Открытый конкурс,2023-08-13,2023-08-17,4,1,Поставщик_0029,042388906871,8365458.25,Итоги подведены,True
403879,Канцелярские товары,Заказчик_0102,747749566861,Запрос ценовых предложений,2023-02-07,2023-02-27,20,4,Поставщик_0145,450106962395,312648.29,Итоги подведены,False
403880,Ремонт зданий,Заказчик_0144,516681609103,Открытый конкурс,2025-04-01,2025-04-20,19,1,Поставщик_0702,608570421517,5718976.65,Завершен,False
403881,Продукты питания,Заказчик_0144,516681609103,Электронный аукцион,2023-11-11,2023-11-19,8,1,Поставщик_0345,329999570263,498768.65,Завершен,False
403882,Ремонт зданий,Заказчик_0026,217846198988,Электронный аукцион,2024-06-11,2024-06-25,14,3,Поставщик_0620,463614404503,5151150.33,Опубликован,False
403883,Охранные услуги,Заказчик_0006,836394225258,Из одного источника,2023-01-21,2023-02-01,11,5,Поставщик_0068,643324683156,1764338.17,Отменен,False
403884,Стройматериалы,Заказчик_0044,011652671671,Открытый конкурс,2023-10-21,2023-11-04,14,5,Поставщик_0212,625658016086,2654890.49,Завершен,False
403885,Канцелярские товары,Заказчик_0064,196215509941,Электронный аукцион,2023-06-05,2023-06-14,9,4,Поставщик_0033,459232116860,283859.18,Завершен,False
403886,Мебель,Заказчик_0121,095952713783,Из одного источника по несостоявшимся закупкам,2023-10-17,2023-11-07,21,3,Поставщик_0117,937934651281,929748.67,Завершен,False
403887,Стройматериалы,Заказчик_0141,155013446536,Запрос ценовых предложений,2025-04-05,2025-04-06,1,1,Поставщик_0702,608570421517,3002755.0,Завершен,False
403888,Канцелярские товары,Заказчик_0150,560471705949,Запрос ценовых предложений,2024-06-23,2024-07-14,21,2,Поставщик_0074,485908583208,277774.05,Итоги подведены,False
403889,Медицинское оборудование,Заказчик_0147,252922273397,Из одного источника,2023-07-30,2023-08-20,21,5,Поставщик_0664,021248299796,8616129.76,Завершен,False
403890,Стройматериалы,Заказчик_0000,602276804025,Из одного источника по несостоявшимся закупкам,2024-03-26,2024-04-01,6,4,Поставщик_0229,638765974189,2972093.68,Опубликован,False
403891,Стройматериалы,Заказчик_0040,303789475622,Открытый конкурс,2024-05-16,2024-06-01,16,3,Поставщик_0427,644483312630,2662768.55,Опубликован,False
403892,Продукты питания,Заказчик_0143,957760497757,Открытый конкурс,2024-08-21,2024-08-26,5,4,Поставщик_0148,196667504649,535218.53,Завершен,False
403893,Охранные услуги,Заказчик_0113,268518827291,Запрос ценовых предложений,2024-12-01,2024-12-09,8,2,Поставщик_0186,073848826607,1720998.68,Завершен,False
403894,Продукты питания,Заказчик_0080,658912085920,Открытый конкурс,2023-01-26,2023-02-11,16,1,Поставщик_0573,786259204650,508160.47,Завершен,False
403895,Клининг,Заказчик_0137,362813537454,Из одного источника по несостоявшимся закупкам,2023-10-30,2023-11-12,13,7,Поставщик_0170,188216312170,732022.98,Итоги подведены,False
403896,Медицинское оборудование,Заказчик_0015,769043821442,Электронный аукцион,2025-04-21,2025-05-08,17,7,Поставщик_0154,360846433592,6954619.53,Завершен,False
403897,Клининг,Заказчик_0177,290868910115,Запрос ценовых предложений,2023-05-20,2023-06-13,24,3,Поставщик_0026,859743472035,735358.11,Отменен,False
403898,Медицинское оборудование,Заказчик_0107,769835139635,Из одного источника,2023-06-10,2023-06-11,1,1,Поставщик_0685,775363758901,10034953.82,Итоги подведены,True
403899,IT-услуги,Заказчик_0106,132435760062,Запрос ценовых предложений,2025-05-07,2025-05-25,18,3,Поставщик_0374,844728350373,4389250.83,Завершен,False
403900,Транспортные услуги,Заказчик_0035,461642607714,Запрос ценовых предложений,2024-02-04,2024-02-17,13,2,Поставщик_0277,842507912604,1060902.22,Завершен,False
403901,Продукты питания,Заказчик_0145,164798701236,Электронный аукцион,2024-07-29,2024-08-13,15,7,Поставщик_0709,350768043619,503951.02,Итоги подведены,False
403902,Ремонт зданий,Заказчик_0067,415355431652,Электронный аукцион,2023-03-20,2023-04-02,13,2,Поставщик_0711,363987954794,6281206.16,Завершен,False
403903,Транспортные услуги,Заказчик_0045,891036937066,Электронный аукцион,2023-05-13,2023-05-22,9,2,Поставщик_0222,535877304424,1215986.68,Завершен,False
403904,Охранные услуги,Заказчик_0177,290868910115,Открытый конкурс,2023-04-16,2023-04-26,10,5,Поставщик_0506,925712227523,2128783.52,Завершен,False
403905,Клининг,Заказчик_0066,882749582259,Открытый конкурс,2024-07-20,2024-07-21,1,3,Поставщик_0003,007225147751,733851.8,Итоги подведены,False
403906,Мебель,Заказчик_0069,588454746149,Электронный аукцион,2025-06-18,2025-07-02,14,2,Поставщик_0490,845577179815,890001.55,Завершен,False
403907,Продукты питания,Заказчик_0111,446242745384,Открытый конкурс,2023-01-28,2023-02-16,19,3,Поставщик_0629,485436510430,522568.51,Завершен,False
403908,Мебель,Заказчик_0116,028575123047,Из одного источника,2024-01-10,2024-01-27,17,4,Поставщик_0156,783261183658,1029108.03,Завершен,False
403909,Медицинское оборудование,Заказчик_0102,747749566861,Электронный аукцион,2024-02-18,2024-02-26,8,2,Поставщик_0139,719001940200,8081473.95,Завершен,False
403910,Медицинское оборудование,Заказчик_0102,747749566861,Запрос ценовых предложений,2024-02-16,2024-02-22,6,1,Поставщик_0746,277946131833,10117880.1,Завершен,True
403911,Ремонт зданий,Заказчик_0065,847528925395,Открытый конкурс,2024-11-19,2024-12-10,21,1,Поставщик_0027,918990428350,5274879.62,Опубликован,False
403912,Канцелярские товары,Заказчик_0126,693755362174,Открытый конкурс,2023-04-12,2023-04-24,12,4,Поставщик_0528,871273901181,327804.81,Итоги подведены,False
403913,Продукты питания,Заказчик_0085,228319081121,Электронный аукцион,2023-03-17,2023-03-18,1,1,Поставщик_0734,331897353844,509411.59,Завершен,False
403914,Клининг,Заказчик_0002,930086875935,Из одного источника по несостоявшимся закупкам,2023-07-12,2023-07-20,8,5,Поставщик_0076,602717470664,679494.83,Завершен,False
403915,Ремонт зданий,Заказчик_0096,626442714264,Электронный аукцион,2024-07-15,2024-07-24,9,4,Поставщик_0483,735261831758,5692312.96,Отменен,False
403916,Мебель,Заказчик_0094,217330854160,Запрос ценовых предложений,2024-01-13,2024-01-25,12,8,Поставщик_0147,969417822261,1069055.74,Завершен,False
403917,Клининг,Заказчик_0048,544728808246,Из одного источника по несостоявшимся закупкам,2023-12-03,2023-12-14,11,6,Поставщик_0178,808059437820,724440.41,Итоги подведены,False
403918,IT-услуги,Заказчик_0034,638762102480,Запрос ценовых предложений,2024-06-06,2024-06-26,20,1,Поставщик_0369,627611614932,5050250.45,Завершен,False
403919,Транспортные услуги,Заказчик_0172,325409489345,Запрос ценовых предложений,2023-11-14,2023-11-23,9,1,Поставщик_0085,401028370708,1118921.41,Итоги подведены,False
403920,Продукты питания,Заказчик_0021,049902298831,Запрос ценовых предложений,2023-10-26,2023-11-11,16,4,Поставщик_0087,387671609145,463965.63,Отменен,False
403921,Клининг,Заказчик_0174,628964171749,Открытый конкурс,2023-07-30,2023-08-05,6,1,Поставщик_0020,007565470562,630937.36,Завершен,False
403922,Продукты питания,Заказчик_0179,703500144758,Открытый конкурс,2023-07-01,2023-07-18,17,4,Поставщик_0001,131666954134,492350.64,Завершен,False
403923,Ремонт зданий,Заказчик_0124,308392990638,Из одного источника по несостоявшимся закупкам,2023-11-19,2023-12-01,12,1,Поставщик_0105,897675679216,5427118.13,Завершен,False
403924,Продукты питания,Заказчик_0122,138783944958,Электронный аукцион,2024-10-31,2024-11-14,14,4,Поставщик_0105,897675679216,516351.84,Итоги подведены,False
403925,Продукты питания,Заказчик_0120,174668074201,Из одного источника по несостоявшимся закупкам,2024-09-03,2024-09-10,7,1,Поставщик_0059,487654415799,461841.27,Завершен,False
403926,Канцелярские товары,Заказчик_0108,933786876564,Из одного источника,2025-05-17,2025-06-04,18,4,Поставщик_0592,415569372220,274394.48,Завершен,False
403927,Охранные услуги,Заказчик_0152,918199349998,Электронный аукцион,2024-08-26,2024-09-05,10,2,Поставщик_0716,430475267338,1752802.96,Завершен,False
403928,IT-услуги,Заказчик_0105,101837512445,Открытый конкурс,2023-04-27,2023-05-07,10,1,Поставщик_0054,334605183424,4297072.97,Завершен,False
403929,Стройматериалы,Заказчик_0023,152672624980,Открытый конкурс,2023-12-24,2024-01-10,17,2,Поставщик_0584,713034785365,2778358.07,Итоги подведены,False
403930,Продукты питания,Заказчик_0173,212954133846,Электронный аукцион,2023-11-12,2023-11-26,14,3,Поставщик_0108,105450223327,429777.41,Завершен,False
403931,Транспортные услуги,Заказчик_0007,329500167403,Запрос ценовых предложений,2024-10-31,2024-11-10,10,8,Поставщик_0012,926161926239,1184439.41,Завершен,False
403932,Медицинское оборудование,Заказчик_0089,395460786772,Запрос ценовых предложений,2023-11-27,2023-12-12,15,4,Поставщик_0578,609946517910,7189428.01,Завершен,False
403933,Канцелярские товары,Заказчик_0180,050288400985,Запрос ценовых предложений,2024-12-07,2024-12-19,12,3,Поставщик_0179,039907515261,260331.2,Опубликован,False
403934,Продукты питания,Заказчик_0172,325409489345,Открытый конкурс,2024-03-15,2024-03-25,10,1,Поставщик_0481,847393827870,435132.12,Завершен,False
403935,Мебель,Заказчик_0154,114217757188,Электронный аукцион,2024-04-20,2024-04-24,4,1,Поставщик_0442,406737830193,1323019.25,Завершен,True
403936,Транспортные услуги,Заказчик_0163,155720026558,Открытый конкурс,2024-11-27,2024-12-06,9,1,Поставщик_0613,744440594763,1034928.98,Завершен,False
403937,Мебель,Заказчик_0191,742687446267,Из одного источника,2023-07-06,2023-07-08,2,3,Поставщик_0766,950405774567,969696.6,Завершен,False
403938,Медицинское оборудование,Заказчик_0088,446490060265,Открытый конкурс,2025-01-07,2025-01-11,4,1,Поставщик_0024,820750434532,11099023.22,Завершен,True
403939,IT-услуги,Заказчик_0171,919426295735,Запрос ценовых предложений,2023-08-08,2023-08-18,10,1,Поставщик_0057,866171998149,5105251.9,Завершен,False
403940,Ремонт зданий,Заказчик_0072,072315571086,Открытый конкурс,2023-08-06,2023-08-26,20,2,Поставщик_0797,468272254890,5450744.98,Итоги подведены,False
403941,Охранные услуги,Заказчик_0074,356428134255,Открытый конкурс,2024-11-24,2024-12-08,14,1,Поставщик_0696,543034672599,1980831.41,Итоги подведены,False
403942,Стройматериалы,Заказчик_0048,544728808246,Открытый конкурс,2023-10-10,2023-10-14,4,1,Поставщик_0799,593657951736,2832268.8,Отменен,False
403943,Канцелярские товары,Заказчик_0113,268518827291,Из одного источника по несостоявшимся закупкам,2024-09-27,2024-10-05,8,3,Поставщик_0769,405080242263,255697.78,Завершен,False
403944,Мебель,Заказчик_0197,921159241640,Из одного источника по несостоявшимся закупкам,2025-02-28,2025-03-12,12,3,Поставщик_0622,537306373772,1062956.5,Завершен,False
403945,Клининг,Заказчик_0029,639591919214,Запрос ценовых предложений,2023-08-26,2023-09-12,17,6,Поставщик_0385,494981171781,679556.72,Итоги подведены,False
403946,Продукты питания,Заказчик_0135,486200442637,Электронный аукцион,2024-11-07,2024-11-20,13,1,Поставщик_0508,813140511416,534501.85,Итоги подведены,False
403947,Охранные услуги,Заказчик_0077,634570271159,Запрос ценовых предложений,2024-05-09,2024-05-20,11,3,Поставщик_0047,399069925917,1949859.08,Итоги подведены,False
403948,Клининг,Заказчик_0076,276366676869,Запрос ценовых предложений,2025-03-10,2025-03-23,13,5,Поставщик_0400,936327429345,729917.11,Завершен,False
403949,Стройматериалы,Заказчик_0070,366888337780,Открытый конкурс,2023-04-12,2023-04-19,7,6,Поставщик_0626,618076893639,2899546.12,Опубликован,False
403950,Продукты питания,Заказчик_0054,441094840601,Из одного источника,2023-12-10,2023-12-12,2,6,Поставщик_0345,329999570263,510479.81,Завершен,False
403951,Медицинское оборудование,Заказчик_0072,072315571086,Запрос ценовых предложений,2024-08-07,2024-08-15,8,2,Поставщик_0690,530413526928,7632738.51,Завершен,False
403952,IT-услуги,Заказчик_0067,415355431652,Электронный аукцион,2023-05-29,2023-06-13,15,3,Поставщик_0578,609946517910,5265152.91,Завершен,False
403953,Клининг,Заказчик_0111,446242745384,Открытый конкурс,2023-01-25,2023-02-03,9,3,Поставщик_0264,581472848963,688417.47,Завершен,False
403954,Канцелярские товары,Заказчик_0081,893419340814,Открытый конкурс,2024-04-20,2024-04-29,9,2,Поставщик_0451,536259268377,299698.2,Итоги подведены,False
403955,Стройматериалы,Заказчик_0024,420762754008,Из одного источника,2024-06-29,2024-07-05,6,5,Поставщик_0092,424848414614,2744659.45,Завершен,False
403956,Продукты питания,Заказчик_0179,703500144758,Электронный аукцион,2024-01-06,2024-01-17,11,1,Поставщик_0709,350768043619,478429.5,Итоги подведены,False
403957,Клининг,Заказчик_0064,196215509941,Электронный аукцион,2024-11-27,2024-12-05,8,6,Поставщик_0434,689235115480,717397.01,Итоги подведены,False
403958,Мебель,Заказчик_0141,155013446536,Запрос ценовых предложений,2023-02-19,2023-03-03,12,3,Поставщик_0744,571223329164,1090593.63,Завершен,False
403959,Канцелярские товары,Заказчик_0042,061403237378,Открытый конкурс,2025-01-30,2025-02-03,4,5,Поставщик_0365,679875524456,257458.32,Итоги подведены,False
403960,Ремонт зданий,Заказчик_0030,736535270957,Электронный аукцион,2024-07-29,2024-08-04,6,4,Поставщик_0214,459023304521,6569929.54,Опубликован,False
403961,Охранные услуги,Заказчик_0185,103321145403,Запрос ценовых предложений,2024-01-23,2024-01-26,3,3,Поставщик_0666,295758217844,1811051.38,Завершен,False
403962,Клининг,Заказчик_0002,930086875935,Из одного источника по несостоявшимся закупкам,2023-10-23,2023-11-08,16,3,Поставщик_0040,132870957991,726893.8,Итоги подведены,False
403963,Медицинское оборудование,Заказчик_0168,413748378959,Из одного источника по несостоявшимся закупкам,2024-10-22,2024-10-29,7,1,Поставщик_0271,917418753163,6863272.19,Завершен,False
403964,Мебель,Заказчик_0126,693755362174,Запрос ценовых предложений,2024-11-26,2024-12-01,5,3,Поставщик_0137,267474352337,1011382.06,Опубликован,False
403965,Транспортные услуги,Заказчик_0075,929625670649,Электронный аукцион,2025-01-29,2025-02-12,14,2,Поставщик_0167,794738907041,1247468.69,Итоги подведены,False
403966,Клининг,Заказчик_0123,706853063646,Из одного источника,2024-01-25,2024-02-04,10,3,Поставщик_0561,937134461636,640494.88,Итоги подведены,False
403967,Мебель,Заказчик_0036,195028486959,Из одного источника,2025-01-15,2025-01-24,9,5,Поставщик_0776,349263125116,911645.86,Итоги подведены,False
403968,Охранные услуги,Заказчик_0174,628964171749,Открытый конкурс,2023-08-23,2023-09-10,18,2,Поставщик_0746,277946131833,1759151.56,Завершен,False
403969,Охранные услуги,Заказчик_0078,598284873191,Электронный аукцион,2024-05-04,2024-05-08,4,2,Поставщик_0301,886366058053,2092862.5,Завершен,False
403970,Канцелярские товары,Заказчик_0116,028575123047,Из одного источника,2023-02-28,2023-03-05,5,2,Поставщик_0493,659352082128,272993.11,Итоги подведены,False
403971,IT-услуги,Заказчик_0174,628964171749,Электронный аукцион,2025-04-12,2025-04-27,15,3,Поставщик_0184,103135280397,5423266.21,Опубликован,False
403972,Ремонт зданий,Заказчик_0020,455927236237,Электронный аукцион,2025-03-04,2025-03-15,11,1,Поставщик_0511,245773785983,5690443.23,Завершен,False
403973,Продукты питания,Заказчик_0069,588454746149,Электронный аукцион,2025-06-02,2025-06-09,7,5,Поставщик_0147,969417822261,510620.1,Завершен,False
403974,Медицинское оборудование,Заказчик_0108,933786876564,Электронный аукцион,2025-05-09,2025-05-21,12,2,Поставщик_0438,103859845728,8434552.37,Завершен,False
403975,Клининг,Заказчик_0132,113739882651,Запрос ценовых предложений,2023-07-14,2023-07-29,15,3,Поставщик_0465,980065671371,610262.87,Завершен,False
403976,Клининг,Заказчик_0134,006567464629,Электронный аукцион,2025-02-20,2025-02-28,8,1,Поставщик_0481,847393827870,727541.13,Завершен,False
403977,IT-услуги,Заказчик_0084,846650721507,Электронный аукцион,2024-07-18,2024-07-28,10,3,Поставщик_0462,246269807693,5386751.93,Итоги подведены,False
403978,Стройматериалы,Заказчик_0060,098599620746,Открытый конкурс,2024-03-28,2024-04-07,10,7,Поставщик_0118,178899452007,2750225.11,Итоги подведены,False
403979,Медицинское оборудование,Заказчик_0184,660677017673,Из одного источника,2023-11-17,2023-12-13,26,3,Поставщик_0708,707240161153,6891738.21,Отменен,False
403980,Ремонт зданий,Заказчик_0000,602276804025,Запрос ценовых предложений,2023-10-09,2023-10-11,2,2,Поставщик_0616,670217426833,6252485.33,Завершен,False
403981,Охранные услуги,Заказчик_0085,228319081121,Запрос ценовых предложений,2024-12-15,2024-12-21,6,5,Поставщик_0065,561035185318,1767541.58,Отменен,False
403982,Мебель,Заказчик_0053,105295618485,Открытый конкурс,2023-08-26,2023-09-03,8,5,Поставщик_0255,733092449614,1016667.34,Завершен,False
403983,Продукты питания,Заказчик_0028,284372013892,Открытый конкурс,2024-10-15,2024-11-01,17,3,Поставщик_0285,513462082964,504256.56,Итоги подведены,False
403984,Клининг,Заказчик_0073,291422089614,Из одного источника по несостоявшимся закупкам,2023-07-16,2023-08-05,20,3,Поставщик_0490,845577179815,736050.4,Завершен,False
403985,Ремонт зданий,Заказчик_0184,660677017673,Из одного источника по несостоявшимся закупкам,2025-01-02,2025-01-09,7,2,Поставщик_0357,426146524941,6239844.79,Завершен,False
403986,Стройматериалы,Заказчик_0092,787963526218,Электронный аукцион,2024-10-14,2024-10-23,9,1,Поставщик_0411,650003801943,2926385.68,Завершен,False
403987,Медицинское оборудование,Заказчик_0179,703500144758,Из одного источника,2024-03-29,2024-03-31,2,2,Поставщик_0063,128778851351,8224979.09,Отменен,False
403988,Охранные услуги,Заказчик_0007,329500167403,Запрос ценовых предложений,2023-05-17,2023-05-28,11,6,Поставщик_0343,926441226936,1762043.0,Завершен,False
403989,Клининг,Заказчик_0007,329500167403,Из одного источника по несостоявшимся закупкам,2024-01-22,2024-02-01,10,4,Поставщик_0237,009412350783,702020.03,Завершен,False
403990,Продукты питания,Заказчик_0033,456442497105,Запрос ценовых предложений,2024-12-23,2025-01-07,15,1,Поставщик_0460,409351429754,530128.39,Завершен,False
403991,IT-услуги,Заказчик_0061,915640336836,Открытый конкурс,2024-12-09,2024-12-18,9,3,Поставщик_0218,435602273530,5275705.66,Итоги подведены,False
403992,Медицинское оборудование,Заказчик_0166,287356331623,Запрос ценовых предложений,2023-04-28,2023-05-07,9,6,Поставщик_0503,457459864697,7756028.3,Опубликован,False
403993,Ремонт зданий,Заказчик_0162,649389366563,Запрос ценовых предложений,2023-10-05,2023-10-16,11,3,Поставщик_0291,467915348400,5972159.5,Завершен,False
403994,Транспортные услуги,Заказчик_0107,769835139635,Открытый конкурс,2025-02-25,2025-02-28,3,1,Поставщик_0685,775363758901,1445046.39,Итоги подведены,True
403995,Медицинское оборудование,Заказчик_0160,845404873875,Открытый конкурс,2023-06-30,2023-07-04,4,1,Поставщик_0467,681232354610,11055655.72,Опубликован,True
403996,Клининг,Заказчик_0047,881968747928,Запрос ценовых предложений,2024-01-19,2024-01-29,10,2,Поставщик_0499,933795584105,692114.28,Завершен,False
403997,Продукты питания,Заказчик_0101,937882116761,Электронный аукцион,2024-08-16,2024-08-24,8,4,Поставщик_0326,956745653116,543843.28,Завершен,False
403998,IT-услуги,Заказчик_0088,446490060265,Запрос ценовых предложений,2023-02-14,2023-02-18,4,1,Поставщик_0024,820750434532,6742147.09,Завершен,True
403999,Ремонт зданий,Заказчик_0059,216695400432,Электронный аукцион,2023-02-09,2023-02-16,7,2,Поставщик_0333,698937809686,5293165.7,Итоги подведены,False
404000,IT-услуги,Заказчик_0020,455927236237,Электронный аукцион,2024-03-28,2024-04-18,21,5,Поставщик_0029,042388906871,5038846.78,Завершен,False
404001,Клининг,Заказчик_0174,628964171749,Электронный аукцион,2024-02-12,2024-02-24,12,1,Поставщик_0346,339552598135,714440.49,Завершен,False
404002,Медицинское оборудование,Заказчик_0169,512269807126,Электронный аукцион,2023-11-04,2023-11-15,11,2,Поставщик_0553,597003912301,7692157.63,Завершен,False
404003,Мебель,Заказчик_0010,757503098830,Из одного источника,2023-10-14,2023-10-19,5,1,Поставщик_0185,771865953750,1381676.84,Отменен,True
404004,IT-услуги,Заказчик_0099,557410386890,Запрос ценовых предложений,2024-07-04,2024-07-20,16,3,Поставщик_0731,532932360613,4381215.67,Завершен,False
404005,IT-услуги,Заказчик_0044,011652671671,Электронный аукцион,2023-09-29,2023-10-20,21,6,Поставщик_0160,261806834952,4573473.11,Отменен,False
404006,Клининг,Заказчик_0073,291422089614,Электронный аукцион,2023-09-08,2023-09-12,4,2,Поставщик_0036,652800941983,613757.26,Завершен,False
404007,Продукты питания,Заказчик_0062,298543394596,Открытый конкурс,2023-09-06,2023-09-17,11,8,Поставщик_0225,750965040563,540647.43,Итоги подведены,False
404008,Медицинское оборудование,Заказчик_0157,319262117645,Электронный аукцион,2024-07-02,2024-07-15,13,4,Поставщик_0471,664419980308,8557178.15,Опубликован,False
404009,Медицинское оборудование,Заказчик_0053,105295618485,Запрос ценовых предложений,2025-03-27,2025-04-12,16,1,Поставщик_0017,205667686355,8186407.71,Завершен,False
404010,Ремонт зданий,Заказчик_0097,603503212307,Электронный аукцион,2024-09-05,2024-09-17,12,3,Поставщик_0300,493259571075,6236560.81,Завершен,False
404011,Охранные услуги,Заказчик_0191,742687446267,Электронный аукцион,2024-03-08,2024-03-23,15,2,Поставщик_0398,829094583365,1957792.35,Завершен,False
404012,Клининг,Заказчик_0179,703500144758,Запрос ценовых предложений,2024-08-26,2024-09-14,19,5,Поставщик_0346,339552598135,656964.5,Завершен,False
404013,Медицинское оборудование,Заказчик_0135,486200442637,Электронный аукцион,2024-11-18,2024-12-02,14,2,Поставщик_0387,393471508828,6810362.0,Отменен,False
404014,Канцелярские товары,Заказчик_0038,756202235126,Открытый конкурс,2025-06-10,2025-06-20,10,2,Поставщик_0494,962316023940,273449.77,Завершен,False
404015,Канцелярские товары,Заказчик_0068,707783689405,Электронный аукцион,2023-03-10,2023-03-18,8,4,Поставщик_0081,606435416636,256629.24,Отменен,False
404016,Продукты питания,Заказчик_0104,865457848634,Открытый конкурс,2024-12-26,2025-01-09,14,3,Поставщик_0549,779704718153,529049.87,Завершен,False
404017,Канцелярские товары,Заказчик_0068,707783689405,Запрос ценовых предложений,2023-10-20,2023-10-21,1,2,Поставщик_0355,761448361685,315602.88,Итоги подведены,False
404018,Транспортные услуги,Заказчик_0122,138783944958,Открытый конкурс,2024-02-16,2024-02-26,10,3,Поставщик_0435,150641092260,1172044.26,Завершен,False
404019,Медицинское оборудование,Заказчик_0115,986712861740,Электронный аукцион,2024-03-07,2024-03-20,13,4,Поставщик_0730,344726620896,7520703.9,Итоги подведены,False
404020,Продукты питания,Заказчик_0065,847528925395,Электронный аукцион,2024-10-31,2024-11-26,26,2,Поставщик_0347,110188792867,526464.39,Завершен,False
404021,Мебель,Заказчик_0120,174668074201,Открытый конкурс,2023-11-01,2023-11-10,9,3,Поставщик_0128,110621371287,990258.38,Итоги подведены,False
404022,Канцелярские товары,Заказчик_0190,238315556594,Запрос ценовых предложений,2023-09-22,2023-09-26,4,2,Поставщик_0174,289501223063,260262.69,Завершен,False
404023,Охранные услуги,Заказчик_0005,965687203229,Электронный аукцион,2023-11-26,2023-12-14,18,4,Поставщик_0167,794738907041,1764658.94,Итоги подведены,False
404024,Продукты питания,Заказчик_0195,530149191342,Запрос ценовых предложений,2025-03-13,2025-03-24,11,1,Поставщик_0156,783261183658,531867.76,Завершен,False
404025,Транспортные услуги,Заказчик_0074,356428134255,Из одного источника,2023-09-24,2023-10-01,7,4,Поставщик_0533,258190416283,1203070.72,Завершен,False
404026,Канцелярские товары,Заказчик_0148,216398982273,Из одного источника по несостоявшимся закупкам,2024-04-30,2024-05-12,12,3,Поставщик_0469,343898963033,320760.56,Завершен,False
404027,IT-услуги,Заказчик_0026,217846198988,Открытый конкурс,2023-01-09,2023-01-26,17,2,Поставщик_0488,046505527714,4575862.36,Отменен,False
404028,Клининг,Заказчик_0017,424039274499,Электронный аукцион,2024-11-02,2024-11-15,13,2,Поставщик_0597,155020674245,734363.87,Завершен,False
404029,IT-услуги,Заказчик_0102,747749566861,Из одного источника по несостоявшимся закупкам,2025-05-13,2025-05-19,6,1,Поставщик_0746,277946131833,6860104.33,Завершен,True
404030,Транспортные услуги,Заказчик_0097,603503212307,Запрос ценовых предложений,2024-11-03,2024-11-18,15,4,Поставщик_0304,573708281211,1179236.84,Отменен,False
404031,IT-услуги,Заказчик_0131,463876194901,Запрос ценовых предложений,2025-03-06,2025-03-22,16,1,Поставщик_0270,416062438707,4796592.19,Итоги подведены,False
404032,Ремонт зданий,Заказчик_0127,352249294184,Запрос ценовых предложений,2024-02-19,2024-03-04,14,4,Поставщик_0212,625658016086,5406546.25,Завершен,False
404033,Медицинское оборудование,Заказчик_0159,055513512505,Из одного источника по несостоявшимся закупкам,2025-05-12,2025-05-29,17,2,Поставщик_0706,126245364680,7051213.03,Завершен,False
404034,Клининг,Заказчик_0154,114217757188,Электронный аукцион,2024-04-17,2024-04-24,7,1,Поставщик_0442,406737830193,889686.25,Итоги подведены,True
404035,Охранные услуги,Заказчик_0007,329500167403,Открытый конкурс,2023-01-17,2023-01-26,9,3,Поставщик_0433,475307919366,1814794.56,Итоги подведены,False
404036,Канцелярские товары,Заказчик_0173,212954133846,Запрос ценовых предложений,2024-12-28,2025-01-09,12,4,Поставщик_0320,336265903303,266843.67,Завершен,False
404037,Мебель,Заказчик_0173,212954133846,Из одного источника по несостоявшимся закупкам,2024-12-07,2024-12-16,9,3,Поставщик_0163,994042203453,1083060.84,Завершен,False
404038,Продукты питания,Заказчик_0124,308392990638,Электронный аукцион,2024-11-30,2024-12-12,12,7,Поставщик_0651,338468137346,528891.06,Завершен,False
404039,Транспортные услуги,Заказчик_0052,571247952112,Открытый конкурс,2024-04-06,2024-04-23,17,3,Поставщик_0131,981867816273,1229236.88,Итоги подведены,False
404040,Продукты питания,Заказчик_0057,045227746976,Из одного источника по несостоявшимся закупкам,2025-04-27,2025-05-08,11,2,Поставщик_0250,609694983206,468152.1,Завершен,False
404041,Продукты питания,Заказчик_0177,290868910115,Открытый конкурс,2023-08-27,2023-09-09,13,3,Поставщик_0738,819932824269,519864.46,Итоги подведены,False
404042,Охранные услуги,Заказчик_0023,152672624980,Из одного источника по несостоявшимся закупкам,2025-04-24,2025-05-13,19,4,Поставщик_0384,084435553244,2016834.24,Завершен,False
404043,Канцелярские товары,Заказчик_0063,541376725946,Электронный аукцион,2025-05-19,2025-05-26,7,4,Поставщик_0562,307506639977,313417.27,Завершен,False
404044,Транспортные услуги,Заказчик_0140,572961937397,Из одного источника по несостоявшимся закупкам,2023-07-30,2023-08-13,14,4,Поставщик_0077,930130381662,1265148.34,Опубликован,False
404045,Продукты питания,Заказчик_0029,639591919214,Электронный аукцион,2023-04-28,2023-05-14,16,3,Поставщик_0223,923177940451,449133.9,Завершен,False
404046,IT-услуги,Заказчик_0050,074766470263,Электронный аукцион,2024-08-23,2024-09-07,15,2,Поставщик_0469,343898963033,5304433.63,Опубликован,False
404047,Охранные услуги,Заказчик_0125,691670073356,Открытый конкурс,2023-05-26,2023-06-13,18,1,Поставщик_0785,685426512793,1974038.77,Завершен,False
404048,Транспортные услуги,Заказчик_0097,603503212307,Электронный аукцион,2023-05-03,2023-05-10,7,3,Поставщик_0441,249590173425,1197409.06,Завершен,False
404049,Транспортные услуги,Заказчик_0118,609055953469,Запрос ценовых предложений,2023-08-29,2023-09-16,18,5,Поставщик_0595,398571213861,1171197.45,Завершен,False
404050,IT-услуги,Заказчик_0090,423440463190,Из одного источника,2025-04-30,2025-05-12,12,2,Поставщик_0348,238397186701,4918779.73,Завершен,False
404051,Мебель,Заказчик_0145,164798701236,Электронный аукцион,2023-04-30,2023-05-12,12,2,Поставщик_0376,010890391076,1099255.68,Опубликован,False
404052,Транспортные услуги,Заказчик_0082,679471404490,Из одного источника по несостоявшимся закупкам,2023-12-05,2023-12-15,10,5,Поставщик_0245,041098620582,1170723.17,Завершен,False
404053,Ремонт зданий,Заказчик_0034,638762102480,Запрос ценовых предложений,2024-03-04,2024-03-14,10,2,Поставщик_0646,902533636786,5587323.2,Опубликован,False
404054,Стройматериалы,Заказчик_0076,276366676869,Электронный аукцион,2023-06-03,2023-06-14,11,4,Поставщик_0293,369931833239,3189809.68,Итоги подведены,False
404055,Клининг,Заказчик_0057,045227746976,Запрос ценовых предложений,2025-01-19,2025-02-06,18,3,Поставщик_0164,173324279862,674168.5,Завершен,False
404056,Медицинское оборудование,Заказчик_0189,913923992645,Из одного источника по несостоявшимся закупкам,2023-05-11,2023-05-23,12,2,Поставщик_0375,617428444873,7054364.33,Завершен,False
404057,Продукты питания,Заказчик_0116,028575123047,Из одного источника по несостоявшимся закупкам,2025-02-19,2025-03-01,10,5,Поставщик_0792,041878927631,486894.74,Завершен,False
404058,Клининг,Заказчик_0041,403641416035,Из одного источника по несостоявшимся закупкам,2023-07-04,2023-07-16,12,3,Поставщик_0076,602717470664,721671.85,Завершен,False
404059,Транспортные услуги,Заказчик_0024,420762754008,Из одного источника по несостоявшимся закупкам,2023-01-04,2023-01-15,11,2,Поставщик_0624,139364081019,1112997.03,Завершен,False
404060,Медицинское оборудование,Заказчик_0023,152672624980,Открытый конкурс,2023-10-30,2023-11-17,18,3,Поставщик_0383,675235830780,7170860.14,Завершен,False
404061,IT-услуги,Заказчик_0081,893419340814,Открытый конкурс,2024-02-21,2024-03-07,15,2,Поставщик_0209,353759337956,5236662.88,Опубликован,False
404062,Медицинское оборудование,Заказчик_0121,095952713783,Запрос ценовых предложений,2025-02-26,2025-03-09,11,8,Поставщик_0783,655871465909,8342819.67,Завершен,False
404063,IT-услуги,Заказчик_0118,609055953469,Открытый конкурс,2023-03-20,2023-03-28,8,6,Поставщик_0525,285036307574,5359371.57,Итоги подведены,False
404064,Клининг,Заказчик_0036,195028486959,Электронный аукцион,2024-07-15,2024-07-21,6,1,Поставщик_0058,496829903332,612627.49,Завершен,False
404065,Транспортные услуги,Заказчик_0174,628964171749,Из одного источника по несостоявшимся закупкам,2023-06-21,2023-07-03,12,2,Поставщик_0176,636150818240,1130540.2,Итоги подведены,False
404066,Стройматериалы,Заказчик_0043,200593676791,Запрос ценовых предложений,2023-05-08,2023-05-27,19,4,Поставщик_0291,467915348400,2867373.16,Итоги подведены,False
404067,IT-услуги,Заказчик_0002,930086875935,Запрос ценовых предложений,2023-09-29,2023-10-09,10,3,Поставщик_0177,586572360924,4454561.21,Завершен,False
404068,Ремонт зданий,Заказчик_0059,216695400432,Открытый конкурс,2023-10-01,2023-10-21,20,6,Поставщик_0022,800446377177,6566245.35,Завершен,False
404069,Стройматериалы,Заказчик_0045,891036937066,Из одного источника по несостоявшимся закупкам,2023-01-03,2023-01-15,12,5,Поставщик_0090,570623638590,3274072.76,Итоги подведены,False
404070,Продукты питания,Заказчик_0092,787963526218,Запрос ценовых предложений,2023-11-18,2023-11-29,11,9,Поставщик_0675,738345126963,524535.98,Завершен,False
404071,Охранные услуги,Заказчик_0146,531933776661,Электронный аукцион,2025-05-04,2025-05-06,2,1,Поставщик_0299,615581038112,2681753.01,Итоги подведены,True
404072,IT-услуги,Заказчик_0122,138783944958,Запрос ценовых предложений,2023-08-10,2023-08-21,11,5,Поставщик_0258,877509845936,4615864.59,Опубликован,False
404073,Канцелярские товары,Заказчик_0039,704542495687,Электронный аукцион,2025-02-06,2025-02-14,8,4,Поставщик_0416,560588412973,309966.03,Опубликован,False
404074,Клининг,Заказчик_0152,918199349998,Открытый конкурс,2025-05-18,2025-06-02,15,4,Поставщик_0116,697739551055,706810.21,Завершен,False
404075,IT-услуги,Заказчик_0189,913923992645,Из одного источника,2023-04-13,2023-04-27,14,7,Поставщик_0238,882733335641,4284105.58,Завершен,False
404076,Клининг,Заказчик_0181,093957730128,Электронный аукцион,2023-03-26,2023-04-11,16,1,Поставщик_0070,821788866676,713326.33,Завершен,False
404077,Мебель,Заказчик_0196,444633818661,Запрос ценовых предложений,2025-03-24,2025-04-03,10,1,Поставщик_0442,406737830193,909684.63,Завершен,False
404078,Охранные услуги,Заказчик_0109,331294210817,Электронный аукцион,2025-03-19,2025-04-05,17,5,Поставщик_0089,402376755963,1914369.24,Завершен,False
404079,Канцелярские товары,Заказчик_0074,356428134255,Из одного источника по несостоявшимся закупкам,2024-09-06,2024-09-13,7,5,Поставщик_0118,178899452007,268559.23,Итоги подведены,False
404080,Медицинское оборудование,Заказчик_0006,836394225258,Из одного источника по несостоявшимся закупкам,2025-01-07,2025-01-10,3,3,Поставщик_0634,605920056438,8133340.4,Опубликован,False
404081,Канцелярские товары,Заказчик_0128,840683305887,Открытый конкурс,2024-08-16,2024-08-29,13,4,Поставщик_0229,638765974189,304136.1,Опубликован,False
404082,IT-услуги,Заказчик_0151,841936905579,Из одного источника по несостоявшимся закупкам,2023-11-29,2023-12-23,24,5,Поставщик_0573,786259204650,4261404.38,Опубликован,False
404083,Мебель,Заказчик_0134,006567464629,Из одного источника,2024-11-12,2024-11-15,3,2,Поставщик_0051,758056409181,860632.73,Завершен,False
404084,Клининг,Заказчик_0182,383719759048,Открытый конкурс,2024-06-03,2024-06-13,10,10,Поставщик_0388,413845597476,707521.57,Завершен,False
404085,IT-услуги,Заказчик_0092,787963526218,Открытый конкурс,2023-06-24,2023-07-05,11,6,Поставщик_0119,431616934635,4746079.72,Итоги подведены,False
404086,Стройматериалы,Заказчик_0173,212954133846,Запрос ценовых предложений,2024-02-14,2024-02-23,9,5,Поставщик_0604,789516709861,3129398.29,Опубликован,False
404087,Медицинское оборудование,Заказчик_0017,424039274499,Запрос ценовых предложений,2023-06-02,2023-06-07,5,1,Поставщик_0196,533133629586,7346668.73,Завершен,False
404088,Клининг,Заказчик_0186,053323099951,Из одного источника по несостоявшимся закупкам,2025-05-21,2025-05-25,4,4,Поставщик_0211,624850825440,664798.9,Опубликован,False
404089,Медицинское оборудование,Заказчик_0059,216695400432,Из одного источника по несостоявшимся закупкам,2024-09-20,2024-09-29,9,1,Поставщик_0641,238196641402,8612930.5,Завершен,False
404090,Продукты питания,Заказчик_0076,276366676869,Из одного источника,2023-04-07,2023-04-20,13,4,Поставщик_0728,624041259320,472569.17,Итоги подведены,False
404091,Стройматериалы,Заказчик_0123,706853063646,Открытый конкурс,2024-06-11,2024-07-01,20,4,Поставщик_0670,218987005214,3021720.14,Завершен,False
404092,Клининг,Заказчик_0144,516681609103,Открытый конкурс,2024-06-12,2024-06-13,1,3,Поставщик_0117,937934651281,745534.91,Итоги подведены,False
404093,Охранные услуги,Заказчик_0074,356428134255,Открытый конкурс,2024-02-06,2024-02-16,10,3,Поставщик_0030,524097098573,2035453.64,Завершен,False
404094,Канцелярские товары,Заказчик_0040,303789475622,Открытый конкурс,2025-06-03,2025-06-16,13,3,Поставщик_0254,249692497310,266881.89,Завершен,False
404095,IT-услуги,Заказчик_0151,841936905579,Электронный аукцион,2023-03-21,2023-03-26,5,3,Поставщик_0028,253645471972,5170940.35,Отменен,False
404096,Стройматериалы,Заказчик_0065,847528925395,Из одного источника по несостоявшимся закупкам,2024-12-17,2025-01-02,16,3,Поставщик_0486,096596402469,2690182.15,Итоги подведены,False
404097,Транспортные услуги,Заказчик_0014,219547810444,Из одного источника по несостоявшимся закупкам,2024-12-11,2024-12-21,10,2,Поставщик_0507,968046436330,1287450.88,Завершен,False
404098,Медицинское оборудование,Заказчик_0091,800785553136,Запрос ценовых предложений,2023-04-29,2023-05-09,10,5,Поставщик_0668,657739497386,8799820.33,Завершен,False
404099,Канцелярские товары,Заказчик_0019,190156218256,Из одного источника по несостоявшимся закупкам,2023-06-04,2023-06-14,10,3,Поставщик_0774,467319732140,256711.85,Итоги подведены,False
404100,Стройматериалы,Заказчик_0100,825533331515,Открытый конкурс,2023-11-30,2023-12-04,4,1,Поставщик_0026,859743472035,4066649.91,Завершен,True
404101,Клининг,Заказчик_0186,053323099951,Открытый конкурс,2023-07-08,2023-07-17,9,3,Поставщик_0667,289713077352,622776.18,Отменен,False
404102,Продукты питания,Заказчик_0080,658912085920,Из одного источника по несостоявшимся закупкам,2025-01-23,2025-01-29,6,8,Поставщик_0706,126245364680,440447.59,Итоги подведены,False
404103,Продукты питания,Заказчик_0048,544728808246,Из одного источника по несостоявшимся закупкам,2023-04-18,2023-05-03,15,1,Поставщик_0587,992848906008,536052.79,Завершен,False
404104,Канцелярские товары,Заказчик_0015,769043821442,Электронный аукцион,2023-09-19,2023-09-27,8,6,Поставщик_0472,346460499989,288193.85,Опубликован,False
404105,Транспортные услуги,Заказчик_0152,918199349998,Запрос ценовых предложений,2023-07-23,2023-08-10,18,2,Поставщик_0412,606523072560,1277190.62,Итоги подведены,False
404106,Ремонт зданий,Заказчик_0101,937882116761,Запрос ценовых предложений,2023-06-06,2023-06-13,7,4,Поставщик_0251,377751361568,6589872.81,Итоги подведены,False
404107,Медицинское оборудование,Заказчик_0196,444633818661,Открытый конкурс,2023-05-19,2023-06-01,13,7,Поставщик_0706,126245364680,7438994.79,Завершен,False
404108,Продукты питания,Заказчик_0126,693755362174,Открытый конкурс,2025-03-01,2025-03-19,18,1,Поставщик_0697,317045030329,521376.45,Завершен,False
404109,Продукты питания,Заказчик_0006,836394225258,Запрос ценовых предложений,2023-11-04,2023-11-18,14,6,Поставщик_0067,077096602839,441532.17,Завершен,False
404110,Продукты питания,Заказчик_0143,957760497757,Электронный аукцион,2025-05-01,2025-05-14,13,5,Поставщик_0255,733092449614,478892.92,Завершен,False
404111,IT-услуги,Заказчик_0055,539176725448,Из одного источника по несостоявшимся закупкам,2023-05-19,2023-05-30,11,4,Поставщик_0770,467538817210,5039802.68,Завершен,False
404112,Клининг,Заказчик_0199,342856565386,Электронный аукцион,2025-01-27,2025-01-29,2,1,Поставщик_0259,469059047610,1002942.99,Завершен,True
404113,Клининг,Заказчик_0141,155013446536,Открытый конкурс,2024-10-07,2024-10-19,12,3,Поставщик_0666,295758217844,625765.6,Завершен,False
404114,Охранные услуги,Заказчик_0085,228319081121,Запрос ценовых предложений,2023-06-20,2023-07-03,13,6,Поставщик_0005,294384972853,2102150.11,Итоги подведены,False
404115,Охранные услуги,Заказчик_0047,881968747928,Открытый конкурс,2023-11-16,2023-11-29,13,4,Поставщик_0332,411942543934,2144015.11,Итоги подведены,False
404116,Медицинское оборудование,Заказчик_0175,560089674827,Электронный аукцион,2023-07-04,2023-07-13,9,1,Поставщик_0345,329999570263,7675269.01,Итоги подведены,False
404117,Транспортные услуги,Заказчик_0080,658912085920,Из одного источника,2025-05-23,2025-06-06,14,3,Поставщик_0115,743645137591,1309671.96,Завершен,False
404118,Стройматериалы,Заказчик_0147,252922273397,Из одного источника,2024-10-15,2024-10-29,14,6,Поставщик_0024,820750434532,3296198.77,Отменен,False
404119,IT-услуги,Заказчик_0132,113739882651,Из одного источника по несостоявшимся закупкам,2024-01-12,2024-01-25,13,2,Поставщик_0796,772196538689,4931441.56,Итоги подведены,False
404120,Ремонт зданий,Заказчик_0126,693755362174,Электронный аукцион,2023-06-12,2023-06-20,8,2,Поставщик_0211,624850825440,5302300.1,Завершен,False
404121,Охранные услуги,Заказчик_0050,074766470263,Электронный аукцион,2023-06-22,2023-07-10,18,3,Поставщик_0576,451280438340,2105718.65,Итоги подведены,False
404122,Канцелярские товары,Заказчик_0037,867585874226,Из одного источника,2023-10-07,2023-10-19,12,2,Поставщик_0544,750868589574,324046.95,Опубликован,False
404123,IT-услуги,Заказчик_0177,290868910115,Открытый конкурс,2025-04-01,2025-04-15,14,4,Поставщик_0261,540535849007,4582178.57,Завершен,False
404124,Клининг,Заказчик_0079,987998370546,Электронный аукцион,2024-02-20,2024-03-10,19,2,Поставщик_0280,087096813631,675691.48,Завершен,False
404125,Охранные услуги,Заказчик_0182,383719759048,Открытый конкурс,2024-03-28,2024-04-04,7,2,Поставщик_0402,760086638831,1759832.73,Завершен,False
404126,Стройматериалы,Заказчик_0033,456442497105,Открытый конкурс,2024-09-26,2024-10-03,7,4,Поставщик_0233,338574752609,2877441.49,Завершен,False
404127,Транспортные услуги,Заказчик_0088,446490060265,Из одного источника по несостоявшимся закупкам,2024-01-01,2024-01-02,1,1,Поставщик_0024,820750434532,1546356.72,Завершен,True
404128,Продукты питания,Заказчик_0031,763063387334,Открытый конкурс,2023-03-04,2023-03-15,11,4,Поставщик_0525,285036307574,430302.04,Завершен,False
404129,Клининг,Заказчик_0026,217846198988,Открытый конкурс,2024-12-18,2025-01-02,15,3,Поставщик_0794,013164621740,729261.05,Завершен,False
404130,Стройматериалы,Заказчик_0094,217330854160,Электронный аукцион,2023-01-09,2023-01-21,12,4,Поставщик_0557,404694079971,2969387.83,Завершен,False
404131,IT-услуги,Заказчик_0182,383719759048,Открытый конкурс,2023-01-20,2023-02-02,13,1,Поставщик_0388,413845597476,5352179.71,Итоги подведены,False
404132,Стройматериалы,Заказчик_0106,132435760062,Электронный аукцион,2024-02-06,2024-02-11,5,1,Поставщик_0121,843351688152,2914015.24,Завершен,False
404133,Ремонт зданий,Заказчик_0007,329500167403,Из одного источника по несостоявшимся закупкам,2023-12-25,2024-01-03,9,4,Поставщик_0384,084435553244,6312574.45,Опубликован,False
404134,Клининг,Заказчик_0155,850611322279,Открытый конкурс,2023-11-07,2023-11-14,7,3,Поставщик_0766,950405774567,599922.03,Итоги подведены,False
404135,Транспортные услуги,Заказчик_0087,751590785490,Электронный аукцион,2023-04-19,2023-05-08,19,1,Поставщик_0645,945551379107,1281726.21,Завершен,False
404136,Транспортные услуги,Заказчик_0066,882749582259,Открытый конкурс,2024-01-03,2024-01-10,7,4,Поставщик_0407,496909492643,1139058.17,Завершен,False
404137,Канцелярские товары,Заказчик_0097,603503212307,Электронный аукцион,2023-12-20,2023-12-28,8,4,Поставщик_0261,540535849007,279640.32,Итоги подведены,False
404138,Канцелярские товары,Заказчик_0127,352249294184,Электронный аукцион,2024-03-10,2024-03-18,8,2,Поставщик_0273,431769216018,326596.18,Итоги подведены,False
404139,Канцелярские товары,Заказчик_0074,356428134255,Из одного источника по несостоявшимся закупкам,2023-03-08,2023-03-16,8,7,Поставщик_0692,217573752886,288670.61,Завершен,False
404140,Транспортные услуги,Заказчик_0071,069974068469,Из одного источника,2023-11-11,2023-11-22,11,6,Поставщик_0580,935274531168,1125225.85,Завершен,False
404141,Ремонт зданий,Заказчик_0108,933786876564,Открытый конкурс,2023-05-22,2023-06-08,17,1,Поставщик_0236,351635939493,6248565.51,Отменен,False
404142,Стройматериалы,Заказчик_0023,152672624980,Запрос ценовых предложений,2025-01-04,2025-01-16,12,5,Поставщик_0423,615730788982,2602954.92,Завершен,False
404143,Медицинское оборудование,Заказчик_0038,756202235126,Электронный аукцион,2023-08-12,2023-08-17,5,4,Поставщик_0153,181498577355,8320126.08,Отменен,False
404144,Клининг,Заказчик_0096,626442714264,Из одного источника по несостоявшимся закупкам,2024-01-05,2024-01-22,17,1,Поставщик_0482,814396895369,625561.24,Итоги подведены,False
404145,Медицинское оборудование,Заказчик_0176,053666440505,Открытый конкурс,2024-01-07,2024-01-18,11,5,Поставщик_0744,571223329164,8756576.21,Отменен,False
404146,Охранные услуги,Заказчик_0190,238315556594,Из одного источника по несостоявшимся закупкам,2023-07-06,2023-07-10,4,1,Поставщик_0580,935274531168,2872421.41,Итоги подведены,True
404147,Канцелярские товары,Заказчик_0136,789135342202,Электронный аукцион,2023-07-20,2023-07-27,7,1,Поставщик_0056,845848409759,306314.59,Итоги подведены,False
404148,Транспортные услуги,Заказчик_0173,212954133846,Запрос ценовых предложений,2023-12-21,2024-01-09,19,3,Поставщик_0021,352853686067,1194674.21,Отменен,False
404149,Мебель,Заказчик_0049,308127387209,Открытый конкурс,2024-02-05,2024-02-06,1,1,Поставщик_0799,593657951736,1085140.6,Итоги подведены,False
404150,Мебель,Заказчик_0021,049902298831,Электронный аукцион,2023-09-11,2023-09-19,8,3,Поставщик_0369,627611614932,1022327.45,Опубликован,False
404151,Стройматериалы,Заказчик_0017,424039274499,Открытый конкурс,2024-02-25,2024-03-09,13,4,Поставщик_0709,350768043619,2727767.37,Итоги подведены,False
404152,Продукты питания,Заказчик_0061,915640336836,Открытый конкурс,2024-05-10,2024-05-22,12,4,Поставщик_0540,599038882189,542613.82,Завершен,False
404153,Клининг,Заказчик_0069,588454746149,Открытый конкурс,2024-11-14,2024-11-22,8,1,Поставщик_0763,112102572520,655417.52,Отменен,False
404154,Охранные услуги,Заказчик_0008,959807652614,Открытый конкурс,2024-12-07,2024-12-20,13,5,Поставщик_0430,744564571327,2007548.46,Завершен,False
404155,Охранные услуги,Заказчик_0146,531933776661,Электронный аукцион,2024-11-29,2024-12-03,4,1,Поставщик_0299,615581038112,2536752.06,Завершен,True
404156,Стройматериалы,Заказчик_0078,598284873191,Из одного источника по несостоявшимся закупкам,2023-12-11,2023-12-16,5,1,Поставщик_0608,196632700250,2896118.64,Отменен,False
404157,IT-услуги,Заказчик_0072,072315571086,Запрос ценовых предложений,2023-06-09,2023-06-23,14,7,Поставщик_0396,428296257340,5023140.6,Завершен,False
404158,Транспортные услуги,Заказчик_0075,929625670649,Открытый конкурс,2023-01-29,2023-02-08,10,3,Поставщик_0086,613468081492,1041295.38,Отменен,False
404159,Охранные услуги,Заказчик_0178,823345926868,Запрос ценовых предложений,2023-08-27,2023-09-05,9,6,Поставщик_0362,693663310109,2151129.17,Итоги подведены,False
404160,Медицинское оборудование,Заказчик_0121,095952713783,Электронный аукцион,2024-09-19,2024-10-02,13,3,Поставщик_0512,110157263974,7597874.69,Опубликован,False
404161,Продукты питания,Заказчик_0028,284372013892,Электронный аукцион,2024-10-26,2024-10-28,2,1,Поставщик_0760,233735125812,458051.02,Итоги подведены,False
404162,Стройматериалы,Заказчик_0165,105707422805,Из одного источника,2024-11-29,2024-12-05,6,1,Поставщик_0645,945551379107,4110011.85,Завершен,True
404163,Мебель,Заказчик_0169,512269807126,Из одного источника по несостоявшимся закупкам,2024-08-23,2024-08-30,7,2,Поставщик_0713,937841018302,1035793.92,Итоги подведены,False
404164,Мебель,Заказчик_0047,881968747928,Открытый конкурс,2025-04-15,2025-05-05,20,10,Поставщик_0690,530413526928,984636.82,Завершен,False
404165,Ремонт зданий,Заказчик_0182,383719759048,Открытый конкурс,2025-04-15,2025-04-20,5,5,Поставщик_0233,338574752609,6164525.71,Итоги подведены,False
404166,Ремонт зданий,Заказчик_0071,069974068469,Из одного источника,2025-06-11,2025-06-22,11,4,Поставщик_0526,630882919597,6131991.68,Завершен,False
404167,Стройматериалы,Заказчик_0175,560089674827,Из одного источника,2023-08-12,2023-09-01,20,5,Поставщик_0047,399069925917,3163739.36,Опубликован,False
404168,Охранные услуги,Заказчик_0003,868570220212,Электронный аукцион,2023-02-12,2023-02-21,9,1,Поставщик_0105,897675679216,1716543.42,Завершен,False
404169,Мебель,Заказчик_0072,072315571086,Запрос ценовых предложений,2023-04-10,2023-04-20,10,7,Поставщик_0345,329999570263,1054914.55,Завершен,False
404170,Стройматериалы,Заказчик_0188,511393683388,Запрос ценовых предложений,2023-01-01,2023-01-15,14,7,Поставщик_0041,628909287388,2788657.75,Итоги подведены,False
404171,Мебель,Заказчик_0077,634570271159,Запрос ценовых предложений,2023-10-28,2023-11-11,14,2,Поставщик_0092,424848414614,927393.58,Завершен,False
404172,IT-услуги,Заказчик_0044,011652671671,Запрос ценовых предложений,2024-10-16,2024-11-01,16,1,Поставщик_0652,496109906857,4990498.89,Итоги подведены,False
404173,Канцелярские товары,Заказчик_0080,658912085920,Запрос ценовых предложений,2025-03-22,2025-03-31,9,5,Поставщик_0792,041878927631,298284.15,Завершен,False
404174,Клининг,Заказчик_0051,545473722111,Запрос ценовых предложений,2024-05-12,2024-05-13,1,1,Поставщик_0494,962316023940,738827.65,Завершен,False
404175,Клининг,Заказчик_0120,174668074201,Запрос ценовых предложений,2023-11-02,2023-11-13,11,3,Поставщик_0415,349738713330,743541.86,Завершен,False
404176,Мебель,Заказчик_0142,197238572836,Открытый конкурс,2023-03-07,2023-03-24,17,4,Поставщик_0213,829041666571,913433.9,Опубликован,False
404177,Медицинское оборудование,Заказчик_0106,132435760062,Из одного источника по несостоявшимся закупкам,2025-02-16,2025-02-22,6,5,Поставщик_0387,393471508828,7340920.1,Завершен,False
404178,Охранные услуги,Заказчик_0182,383719759048,Электронный аукцион,2023-08-02,2023-08-03,1,3,Поставщик_0084,986105712292,1777904.78,Завершен,False
404179,Клининг,Заказчик_0033,456442497105,Из одного источника по несостоявшимся закупкам,2024-10-27,2024-11-05,9,3,Поставщик_0746,277946131833,621097.22,Отменен,False
404180,Клининг,Заказчик_0119,207376773058,Из одного источника,2023-06-22,2023-07-11,19,2,Поставщик_0691,853642560172,670784.77,Итоги подведены,False
404181,Мебель,Заказчик_0071,069974068469,Открытый конкурс,2024-04-12,2024-04-19,7,6,Поставщик_0738,819932824269,971740.03,Итоги подведены,False
404182,Охранные услуги,Заказчик_0186,053323099951,Запрос ценовых предложений,2024-07-26,2024-08-05,10,4,Поставщик_0118,178899452007,1741434.25,Отменен,False
404183,Стройматериалы,Заказчик_0019,190156218256,Электронный аукцион,2024-03-06,2024-03-17,11,2,Поставщик_0410,321230379767,2622261.75,Завершен,False
404184,Ремонт зданий,Заказчик_0182,383719759048,Запрос ценовых предложений,2023-09-04,2023-09-28,24,3,Поставщик_0105,897675679216,5132072.44,Отменен,False
404185,Клининг,Заказчик_0061,915640336836,Открытый конкурс,2024-03-13,2024-03-26,13,1,Поставщик_0590,939998271903,724324.76,Завершен,False
404186,IT-услуги,Заказчик_0044,011652671671,Запрос ценовых предложений,2024-09-25,2024-10-07,12,5,Поставщик_0309,913322191117,4954528.49,Итоги подведены,False
404187,Охранные услуги,Заказчик_0054,441094840601,Из одного источника,2023-01-07,2023-01-16,9,4,Поставщик_0788,853991820736,1826308.35,Завершен,False
404188,Клининг,Заказчик_0166,287356331623,Из одного источника по несостоявшимся закупкам,2024-11-05,2024-11-18,13,5,Поставщик_0727,273474772669,649042.94,Завершен,False
404189,Охранные услуги,Заказчик_0184,660677017673,Запрос ценовых предложений,2024-02-29,2024-03-17,17,1,Поставщик_0299,615581038112,1905477.6,Завершен,False
404190,Охранные услуги,Заказчик_0117,419505214624,Открытый конкурс,2023-11-20,2023-11-24,4,1,Поставщик_0101,134564782885,2462339.57,Завершен,True
404191,Стройматериалы,Заказчик_0161,030990904779,Открытый конкурс,2024-02-14,2024-02-25,11,6,Поставщик_0248,462736711337,2981445.48,Завершен,False
404192,Стройматериалы,Заказчик_0040,303789475622,Открытый конкурс,2024-04-17,2024-05-05,18,3,Поставщик_0665,128709957080,2692014.44,Итоги подведены,False
404193,Клининг,Заказчик_0007,329500167403,Запрос ценовых предложений,2024-08-13,2024-09-01,19,2,Поставщик_0167,794738907041,642132.02,Итоги подведены,False
404194,Ремонт зданий,Заказчик_0123,706853063646,Запрос ценовых предложений,2024-03-12,2024-03-28,16,3,Поставщик_0599,267317822732,5921084.57,Опубликован,False
404195,Ремонт зданий,Заказчик_0170,681775483909,Электронный аукцион,2024-04-05,2024-04-12,7,3,Поставщик_0745,427612360235,5548223.12,Опубликован,False
404196,Клининг,Заказчик_0110,880371318781,Электронный аукцион,2023-06-09,2023-06-22,13,1,Поставщик_0736,946616957932,715253.39,Итоги подведены,False
404197,Клининг,Заказчик_0055,539176725448,Из одного источника по несостоявшимся закупкам,2023-07-24,2023-08-10,17,5,Поставщик_0662,345590235858,660793.79,Отменен,False
404198,Охранные услуги,Заказчик_0016,294850989981,Электронный аукцион,2025-03-19,2025-04-01,13,3,Поставщик_0412,606523072560,2010119.41,Итоги подведены,False
404199,Клининг,Заказчик_0034,638762102480,Из одного источника,2025-05-10,2025-05-26,16,1,Поставщик_0786,828456635036,756931.75,Итоги подведены,False
404200,Продукты питания,Заказчик_0048,544728808246,Запрос ценовых предложений,2023-05-09,2023-05-27,18,2,Поставщик_0762,316239117374,517026.38,Завершен,False
404201,Мебель,Заказчик_0005,965687203229,Электронный аукцион,2023-10-24,2023-11-02,9,1,Поставщик_0251,377751361568,924390.83,Завершен,False
404202,Продукты питания,Заказчик_0135,486200442637,Запрос ценовых предложений,2023-02-06,2023-02-18,12,3,Поставщик_0769,405080242263,490916.73,Итоги подведены,False
404203,Ремонт зданий,Заказчик_0192,709445965738,Из одного источника по несостоявшимся закупкам,2023-07-08,2023-07-22,14,2,Поставщик_0593,586720900281,5690415.95,Завершен,False
404204,Продукты питания,Заказчик_0127,352249294184,Из одного источника по несостоявшимся закупкам,2023-08-11,2023-08-23,12,4,Поставщик_0770,467538817210,482500.94,Итоги подведены,False
404205,Мебель,Заказчик_0131,463876194901,Открытый конкурс,2023-08-14,2023-08-27,13,4,Поставщик_0516,563223430007,1008306.25,Завершен,False
404206,Медицинское оборудование,Заказчик_0172,325409489345,Запрос ценовых предложений,2025-04-17,2025-04-28,11,1,Поставщик_0445,688678330077,7940468.52,Завершен,False
404207,IT-услуги,Заказчик_0138,309592304864,Электронный аукцион,2023-01-06,2023-01-08,2,7,Поставщик_0419,193001215700,5292439.85,Итоги подведены,False
404208,Медицинское оборудование,Заказчик_0157,319262117645,Электронный аукцион,2023-03-04,2023-03-12,8,5,Поставщик_0060,512534346021,7944289.78,Итоги подведены,False
404209,IT-услуги,Заказчик_0172,325409489345,Из одного источника по несостоявшимся закупкам,2024-10-18,2024-11-06,19,6,Поставщик_0348,238397186701,4888397.73,Завершен,False
404210,Охранные услуги,Заказчик_0034,638762102480,Электронный аукцион,2023-11-21,2023-11-27,6,10,Поставщик_0404,637243297218,1776153.84,Завершен,False
404211,IT-услуги,Заказчик_0022,876960826911,Из одного источника по несостоявшимся закупкам,2024-10-03,2024-10-10,7,5,Поставщик_0522,767368917374,5132293.16,Завершен,False
404212,Стройматериалы,Заказчик_0114,492430052930,Из одного источника,2025-05-31,2025-06-09,9,8,Поставщик_0277,842507912604,2972021.37,Завершен,False
404213,Мебель,Заказчик_0089,395460786772,Открытый конкурс,2025-04-18,2025-04-26,8,3,Поставщик_0041,628909287388,1070365.9,Завершен,False
404214,Транспортные услуги,Заказчик_0195,530149191342,Открытый конкурс,2024-06-25,2024-07-03,8,6,Поставщик_0152,211520224319,1314765.75,Опубликован,False
404215,Ремонт зданий,Заказчик_0045,891036937066,Электронный аукцион,2023-07-28,2023-08-05,8,2,Поставщик_0231,678404341761,6591060.64,Опубликован,False
404216,Медицинское оборудование,Заказчик_0190,238315556594,Электронный аукцион,2025-02-21,2025-03-12,19,5,Поставщик_0261,540535849007,8182372.26,Завершен,False
404217,Транспортные услуги,Заказчик_0113,268518827291,Открытый конкурс,2023-03-14,2023-03-20,6,2,Поставщик_0010,463052422835,1034976.48,Завершен,False
404218,Продукты питания,Заказчик_0118,609055953469,Из одного источника по несостоявшимся закупкам,2023-10-10,2023-10-21,11,3,Поставщик_0264,581472848963,542569.88,Итоги подведены,False
404219,Продукты питания,Заказчик_0187,313404440226,Электронный аукцион,2025-03-29,2025-04-01,3,2,Поставщик_0343,926441226936,448827.06,Опубликован,False
404220,Клининг,Заказчик_0087,751590785490,Открытый конкурс,2024-08-20,2024-09-02,13,3,Поставщик_0152,211520224319,616473.8,Завершен,False
404221,Ремонт зданий,Заказчик_0190,238315556594,Электронный аукцион,2024-02-28,2024-03-01,2,1,Поставщик_0580,935274531168,8309436.25,Завершен,True
404222,Клининг,Заказчик_0051,545473722111,Электронный аукцион,2023-01-02,2023-01-12,10,5,Поставщик_0648,092630172816,670967.0,Завершен,False
404223,Продукты питания,Заказчик_0015,769043821442,Запрос ценовых предложений,2023-12-28,2024-01-21,24,2,Поставщик_0366,684754308444,444844.11,Итоги подведены,False
404224,Канцелярские товары,Заказчик_0102,747749566861,Запрос ценовых предложений,2023-12-14,2023-12-26,12,3,Поставщик_0614,251552734088,307456.51,Итоги подведены,False
404225,Канцелярские товары,Заказчик_0034,638762102480,Электронный аукцион,2023-03-25,2023-04-04,10,3,Поставщик_0236,351635939493,320342.29,Завершен,False
404226,IT-услуги,Заказчик_0033,456442497105,Открытый конкурс,2023-08-20,2023-08-21,1,3,Поставщик_0363,826646713440,4406748.77,Завершен,False
404227,Медицинское оборудование,Заказчик_0197,921159241640,Из одного источника,2025-01-27,2025-01-28,1,2,Поставщик_0532,454131066181,6936146.71,Завершен,False
404228,Медицинское оборудование,Заказчик_0056,936679226110,Электронный аукцион,2025-02-17,2025-02-27,10,1,Поставщик_0180,741634681143,8258938.57,Завершен,False
404229,Мебель,Заказчик_0053,105295618485,Открытый конкурс,2024-08-14,2024-08-19,5,2,Поставщик_0238,882733335641,960688.29,Итоги подведены,False
404230,Охранные услуги,Заказчик_0196,444633818661,Запрос ценовых предложений,2025-05-14,2025-05-23,9,2,Поставщик_0731,532932360613,1767238.4,Итоги подведены,False
404231,Продукты питания,Заказчик_0139,584877345150,Запрос ценовых предложений,2023-11-09,2023-11-26,17,6,Поставщик_0319,930083708303,475540.74,Завершен,False
404232,Канцелярские товары,Заказчик_0064,196215509941,Из одного источника,2024-07-18,2024-08-03,16,3,Поставщик_0034,830235629044,288178.92,Завершен,False
404233,Охранные услуги,Заказчик_0002,930086875935,Открытый конкурс,2024-06-12,2024-07-01,19,1,Поставщик_0195,390385154902,2100199.13,Завершен,False
404234,Канцелярские товары,Заказчик_0174,628964171749,Открытый конкурс,2025-02-04,2025-02-13,9,4,Поставщик_0641,238196641402,304439.74,Завершен,False
404235,Клининг,Заказчик_0053,105295618485,Электронный аукцион,2025-04-08,2025-04-17,9,2,Поставщик_0375,617428444873,664598.34,Завершен,False
404236,Стройматериалы,Заказчик_0032,421496963502,Электронный аукцион,2023-01-29,2023-01-30,1,3,Поставщик_0498,173845785681,2813391.31,Итоги подведены,False
404237,Продукты питания,Заказчик_0068,707783689405,Электронный аукцион,2025-04-17,2025-04-23,6,3,Поставщик_0450,669636838436,544703.03,Завершен,False
404238,Клининг,Заказчик_0181,093957730128,Запрос ценовых предложений,2023-03-27,2023-04-10,14,2,Поставщик_0380,205571075277,647654.99,Итоги подведены,False
404239,Стройматериалы,Заказчик_0122,138783944958,Из одного источника,2023-01-12,2023-01-24,12,2,Поставщик_0585,126880847331,3166757.16,Завершен,False
404240,Клининг,Заказчик_0004,633229661713,Из одного источника по несостоявшимся закупкам,2023-10-22,2023-10-28,6,1,Поставщик_0668,657739497386,769530.4,Завершен,False
404241,IT-услуги,Заказчик_0094,217330854160,Из одного источника по несостоявшимся закупкам,2024-07-10,2024-07-23,13,3,Поставщик_0365,679875524456,4625166.95,Завершен,False
404242,Медицинское оборудование,Заказчик_0024,420762754008,Электронный аукцион,2023-01-27,2023-02-06,10,2,Поставщик_0681,264209549520,7386080.65,Завершен,False
404243,Канцелярские товары,Заказчик_0118,609055953469,Запрос ценовых предложений,2024-09-17,2024-09-25,8,2,Поставщик_0161,496156655633,300948.23,Завершен,False
404244,Продукты питания,Заказчик_0082,679471404490,Открытый конкурс,2025-05-07,2025-05-08,1,2,Поставщик_0148,196667504649,467382.44,Завершен,False
404245,Охранные услуги,Заказчик_0050,074766470263,Запрос ценовых предложений,2024-01-02,2024-01-10,8,3,Поставщик_0616,670217426833,1973699.65,Завершен,False
404246,Клининг,Заказчик_0092,787963526218,Запрос ценовых предложений,2024-01-13,2024-01-18,5,5,Поставщик_0269,037527621769,618286.9,Итоги подведены,False
404247,Медицинское оборудование,Заказчик_0134,006567464629,Из одного источника,2023-12-16,2024-01-06,21,3,Поставщик_0218,435602273530,7233754.61,Завершен,False
404248,Мебель,Заказчик_0009,498251982661,Открытый конкурс,2024-07-16,2024-07-17,1,1,Поставщик_0029,042388906871,1220124.21,Итоги подведены,True
404249,Охранные услуги,Заказчик_0173,212954133846,Запрос ценовых предложений,2024-08-08,2024-08-17,9,4,Поставщик_0222,535877304424,2177410.26,Завершен,False
404250,Стройматериалы,Заказчик_0177,290868910115,Электронный аукцион,2023-11-17,2023-11-29,12,3,Поставщик_0243,047906730374,2723152.39,Завершен,False
404251,Мебель,Заказчик_0130,560397578096,Электронный аукцион,2024-10-13,2024-10-30,17,1,Поставщик_0595,398571213861,938236.88,Итоги подведены,False
404252,Ремонт зданий,Заказчик_0088,446490060265,Из одного источника по несостоявшимся закупкам,2023-02-04,2023-02-11,7,2,Поставщик_0697,317045030329,6187282.84,Завершен,False
404253,Продукты питания,Заказчик_0032,421496963502,Электронный аукцион,2023-04-30,2023-05-12,12,1,Поставщик_0405,385456565010,480280.38,Завершен,False
404254,Клининг,Заказчик_0103,043205340808,Запрос ценовых предложений,2024-02-08,2024-02-24,16,3,Поставщик_0785,685426512793,623928.71,Опубликован,False
404255,Охранные услуги,Заказчик_0057,045227746976,Из одного источника,2024-05-06,2024-05-07,1,3,Поставщик_0506,925712227523,1995539.86,Завершен,False
404256,Стройматериалы,Заказчик_0076,276366676869,Из одного источника по несостоявшимся закупкам,2025-03-03,2025-03-18,15,2,Поставщик_0590,939998271903,2949085.34,Завершен,False
404257,Ремонт зданий,Заказчик_0063,541376725946,Открытый конкурс,2023-10-14,2023-10-19,5,7,Поставщик_0597,155020674245,6535138.36,Завершен,False
404258,Мебель,Заказчик_0022,876960826911,Из одного источника по несостоявшимся закупкам,2023-12-28,2024-01-12,15,5,Поставщик_0000,872601131654,898898.69,Завершен,False
404259,Транспортные услуги,Заказчик_0047,881968747928,Электронный аукцион,2023-10-31,2023-11-10,10,5,Поставщик_0480,616875391974,1308190.64,Завершен,False
404260,Медицинское оборудование,Заказчик_0026,217846198988,Электронный аукцион,2023-06-22,2023-07-06,14,4,Поставщик_0579,051812327924,8217959.25,Итоги подведены,False
404261,Канцелярские товары,Заказчик_0173,212954133846,Электронный аукцион,2025-04-20,2025-05-02,12,4,Поставщик_0210,181743746112,256756.56,Завершен,False
404262,Ремонт зданий,Заказчик_0058,694569801375,Запрос ценовых предложений,2023-04-12,2023-04-16,4,4,Поставщик_0263,649071103741,6452051.47,Завершен,False
404263,Мебель,Заказчик_0073,291422089614,Открытый конкурс,2025-01-22,2025-01-26,4,2,Поставщик_0569,141994877032,1098985.88,Завершен,False
404264,Транспортные услуги,Заказчик_0190,238315556594,Открытый конкурс,2023-03-18,2023-03-22,4,1,Поставщик_0580,935274531168,1444380.89,Итоги подведены,True
404265,Транспортные услуги,Заказчик_0050,074766470263,Открытый конкурс,2025-04-03,2025-04-21,18,6,Поставщик_0059,487654415799,1176038.28,Завершен,False
404266,Канцелярские товары,Заказчик_0008,959807652614,Открытый конкурс,2024-08-17,2024-08-23,6,6,Поставщик_0756,517725351365,307898.03,Итоги подведены,False
404267,Продукты питания,Заказчик_0169,512269807126,Открытый конкурс,2024-04-11,2024-04-21,10,1,Поставщик_0478,389500589336,500564.9,Итоги подведены,False
404268,Ремонт зданий,Заказчик_0171,919426295735,Электронный аукцион,2023-04-06,2023-04-15,9,1,Поставщик_0699,964487800817,5280253.63,Итоги подведены,False
404269,Медицинское оборудование,Заказчик_0089,395460786772,Запрос ценовых предложений,2024-07-10,2024-07-29,19,4,Поставщик_0672,334018729361,8482029.46,Итоги подведены,False
404270,Канцелярские товары,Заказчик_0184,660677017673,Запрос ценовых предложений,2023-05-08,2023-06-07,30,6,Поставщик_0190,906433503969,286262.69,Завершен,False
404271,Канцелярские товары,Заказчик_0072,072315571086,Из одного источника,2023-11-22,2023-11-28,6,3,Поставщик_0462,246269807693,268009.4,Завершен,False
404272,Канцелярские товары,Заказчик_0153,051929549841,Из одного источника,2024-01-17,2024-01-30,13,2,Поставщик_0436,051841154098,308234.13,Завершен,False
404273,Продукты питания,Заказчик_0024,420762754008,Запрос ценовых предложений,2024-11-14,2024-11-26,12,4,Поставщик_0034,830235629044,466298.27,Завершен,False
404274,IT-услуги,Заказчик_0140,572961937397,Электронный аукцион,2024-04-02,2024-04-12,10,4,Поставщик_0405,385456565010,4502867.74,Итоги подведены,False
404275,Продукты питания,Заказчик_0191,742687446267,Электронный аукцион,2024-12-30,2025-01-09,10,1,Поставщик_0763,112102572520,454028.35,Завершен,False
404276,IT-услуги,Заказчик_0077,634570271159,Из одного источника,2023-05-19,2023-05-26,7,3,Поставщик_0458,517244360141,5308596.58,Итоги подведены,False
404277,Клининг,Заказчик_0146,531933776661,Запрос ценовых предложений,2023-11-07,2023-11-12,5,1,Поставщик_0299,615581038112,960676.45,Завершен,True
404278,Транспортные услуги,Заказчик_0157,319262117645,Электронный аукцион,2024-07-19,2024-07-30,11,3,Поставщик_0286,363568431712,1140668.71,Опубликован,False
404279,Ремонт зданий,Заказчик_0014,219547810444,Из одного источника по несостоявшимся закупкам,2024-08-06,2024-08-18,12,3,Поставщик_0631,089058953061,5430318.85,Завершен,False
404280,Мебель,Заказчик_0050,074766470263,Электронный аукцион,2024-01-10,2024-01-14,4,3,Поставщик_0424,046057654433,1006593.78,Завершен,False
404281,Транспортные услуги,Заказчик_0163,155720026558,Из одного источника,2025-01-20,2025-01-29,9,5,Поставщик_0110,399352983840,1165780.67,Опубликован,False
404282,Транспортные услуги,Заказчик_0192,709445965738,Электронный аукцион,2024-03-22,2024-04-02,11,3,Поставщик_0252,001422100968,1173057.42,Итоги подведены,False
404283,Ремонт зданий,Заказчик_0111,446242745384,Из одного источника,2023-08-25,2023-09-02,8,7,Поставщик_0307,993157250502,5522921.08,Завершен,False
404284,Охранные услуги,Заказчик_0054,441094840601,Запрос ценовых предложений,2023-05-22,2023-06-08,17,6,Поставщик_0239,398196100744,2179248.33,Завершен,False
404285,Клининг,Заказчик_0014,219547810444,Запрос ценовых предложений,2023-03-05,2023-03-20,15,2,Поставщик_0728,624041259320,735352.62,Завершен,False
404286,Клининг,Заказчик_0146,531933776661,Открытый конкурс,2024-02-11,2024-02-16,5,1,Поставщик_0299,615581038112,886148.26,Завершен,True
404287,Стройматериалы,Заказчик_0141,155013446536,Открытый конкурс,2025-06-18,2025-06-28,10,7,Поставщик_0555,891389365286,3055363.46,Итоги подведены,False
404288,IT-услуги,Заказчик_0189,913923992645,Электронный аукцион,2023-07-21,2023-07-29,8,2,Поставщик_0092,424848414614,5034658.37,Завершен,False
404289,Клининг,Заказчик_0128,840683305887,Открытый конкурс,2023-02-27,2023-03-16,17,2,Поставщик_0455,161205892073,749032.62,Завершен,False
404290,IT-услуги,Заказчик_0090,423440463190,Открытый конкурс,2023-02-14,2023-03-06,20,1,Поставщик_0412,606523072560,4771969.75,Завершен,False
404291,Мебель,Заказчик_0054,441094840601,Электронный аукцион,2023-12-15,2023-12-29,14,4,Поставщик_0404,637243297218,935415.36,Завершен,False
404292,Транспортные услуги,Заказчик_0014,219547810444,Открытый конкурс,2023-01-12,2023-01-27,15,1,Поставщик_0046,697251361799,1234288.5,Завершен,False
404293,Мебель,Заказчик_0165,105707422805,Запрос ценовых предложений,2023-11-19,2023-11-24,5,1,Поставщик_0645,945551379107,1310385.14,Завершен,True
404294,Мебель,Заказчик_0163,155720026558,Открытый конкурс,2023-01-20,2023-02-01,12,3,Поставщик_0227,652331722063,1033387.09,Завершен,False
404295,Канцелярские товары,Заказчик_0091,800785553136,Открытый конкурс,2023-05-28,2023-06-11,14,4,Поставщик_0415,349738713330,308468.61,Завершен,False
404296,Медицинское оборудование,Заказчик_0028,284372013892,Открытый конкурс,2024-05-16,2024-05-24,8,2,Поставщик_0104,693993502678,8582794.01,Завершен,False
404297,Ремонт зданий,Заказчик_0008,959807652614,Из одного источника по несостоявшимся закупкам,2024-06-07,2024-06-23,16,3,Поставщик_0516,563223430007,6364966.93,Завершен,False
404298,Продукты питания,Заказчик_0133,355191676858,Электронный аукцион,2025-05-11,2025-05-14,3,1,Поставщик_0422,801971335920,689577.02,Итоги подведены,True
404299,Ремонт зданий,Заказчик_0159,055513512505,Открытый конкурс,2024-04-06,2024-04-21,15,1,Поставщик_0437,124746955620,5164902.23,Опубликован,False
404300,IT-услуги,Заказчик_0150,560471705949,Из одного источника по несостоявшимся закупкам,2023-02-02,2023-02-24,22,3,Поставщик_0217,416790061879,4408481.53,Завершен,False
404301,IT-услуги,Заказчик_0112,839942359881,Открытый конкурс,2024-11-17,2024-11-20,3,1,Поставщик_0336,874088944878,6308274.07,Итоги подведены,True
404302,Стройматериалы,Заказчик_0168,413748378959,Запрос ценовых предложений,2025-05-11,2025-05-23,12,1,Поставщик_0083,252720429306,2679742.36,Завершен,False
404303,Медицинское оборудование,Заказчик_0045,891036937066,Открытый конкурс,2024-08-04,2024-08-23,19,2,Поставщик_0346,339552598135,7295032.8,Опубликован,False
404304,Канцелярские товары,Заказчик_0186,053323099951,Запрос ценовых предложений,2024-11-05,2024-11-15,10,2,Поставщик_0696,543034672599,257576.8,Завершен,False
404305,Транспортные услуги,Заказчик_0089,395460786772,Запрос ценовых предложений,2025-01-11,2025-01-27,16,4,Поставщик_0418,020226279372,1115950.69,Итоги подведены,False
404306,Стройматериалы,Заказчик_0163,155720026558,Запрос ценовых предложений,2024-02-21,2024-02-22,1,2,Поставщик_0654,255547850454,2701927.19,Опубликован,False
404307,IT-услуги,Заказчик_0031,763063387334,Электронный аукцион,2024-10-31,2024-11-05,5,3,Поставщик_0616,670217426833,4694022.47,Завершен,False
404308,Канцелярские товары,Заказчик_0095,724337750016,Открытый конкурс,2025-03-12,2025-03-19,7,1,Поставщик_0556,667280821303,280845.75,Завершен,False
404309,Ремонт зданий,Заказчик_0000,602276804025,Открытый конкурс,2023-03-01,2023-03-15,14,3,Поставщик_0228,414610415586,6158334.12,Завершен,False
404310,Транспортные услуги,Заказчик_0191,742687446267,Открытый конкурс,2024-09-10,2024-09-20,10,4,Поставщик_0026,859743472035,1215911.51,Завершен,False
404311,Транспортные услуги,Заказчик_0123,706853063646,Открытый конкурс,2024-06-10,2024-06-17,7,8,Поставщик_0531,201609917372,1299830.19,Опубликован,False
404312,Продукты питания,Заказчик_0017,424039274499,Открытый конкурс,2023-07-07,2023-07-18,11,1,Поставщик_0301,886366058053,456703.52,Итоги подведены,False
404313,Охранные услуги,Заказчик_0024,420762754008,Из одного источника,2024-07-27,2024-08-06,10,7,Поставщик_0094,245646717238,2041913.72,Итоги подведены,False
404314,Клининг,Заказчик_0014,219547810444,Электронный аукцион,2024-12-20,2024-12-30,10,6,Поставщик_0669,806013962187,598012.77,Итоги подведены,False
404315,Мебель,Заказчик_0075,929625670649,Запрос ценовых предложений,2023-05-20,2023-05-24,4,2,Поставщик_0789,185832953116,886207.22,Завершен,False
404316,Канцелярские товары,Заказчик_0102,747749566861,Запрос ценовых предложений,2023-06-25,2023-07-04,9,2,Поставщик_0037,041583061212,320211.96,Итоги подведены,False
404317,Транспортные услуги,Заказчик_0030,736535270957,Запрос ценовых предложений,2024-07-18,2024-07-22,4,3,Поставщик_0687,475324296563,1066922.32,Итоги подведены,False
404318,Мебель,Заказчик_0056,936679226110,Из одного источника по несостоявшимся закупкам,2024-11-12,2024-11-25,13,5,Поставщик_0590,939998271903,914136.61,Завершен,False
404319,Охранные услуги,Заказчик_0020,455927236237,Электронный аукцион,2023-11-02,2023-11-10,8,1,Поставщик_0676,607807975653,1887575.0,Завершен,False
404320,Охранные услуги,Заказчик_0001,016525808631,Электронный аукцион,2023-07-25,2023-08-10,16,1,Поставщик_0657,574512230495,1750722.06,Завершен,False
404321,Медицинское оборудование,Заказчик_0152,918199349998,Из одного источника по несостоявшимся закупкам,2023-12-11,2023-12-19,8,2,Поставщик_0724,642962887540,7927745.88,Завершен,False
404322,Клининг,Заказчик_0183,379370294394,Из одного источника,2023-12-16,2023-12-29,13,2,Поставщик_0374,844728350373,634157.39,Опубликован,False
404323,Стройматериалы,Заказчик_0153,051929549841,Электронный аукцион,2023-05-22,2023-06-01,10,8,Поставщик_0157,012322624835,2947763.02,Отменен,False
404324,Канцелярские товары,Заказчик_0053,105295618485,Из одного источника по несостоявшимся закупкам,2023-03-26,2023-04-09,14,3,Поставщик_0076,602717470664,302458.77,Итоги подведены,False
404325,IT-услуги,Заказчик_0147,252922273397,Электронный аукцион,2024-08-04,2024-08-16,12,4,Поставщик_0138,786746124356,4859832.82,Опубликован,False
404326,IT-услуги,Заказчик_0010,757503098830,Запрос ценовых предложений,2023-01-13,2023-01-23,10,3,Поставщик_0218,435602273530,4809873.17,Завершен,False
404327,Стройматериалы,Заказчик_0120,174668074201,Электронный аукцион,2024-12-09,2024-12-26,17,6,Поставщик_0534,881111936199,2692291.9,Завершен,False
404328,Ремонт зданий,Заказчик_0039,704542495687,Запрос ценовых предложений,2023-04-20,2023-05-03,13,3,Поставщик_0261,540535849007,5686770.47,Завершен,False
404329,Ремонт зданий,Заказчик_0102,747749566861,Открытый конкурс,2024-02-02,2024-02-06,4,1,Поставщик_0746,277946131833,7867292.56,Итоги подведены,True
404330,Медицинское оборудование,Заказчик_0106,132435760062,Из одного источника по несостоявшимся закупкам,2023-03-29,2023-04-12,14,2,Поставщик_0758,294831337443,8117593.95,Завершен,False
404331,Продукты питания,Заказчик_0166,287356331623,Открытый конкурс,2023-04-12,2023-04-25,13,3,Поставщик_0060,512534346021,527142.94,Отменен,False
404332,Мебель,Заказчик_0094,217330854160,Из одного источника,2025-01-19,2025-02-08,20,3,Поставщик_0439,477268128749,1039796.77,Завершен,False
404333,Стройматериалы,Заказчик_0043,200593676791,Открытый конкурс,2023-12-28,2024-01-08,11,4,Поставщик_0567,642698981664,3153362.38,Завершен,False
404334,Стройматериалы,Заказчик_0138,309592304864,Открытый конкурс,2024-12-16,2024-12-26,10,1,Поставщик_0124,688615419697,2591925.12,Завершен,False
404335,Медицинское оборудование,Заказчик_0171,919426295735,Запрос ценовых предложений,2023-10-12,2023-10-19,7,3,Поставщик_0798,182456177583,7890011.37,Завершен,False
404336,Мебель,Заказчик_0155,850611322279,Из одного источника,2023-04-26,2023-05-06,10,1,Поставщик_0200,591387784449,1064371.66,Опубликован,False
404337,Транспортные услуги,Заказчик_0091,800785553136,Запрос ценовых предложений,2025-05-17,2025-05-24,7,3,Поставщик_0763,112102572520,1118120.87,Завершен,False
404338,Охранные услуги,Заказчик_0148,216398982273,Запрос ценовых предложений,2024-05-27,2024-06-12,16,2,Поставщик_0138,786746124356,1908879.85,Опубликован,False
404339,Медицинское оборудование,Заказчик_0056,936679226110,Открытый конкурс,2025-04-25,2025-05-19,24,1,Поставщик_0291,467915348400,7543710.23,Итоги подведены,False
404340,Транспортные услуги,Заказчик_0153,051929549841,Электронный аукцион,2025-02-06,2025-02-12,6,1,Поставщик_0673,431677484422,1026005.61,Завершен,False
404341,Мебель,Заказчик_0026,217846198988,Из одного источника по несостоявшимся закупкам,2023-12-21,2023-12-29,8,4,Поставщик_0596,872810642904,921903.23,Итоги подведены,False
404342,Стройматериалы,Заказчик_0146,531933776661,Из одного источника по несостоявшимся закупкам,2023-02-20,2023-03-01,9,2,Поставщик_0049,210379843514,3143787.67,Отменен,False
404343,Транспортные услуги,Заказчик_0007,329500167403,Электронный аукцион,2024-01-02,2024-01-10,8,5,Поставщик_0091,618880429026,1096346.14,Опубликован,False
404344,Продукты питания,Заказчик_0055,539176725448,Из одного источника по несостоявшимся закупкам,2025-01-25,2025-02-04,10,2,Поставщик_0006,761122032537,507456.25,Завершен,False
404345,Ремонт зданий,Заказчик_0070,366888337780,Из одного источника по несостоявшимся закупкам,2025-05-14,2025-05-24,10,6,Поставщик_0705,917107113218,5168026.1,Итоги подведены,False
404346,Продукты питания,Заказчик_0064,196215509941,Открытый конкурс,2023-01-20,2023-01-26,6,4,Поставщик_0416,560588412973,519889.84,Итоги подведены,False
404347,Клининг,Заказчик_0179,703500144758,Открытый конкурс,2023-09-25,2023-10-04,9,3,Поставщик_0625,479872818740,676771.17,Завершен,False
404348,Стройматериалы,Заказчик_0065,847528925395,Открытый конкурс,2024-07-10,2024-07-19,9,4,Поставщик_0793,809281791467,3174626.41,Завершен,False
404349,Канцелярские товары,Заказчик_0069,588454746149,Электронный аукцион,2023-07-10,2023-07-21,11,5,Поставщик_0333,698937809686,263950.64,Завершен,False
404350,Мебель,Заказчик_0090,423440463190,Открытый конкурс,2023-07-19,2023-07-29,10,3,Поставщик_0413,378639743115,1076323.53,Опубликован,False
404351,Транспортные услуги,Заказчик_0128,840683305887,Открытый конкурс,2024-06-25,2024-06-28,3,2,Поставщик_0134,530528735776,1086041.29,Завершен,False
404352,Охранные услуги,Заказчик_0067,415355431652,Электронный аукцион,2024-07-23,2024-08-11,19,2,Поставщик_0442,406737830193,1817583.85,Завершен,False
404353,Канцелярские товары,Заказчик_0175,560089674827,Запрос ценовых предложений,2025-04-01,2025-04-18,17,3,Поставщик_0559,063934408962,295785.48,Итоги подведены,False
404354,Транспортные услуги,Заказчик_0146,531933776661,Запрос ценовых предложений,2025-02-15,2025-02-21,6,1,Поставщик_0299,615581038112,1462883.7,Завершен,True
404355,IT-услуги,Заказчик_0020,455927236237,Электронный аукцион,2023-02-25,2023-03-03,6,5,Поставщик_0681,264209549520,5103256.76,Завершен,False
404356,Продукты питания,Заказчик_0074,356428134255,Запрос ценовых предложений,2023-04-13,2023-04-27,14,2,Поставщик_0465,980065671371,453647.27,Итоги подведены,False
404357,Охранные услуги,Заказчик_0110,880371318781,Открытый конкурс,2025-05-14,2025-05-20,6,3,Поставщик_0195,390385154902,2024872.29,Завершен,False
404358,Клининг,Заказчик_0073,291422089614,Электронный аукцион,2024-09-02,2024-09-17,15,1,Поставщик_0770,467538817210,711463.45,Завершен,False
404359,Стройматериалы,Заказчик_0153,051929549841,Из одного источника по несостоявшимся закупкам,2023-02-14,2023-02-19,5,3,Поставщик_0199,883751991993,3248945.37,Опубликован,False
404360,Ремонт зданий,Заказчик_0073,291422089614,Электронный аукцион,2025-05-20,2025-05-26,6,1,Поставщик_0537,774059209133,5162097.46,Отменен,False
404361,Ремонт зданий,Заказчик_0031,763063387334,Электронный аукцион,2024-06-05,2024-06-19,14,3,Поставщик_0300,493259571075,6349851.59,Завершен,False
404362,Ремонт зданий,Заказчик_0132,113739882651,Электронный аукцион,2023-05-28,2023-06-06,9,3,Поставщик_0014,068941037138,5916542.93,Завершен,False
404363,Ремонт зданий,Заказчик_0033,456442497105,Запрос ценовых предложений,2024-10-04,2024-10-17,13,3,Поставщик_0456,721224627093,5145940.81,Отменен,False
404364,Стройматериалы,Заказчик_0030,736535270957,Из одного источника по несостоявшимся закупкам,2023-10-15,2023-10-24,9,5,Поставщик_0396,428296257340,2680371.88,Завершен,False
404365,Клининг,Заказчик_0102,747749566861,Электронный аукцион,2024-07-16,2024-07-24,8,5,Поставщик_0315,693616007772,686748.58,Завершен,False
404366,Медицинское оборудование,Заказчик_0069,588454746149,Из одного источника по несостоявшимся закупкам,2024-04-13,2024-04-23,10,2,Поставщик_0409,940213604856,7266549.29,Итоги подведены,False
404367,Мебель,Заказчик_0161,030990904779,Из одного источника,2024-11-09,2024-11-23,14,3,Поставщик_0691,853642560172,959083.43,Завершен,False
404368,Продукты питания,Заказчик_0031,763063387334,Электронный аукцион,2023-04-23,2023-05-20,27,2,Поставщик_0387,393471508828,428528.65,Завершен,False
404369,Охранные услуги,Заказчик_0190,238315556594,Электронный аукцион,2024-11-08,2024-11-10,2,1,Поставщик_0580,935274531168,2825600.93,Опубликован,True
404370,Стройматериалы,Заказчик_0093,375889866098,Из одного источника по несостоявшимся закупкам,2024-07-27,2024-08-15,19,1,Поставщик_0509,232418148134,3213073.65,Отменен,False
404371,Канцелярские товары,Заказчик_0022,876960826911,Запрос ценовых предложений,2023-12-28,2024-01-22,25,5,Поставщик_0151,625246342738,286046.14,Завершен,False
404372,IT-услуги,Заказчик_0045,891036937066,Из одного источника,2024-12-24,2024-12-30,6,3,Поставщик_0348,238397186701,4757110.94,Завершен,False
404373,Ремонт зданий,Заказчик_0008,959807652614,Открытый конкурс,2024-03-12,2024-03-18,6,5,Поставщик_0328,112845460112,5794908.0,Итоги подведены,False
404374,Клининг,Заказчик_0158,456227804705,Электронный аукцион,2024-09-29,2024-10-09,10,6,Поставщик_0399,507533115246,756825.03,Итоги подведены,False
404375,Охранные услуги,Заказчик_0046,178619734353,Открытый конкурс,2023-06-11,2023-06-21,10,4,Поставщик_0057,866171998149,2102517.01,Завершен,False
404376,Медицинское оборудование,Заказчик_0002,930086875935,Запрос ценовых предложений,2023-10-02,2023-10-15,13,5,Поставщик_0749,263030557890,7919707.8,Итоги подведены,False
404377,Транспортные услуги,Заказчик_0050,074766470263,Из одного источника по несостоявшимся закупкам,2024-12-12,2024-12-21,9,2,Поставщик_0192,880614025252,1198983.58,Итоги подведены,False
404378,Клининг,Заказчик_0069,588454746149,Электронный аукцион,2025-03-11,2025-03-27,16,1,Поставщик_0423,615730788982,691454.94,Опубликован,False
404379,Мебель,Заказчик_0159,055513512505,Открытый конкурс,2025-02-26,2025-03-11,13,4,Поставщик_0679,761720077408,909601.54,Завершен,False
404380,Медицинское оборудование,Заказчик_0032,421496963502,Запрос ценовых предложений,2025-05-11,2025-05-20,9,4,Поставщик_0728,624041259320,8745137.3,Завершен,False
404381,Мебель,Заказчик_0021,049902298831,Из одного источника по несостоявшимся закупкам,2024-09-01,2024-09-15,14,4,Поставщик_0592,415569372220,1036810.59,Завершен,False
404382,IT-услуги,Заказчик_0190,238315556594,Открытый конкурс,2024-12-10,2024-12-12,2,1,Поставщик_0580,935274531168,6578513.77,Итоги подведены,True
404383,Стройматериалы,Заказчик_0071,069974068469,Из одного источника по несостоявшимся закупкам,2023-09-07,2023-09-18,11,2,Поставщик_0551,195769373384,2729784.5,Итоги подведены,False
404384,Охранные услуги,Заказчик_0131,463876194901,Открытый конкурс,2024-05-05,2024-05-18,13,4,Поставщик_0711,363987954794,1783784.95,Итоги подведены,False
404385,Канцелярские товары,Заказчик_0174,628964171749,Из одного источника по несостоявшимся закупкам,2023-08-24,2023-09-05,12,3,Поставщик_0476,706897663773,313331.97,Итоги подведены,False
404386,Охранные услуги,Заказчик_0151,841936905579,Из одного источника по несостоявшимся закупкам,2024-12-04,2024-12-06,2,3,Поставщик_0154,360846433592,1861725.8,Завершен,False
404387,IT-услуги,Заказчик_0011,890407714528,Из одного источника по несостоявшимся закупкам,2023-03-19,2023-04-04,16,4,Поставщик_0098,571368539972,5217192.07,Итоги подведены,False
404388,Ремонт зданий,Заказчик_0135,486200442637,Открытый конкурс,2024-10-24,2024-11-05,12,2,Поставщик_0094,245646717238,6219548.07,Завершен,False
404389,Мебель,Заказчик_0144,516681609103,Из одного источника по несостоявшимся закупкам,2023-06-04,2023-06-10,6,3,Поставщик_0763,112102572520,1048598.1,Завершен,False
404390,Клининг,Заказчик_0027,073988827188,Запрос ценовых предложений,2023-06-06,2023-06-18,12,2,Поставщик_0043,843402250921,701333.09,Итоги подведены,False
404391,Мебель,Заказчик_0098,137588080098,Открытый конкурс,2023-09-29,2023-09-30,1,3,Поставщик_0318,666548534963,989856.32,Завершен,False
404392,Ремонт зданий,Заказчик_0088,446490060265,Из одного источника,2025-03-11,2025-03-12,1,1,Поставщик_0024,820750434532,8680940.4,Завершен,True
404393,Ремонт зданий,Заказчик_0055,539176725448,Запрос ценовых предложений,2024-03-22,2024-04-03,12,3,Поставщик_0370,008318800461,5784338.52,Завершен,False
404394,Охранные услуги,Заказчик_0072,072315571086,Из одного источника по несостоявшимся закупкам,2024-03-22,2024-03-23,1,5,Поставщик_0355,761448361685,1918118.05,Итоги подведены,False
404395,Ремонт зданий,Заказчик_0054,441094840601,Из одного источника по несостоявшимся закупкам,2025-05-26,2025-06-09,14,2,Поставщик_0307,993157250502,5534095.01,Завершен,False
404396,Клининг,Заказчик_0036,195028486959,Открытый конкурс,2025-06-10,2025-06-15,5,5,Поставщик_0775,848398483906,769009.11,Отменен,False
404397,Медицинское оборудование,Заказчик_0080,658912085920,Электронный аукцион,2025-02-27,2025-03-07,8,1,Поставщик_0765,367270143405,7047707.87,Завершен,False
404398,Транспортные услуги,Заказчик_0051,545473722111,Электронный аукцион,2023-03-20,2023-03-31,11,6,Поставщик_0069,836621096827,1061635.06,Итоги подведены,False
404399,Клининг,Заказчик_0173,212954133846,Запрос ценовых предложений,2025-05-01,2025-05-21,20,2,Поставщик_0191,410813781099,714919.64,Завершен,False
404400,Транспортные услуги,Заказчик_0011,890407714528,Из одного источника,2023-10-28,2023-11-06,9,4,Поставщик_0257,169627955944,1147677.56,Завершен,False
404401,Канцелярские товары,Заказчик_0141,155013446536,Запрос ценовых предложений,2025-03-15,2025-03-26,11,3,Поставщик_0191,410813781099,300876.19,Завершен,False
404402,Охранные услуги,Заказчик_0040,303789475622,Открытый конкурс,2024-05-23,2024-06-02,10,5,Поставщик_0268,601496730215,1941170.93,Завершен,False
404403,Охранные услуги,Заказчик_0111,446242745384,Электронный аукцион,2023-12-10,2023-12-16,6,2,Поставщик_0387,393471508828,2066456.36,Итоги подведены,False
404404,Клининг,Заказчик_0032,421496963502,Электронный аукцион,2025-03-10,2025-04-03,24,4,Поставщик_0507,968046436330,713791.21,Завершен,False
404405,Клининг,Заказчик_0114,492430052930,Открытый конкурс,2024-10-20,2024-11-01,12,3,Поставщик_0681,264209549520,678160.27,Завершен,False
404406,Охранные услуги,Заказчик_0080,658912085920,Открытый конкурс,2023-08-07,2023-08-18,11,3,Поставщик_0700,814806005916,2005517.32,Итоги подведены,False
404407,Канцелярские товары,Заказчик_0183,379370294394,Из одного источника,2023-01-24,2023-01-25,1,1,Поставщик_0221,526783920968,410107.92,Завершен,True
404408,Стройматериалы,Заказчик_0095,724337750016,Из одного источника по несостоявшимся закупкам,2024-09-18,2024-10-06,18,2,Поставщик_0726,926884112358,2780132.11,Завершен,False
404409,Медицинское оборудование,Заказчик_0024,420762754008,Запрос ценовых предложений,2025-01-30,2025-02-12,13,2,Поставщик_0035,724810891836,8534509.81,Завершен,False
404410,IT-услуги,Заказчик_0182,383719759048,Из одного источника по несостоявшимся закупкам,2023-06-01,2023-06-06,5,2,Поставщик_0084,986105712292,4921914.22,Завершен,False
404411,IT-услуги,Заказчик_0056,936679226110,Открытый конкурс,2025-04-15,2025-04-26,11,4,Поставщик_0124,688615419697,5012308.43,Опубликован,False
404412,Ремонт зданий,Заказчик_0020,455927236237,Открытый конкурс,2024-02-25,2024-03-16,20,4,Поставщик_0293,369931833239,5172775.78,Завершен,False
404413,Мебель,Заказчик_0152,918199349998,Электронный аукцион,2024-09-05,2024-09-14,9,3,Поставщик_0313,187275276446,920832.7,Завершен,False
404414,Охранные услуги,Заказчик_0079,987998370546,Открытый конкурс,2024-02-26,2024-03-09,12,4,Поставщик_0209,353759337956,1702219.52,Завершен,False
404415,Мебель,Заказчик_0156,370660134587,Из одного источника по несостоявшимся закупкам,2024-01-23,2024-02-02,10,1,Поставщик_0099,994147727879,1070104.15,Итоги подведены,False
404416,Транспортные услуги,Заказчик_0058,694569801375,Открытый конкурс,2023-08-14,2023-08-19,5,5,Поставщик_0248,462736711337,1197692.24,Итоги подведены,False
404417,Мебель,Заказчик_0115,986712861740,Открытый конкурс,2025-04-17,2025-04-23,6,3,Поставщик_0442,406737830193,952442.41,Итоги подведены,False
404418,Охранные услуги,Заказчик_0007,329500167403,Открытый конкурс,2024-12-31,2025-01-06,6,3,Поставщик_0768,424876063568,1998571.73,Опубликован,False
404419,Канцелярские товары,Заказчик_0162,649389366563,Электронный аукцион,2025-02-10,2025-02-19,9,2,Поставщик_0301,886366058053,271125.5,Завершен,False
404420,Мебель,Заказчик_0127,352249294184,Электронный аукцион,2024-01-24,2024-02-09,16,2,Поставщик_0728,624041259320,1024050.09,Завершен,False
404421,Транспортные услуги,Заказчик_0141,155013446536,Запрос ценовых предложений,2023-03-13,2023-03-14,1,1,Поставщик_0641,238196641402,1050722.18,Опубликован,False
404422,Клининг,Заказчик_0134,006567464629,Электронный аукцион,2025-02-04,2025-02-12,8,2,Поставщик_0487,636767862631,617212.38,Завершен,False
404423,Продукты питания,Заказчик_0181,093957730128,Из одного источника,2024-09-01,2024-09-10,9,4,Поставщик_0133,607514168876,525208.15,Завершен,False
404424,Мебель,Заказчик_0151,841936905579,Открытый конкурс,2024-10-30,2024-11-11,12,2,Поставщик_0621,686099472938,1003949.39,Завершен,False
404425,Охранные услуги,Заказчик_0111,446242745384,Из одного источника,2023-07-08,2023-07-22,14,3,Поставщик_0224,975718896174,2050530.08,Завершен,False
404426,Охранные услуги,Заказчик_0073,291422089614,Запрос ценовых предложений,2023-09-13,2023-09-25,12,3,Поставщик_0046,697251361799,1983983.98,Отменен,False
404427,Канцелярские товары,Заказчик_0054,441094840601,Открытый конкурс,2024-02-03,2024-02-19,16,3,Поставщик_0171,074530106996,288887.35,Завершен,False
404428,Мебель,Заказчик_0082,679471404490,Открытый конкурс,2023-10-05,2023-10-21,16,4,Поставщик_0041,628909287388,880375.84,Итоги подведены,False
404429,Охранные услуги,Заказчик_0003,868570220212,Открытый конкурс,2023-12-03,2023-12-26,23,1,Поставщик_0211,624850825440,1746668.54,Завершен,False
404430,IT-услуги,Заказчик_0187,313404440226,Из одного источника,2023-12-23,2024-01-02,10,1,Поставщик_0755,943941043946,4784584.78,Итоги подведены,False
404431,Клининг,Заказчик_0055,539176725448,Из одного источника по несостоявшимся закупкам,2024-10-09,2024-10-16,7,3,Поставщик_0568,479045024243,683810.38,Завершен,False
404432,Охранные услуги,Заказчик_0120,174668074201,Запрос ценовых предложений,2024-08-09,2024-08-15,6,3,Поставщик_0508,813140511416,2003549.27,Завершен,False
404433,Охранные услуги,Заказчик_0004,633229661713,Открытый конкурс,2024-08-08,2024-08-17,9,3,Поставщик_0394,416300334338,1736987.67,Завершен,False
404434,Транспортные услуги,Заказчик_0102,747749566861,Открытый конкурс,2023-08-15,2023-08-22,7,1,Поставщик_0746,277946131833,1529939.41,Завершен,True
404435,Медицинское оборудование,Заказчик_0041,403641416035,Из одного источника по несостоявшимся закупкам,2024-08-13,2024-08-25,12,5,Поставщик_0562,307506639977,7621838.33,Итоги подведены,False
404436,Стройматериалы,Заказчик_0046,178619734353,Из одного источника по несостоявшимся закупкам,2023-12-15,2023-12-19,4,3,Поставщик_0660,885690734448,2785297.53,Завершен,False
404437,Стройматериалы,Заказчик_0148,216398982273,Из одного источника по несостоявшимся закупкам,2024-11-13,2024-11-20,7,1,Поставщик_0217,416790061879,2831583.18,Итоги подведены,False
404438,Клининг,Заказчик_0106,132435760062,Из одного источника по несостоявшимся закупкам,2024-04-30,2024-05-08,8,4,Поставщик_0550,582148078867,685579.68,Завершен,False
404439,Клининг,Заказчик_0066,882749582259,Из одного источника по несостоявшимся закупкам,2025-01-01,2025-01-12,11,3,Поставщик_0136,106633162843,617496.52,Завершен,False
404440,Канцелярские товары,Заказчик_0153,051929549841,Открытый конкурс,2025-04-15,2025-04-25,10,3,Поставщик_0011,543600741840,273743.06,Итоги подведены,False
404441,Транспортные услуги,Заказчик_0164,232971847802,Запрос ценовых предложений,2023-01-14,2023-01-22,8,1,Поставщик_0441,249590173425,1066513.38,Завершен,False
404442,Продукты питания,Заказчик_0102,747749566861,Электронный аукцион,2024-09-20,2024-10-04,14,5,Поставщик_0033,459232116860,546646.86,Итоги подведены,False
404443,Клининг,Заказчик_0090,423440463190,Из одного источника,2024-05-27,2024-06-04,8,5,Поставщик_0096,934771498574,767420.28,Завершен,False
404444,IT-услуги,Заказчик_0167,098964499673,Из одного источника,2023-03-28,2023-04-21,24,2,Поставщик_0210,181743746112,5120482.24,Отменен,False
404445,Клининг,Заказчик_0186,053323099951,Открытый конкурс,2023-02-20,2023-02-23,3,4,Поставщик_0575,527776296651,636005.48,Опубликован,False
404446,Клининг,Заказчик_0168,413748378959,Электронный аукцион,2023-03-25,2023-04-06,12,4,Поставщик_0443,740529188101,765266.34,Завершен,False
404447,Медицинское оборудование,Заказчик_0066,882749582259,Открытый конкурс,2025-04-21,2025-04-27,6,4,Поставщик_0029,042388906871,8178238.52,Итоги подведены,False
404448,Канцелярские товары,Заказчик_0119,207376773058,Запрос ценовых предложений,2023-12-01,2023-12-16,15,6,Поставщик_0090,570623638590,261597.77,Завершен,False
404449,Продукты питания,Заказчик_0078,598284873191,Запрос ценовых предложений,2023-08-20,2023-09-05,16,4,Поставщик_0743,060842224765,491081.05,Итоги подведены,False
404450,Ремонт зданий,Заказчик_0064,196215509941,Запрос ценовых предложений,2023-08-12,2023-08-26,14,5,Поставщик_0541,928019730937,5520155.56,Опубликован,False
404451,Ремонт зданий,Заказчик_0186,053323099951,Электронный аукцион,2024-02-11,2024-02-22,11,2,Поставщик_0358,198520001406,5674580.71,Итоги подведены,False
404452,Клининг,Заказчик_0160,845404873875,Запрос ценовых предложений,2024-10-04,2024-10-09,5,1,Поставщик_0467,681232354610,813734.98,Завершен,True
404453,Стройматериалы,Заказчик_0159,055513512505,Открытый конкурс,2024-04-30,2024-05-09,9,3,Поставщик_0587,992848906008,2777098.65,Итоги подведены,False
404454,Стройматериалы,Заказчик_0053,105295618485,Из одного источника по несостоявшимся закупкам,2023-06-25,2023-07-16,21,5,Поставщик_0419,193001215700,3085482.31,Завершен,False
404455,Ремонт зданий,Заказчик_0086,600723107574,Запрос ценовых предложений,2025-03-09,2025-03-17,8,1,Поставщик_0181,194339337476,5212019.82,Завершен,False
404456,Охранные услуги,Заказчик_0109,331294210817,Электронный аукцион,2024-05-12,2024-05-21,9,1,Поставщик_0487,636767862631,1773793.6,Завершен,False
404457,Мебель,Заказчик_0053,105295618485,Электронный аукцион,2023-09-10,2023-09-26,16,3,Поставщик_0572,516919540856,943730.82,Завершен,False
404458,Канцелярские товары,Заказчик_0198,615372780181,Электронный аукцион,2025-02-19,2025-03-04,13,4,Поставщик_0497,633282039319,260546.55,Завершен,False
404459,Мебель,Заказчик_0018,571295570558,Запрос ценовых предложений,2023-06-05,2023-06-13,8,5,Поставщик_0225,750965040563,1028596.18,Итоги подведены,False
404460,Клининг,Заказчик_0006,836394225258,Из одного источника,2023-05-07,2023-05-19,12,1,Поставщик_0668,657739497386,604717.67,Завершен,False
404461,IT-услуги,Заказчик_0045,891036937066,Электронный аукцион,2024-08-22,2024-09-08,17,2,Поставщик_0503,457459864697,4720288.03,Итоги подведены,False
404462,Канцелярские товары,Заказчик_0051,545473722111,Запрос ценовых предложений,2023-06-14,2023-06-26,12,3,Поставщик_0013,133626704126,265285.69,Завершен,False
404463,Охранные услуги,Заказчик_0103,043205340808,Открытый конкурс,2024-12-06,2024-12-18,12,2,Поставщик_0028,253645471972,1964586.7,Опубликован,False
404464,Стройматериалы,Заказчик_0020,455927236237,Открытый конкурс,2024-06-17,2024-06-25,8,7,Поставщик_0108,105450223327,3149588.7,Завершен,False
404465,Клининг,Заказчик_0000,602276804025,Электронный аукцион,2024-01-20,2024-01-21,1,2,Поставщик_0187,330515207345,713996.54,Итоги подведены,False
404466,Ремонт зданий,Заказчик_0064,196215509941,Электронный аукцион,2023-06-10,2023-06-21,11,2,Поставщик_0160,261806834952,6252716.68,Итоги подведены,False
404467,IT-услуги,Заказчик_0149,424259616526,Запрос ценовых предложений,2023-01-22,2023-01-29,7,4,Поставщик_0089,402376755963,4278501.44,Опубликован,False
404468,Клининг,Заказчик_0100,825533331515,Открытый конкурс,2023-04-01,2023-04-18,17,3,Поставщик_0795,993293814586,686632.01,Итоги подведены,False
404469,IT-услуги,Заказчик_0117,419505214624,Запрос ценовых предложений,2024-03-07,2024-03-09,2,1,Поставщик_0101,134564782885,7039354.04,Итоги подведены,True
404470,Мебель,Заказчик_0146,531933776661,Из одного источника,2024-05-10,2024-05-12,2,1,Поставщик_0299,615581038112,1366301.63,Итоги подведены,True
404471,Канцелярские товары,Заказчик_0135,486200442637,Запрос ценовых предложений,2024-12-30,2025-01-01,2,3,Поставщик_0027,918990428350,321245.46,Завершен,False
404472,Мебель,Заказчик_0146,531933776661,Электронный аукцион,2024-01-20,2024-01-23,3,1,Поставщик_0299,615581038112,1303748.96,Завершен,True
404473,Медицинское оборудование,Заказчик_0009,498251982661,Запрос ценовых предложений,2024-06-20,2024-06-24,4,1,Поставщик_0029,042388906871,9464322.84,Опубликован,True
404474,Медицинское оборудование,Заказчик_0194,940255554375,Открытый конкурс,2023-01-15,2023-02-01,17,4,Поставщик_0185,771865953750,7422205.58,Завершен,False
404475,Канцелярские товары,Заказчик_0172,325409489345,Открытый конкурс,2025-01-01,2025-01-13,12,3,Поставщик_0372,944811679801,287528.74,Завершен,False
404476,Ремонт зданий,Заказчик_0145,164798701236,Запрос ценовых предложений,2023-03-08,2023-03-23,15,3,Поставщик_0162,584323088340,6260046.33,Итоги подведены,False
404477,Транспортные услуги,Заказчик_0158,456227804705,Из одного источника,2023-11-22,2023-11-29,7,4,Поставщик_0106,115345152371,1142317.82,Завершен,False
404478,Транспортные услуги,Заказчик_0092,787963526218,Из одного источника,2024-10-30,2024-11-07,8,4,Поставщик_0454,962676334080,1233325.48,Завершен,False
404479,Медицинское оборудование,Заказчик_0196,444633818661,Из одного источника по несостоявшимся закупкам,2024-09-21,2024-09-25,4,3,Поставщик_0478,389500589336,8738757.12,Опубликован,False
404480,Стройматериалы,Заказчик_0174,628964171749,Электронный аукцион,2023-10-19,2023-10-31,12,2,Поставщик_0694,546351533435,2651469.97,Завершен,False
404481,Охранные услуги,Заказчик_0173,212954133846,Электронный аукцион,2023-12-30,2024-01-09,10,1,Поставщик_0640,650976221927,1792773.44,Итоги подведены,False
404482,Ремонт зданий,Заказчик_0001,016525808631,Из одного источника по несостоявшимся закупкам,2023-11-12,2023-12-03,21,5,Поставщик_0600,570574392301,6429030.41,Завершен,False
404483,Транспортные услуги,Заказчик_0104,865457848634,Электронный аукцион,2024-03-22,2024-03-25,3,2,Поставщик_0704,159772307286,1246095.12,Завершен,False
404484,Клининг,Заказчик_0107,769835139635,Из одного источника по несостоявшимся закупкам,2024-04-11,2024-04-16,5,1,Поставщик_0685,775363758901,936457.72,Итоги подведены,True
404485,Транспортные услуги,Заказчик_0172,325409489345,Запрос ценовых предложений,2024-12-18,2024-12-31,13,1,Поставщик_0205,587548095375,1286902.42,Итоги подведены,False
404486,Клининг,Заказчик_0096,626442714264,Из одного источника,2025-03-25,2025-04-07,13,2,Поставщик_0490,845577179815,763306.91,Итоги подведены,False
404487,Мебель,Заказчик_0075,929625670649,Из одного источника по несостоявшимся закупкам,2025-01-16,2025-01-27,11,1,Поставщик_0713,937841018302,888408.53,Итоги подведены,False
404488,Ремонт зданий,Заказчик_0070,366888337780,Открытый конкурс,2025-04-14,2025-04-29,15,1,Поставщик_0508,813140511416,6550334.13,Опубликован,False
404489,Ремонт зданий,Заказчик_0051,545473722111,Открытый конкурс,2023-05-25,2023-06-11,17,3,Поставщик_0405,385456565010,6456259.76,Итоги подведены,False
404490,Ремонт зданий,Заказчик_0195,530149191342,Из одного источника по несостоявшимся закупкам,2025-01-23,2025-02-09,17,1,Поставщик_0608,196632700250,5461495.31,Завершен,False
404491,IT-услуги,Заказчик_0188,511393683388,Электронный аукцион,2023-04-19,2023-04-29,10,2,Поставщик_0455,161205892073,5350072.3,Завершен,False
404492,Ремонт зданий,Заказчик_0098,137588080098,Запрос ценовых предложений,2025-05-28,2025-06-08,11,3,Поставщик_0597,155020674245,6510245.5,Завершен,False
404493,Охранные услуги,Заказчик_0190,238315556594,Открытый конкурс,2024-08-11,2024-08-14,3,1,Поставщик_0580,935274531168,2422925.87,Завершен,True
404494,Канцелярские товары,Заказчик_0070,366888337780,Из одного источника по несостоявшимся закупкам,2024-12-11,2024-12-18,7,4,Поставщик_0258,877509845936,295052.56,Итоги подведены,False
404495,Продукты питания,Заказчик_0183,379370294394,Запрос ценовых предложений,2023-10-31,2023-11-03,3,1,Поставщик_0221,526783920968,682206.47,Итоги подведены,True
404496,Канцелярские товары,Заказчик_0113,268518827291,Электронный аукцион,2024-10-22,2024-10-31,9,5,Поставщик_0614,251552734088,307422.22,Завершен,False
404497,Клининг,Заказчик_0185,103321145403,Открытый конкурс,2023-09-05,2023-09-17,12,3,Поставщик_0765,367270143405,659142.48,Завершен,False
404498,Ремонт зданий,Заказчик_0080,658912085920,Из одного источника по несостоявшимся закупкам,2025-04-19,2025-05-03,14,2,Поставщик_0657,574512230495,5882525.82,Завершен,False
404499,Транспортные услуги,Заказчик_0006,836394225258,Открытый конкурс,2025-05-05,2025-05-15,10,1,Поставщик_0357,426146524941,1300530.0,Завершен,False
404500,Продукты питания,Заказчик_0197,921159241640,Из одного источника,2025-03-15,2025-03-20,5,4,Поставщик_0537,774059209133,445981.5,Опубликован,False
404501,Канцелярские товары,Заказчик_0136,789135342202,Открытый конкурс,2025-04-11,2025-04-16,5,4,Поставщик_0746,277946131833,290832.24,Завершен,False
404502,Ремонт зданий,Заказчик_0148,216398982273,Открытый конкурс,2025-03-29,2025-04-09,11,2,Поставщик_0738,819932824269,6310630.24,Завершен,False
404503,Канцелярские товары,Заказчик_0104,865457848634,Запрос ценовых предложений,2025-03-22,2025-03-30,8,1,Поставщик_0310,750312639452,310721.66,Отменен,False
404504,Клининг,Заказчик_0010,757503098830,Запрос ценовых предложений,2024-09-18,2024-09-23,5,1,Поставщик_0185,771865953750,934556.03,Итоги подведены,True
404505,Охранные услуги,Заказчик_0056,936679226110,Электронный аукцион,2024-06-27,2024-07-03,6,1,Поставщик_0056,845848409759,1841839.68,Отменен,False
404506,IT-услуги,Заказчик_0022,876960826911,Электронный аукцион,2023-07-19,2023-08-06,18,1,Поставщик_0739,795163914900,5177993.99,Итоги подведены,False
404507,Канцелярские товары,Заказчик_0045,891036937066,Из одного источника по несостоявшимся закупкам,2023-09-13,2023-09-25,12,5,Поставщик_0723,303653072007,329637.51,Завершен,False
404508,Продукты питания,Заказчик_0080,658912085920,Открытый конкурс,2024-04-15,2024-04-26,11,3,Поставщик_0755,943941043946,510630.96,Итоги подведены,False
404509,Ремонт зданий,Заказчик_0092,787963526218,Электронный аукцион,2023-10-05,2023-10-20,15,2,Поставщик_0545,195912621758,5671771.33,Завершен,False
404510,Мебель,Заказчик_0110,880371318781,Открытый конкурс,2023-06-02,2023-06-14,12,4,Поставщик_0298,621290755864,1099356.98,Итоги подведены,False
404511,Охранные услуги,Заказчик_0071,069974068469,Запрос ценовых предложений,2024-12-30,2025-01-11,12,6,Поставщик_0272,730783244819,2000259.21,Завершен,False
404512,Ремонт зданий,Заказчик_0110,880371318781,Запрос ценовых предложений,2023-12-27,2024-01-11,15,1,Поставщик_0253,967181685986,5371885.23,Завершен,False
404513,Медицинское оборудование,Заказчик_0124,308392990638,Открытый конкурс,2024-09-06,2024-09-17,11,3,Поставщик_0584,713034785365,8541186.15,Завершен,False
404514,IT-услуги,Заказчик_0028,284372013892,Электронный аукцион,2024-10-22,2024-10-30,8,3,Поставщик_0150,536196460253,5220122.38,Итоги подведены,False
404515,Мебель,Заказчик_0072,072315571086,Из одного источника по несостоявшимся закупкам,2023-03-16,2023-03-28,12,4,Поставщик_0071,924307517257,1014722.11,Опубликован,False
404516,Стройматериалы,Заказчик_0005,965687203229,Открытый конкурс,2023-02-13,2023-02-24,11,2,Поставщик_0500,113707972671,3140655.61,Завершен,False
404517,Охранные услуги,Заказчик_0136,789135342202,Открытый конкурс,2024-12-16,2025-01-01,16,9,Поставщик_0610,291502438649,2154313.88,Завершен,False
404518,Ремонт зданий,Заказчик_0076,276366676869,Из одного источника,2024-05-27,2024-06-09,13,2,Поставщик_0268,601496730215,5858279.95,Завершен,False
404519,Охранные услуги,Заказчик_0121,095952713783,Запрос ценовых предложений,2023-11-20,2023-12-05,15,4,Поставщик_0480,616875391974,2091971.76,Завершен,False
404520,Канцелярские товары,Заказчик_0060,098599620746,Из одного источника по несостоявшимся закупкам,2024-06-06,2024-06-25,19,2,Поставщик_0022,800446377177,322086.12,Завершен,False
404521,IT-услуги,Заказчик_0064,196215509941,Открытый конкурс,2023-08-06,2023-08-16,10,1,Поставщик_0329,861894080689,5162098.56,Завершен,False
404522,Транспортные услуги,Заказчик_0069,588454746149,Запрос ценовых предложений,2024-09-18,2024-09-27,9,1,Поставщик_0484,874116212770,1026585.2,Завершен,False
404523,Канцелярские товары,Заказчик_0087,751590785490,Открытый конкурс,2025-03-25,2025-04-05,11,1,Поставщик_0352,598108649509,327582.15,Завершен,False
404524,Медицинское оборудование,Заказчик_0104,865457848634,Открытый конкурс,2023-12-03,2023-12-20,17,3,Поставщик_0778,818114369237,7541832.04,Завершен,False
404525,Ремонт зданий,Заказчик_0135,486200442637,Электронный аукцион,2023-01-10,2023-01-18,8,6,Поставщик_0443,740529188101,5464117.25,Итоги подведены,False
404526,Продукты питания,Заказчик_0123,706853063646,Открытый конкурс,2024-09-13,2024-09-20,7,3,Поставщик_0716,430475267338,470816.28,Завершен,False
404527,Стройматериалы,Заказчик_0040,303789475622,Запрос ценовых предложений,2024-01-26,2024-02-05,10,4,Поставщик_0244,547497209775,2879320.85,Итоги подведены,False
404528,Ремонт зданий,Заказчик_0024,420762754008,Из одного источника по несостоявшимся закупкам,2023-04-28,2023-05-06,8,3,Поставщик_0583,869301373063,6106182.88,Завершен,False
404529,Канцелярские товары,Заказчик_0125,691670073356,Электронный аукцион,2023-04-19,2023-04-28,9,3,Поставщик_0372,944811679801,282194.2,Завершен,False
404530,Мебель,Заказчик_0133,355191676858,Из одного источника,2025-04-07,2025-04-18,11,4,Поставщик_0104,693993502678,1032443.81,Завершен,False
404531,Канцелярские товары,Заказчик_0063,541376725946,Электронный аукцион,2024-08-01,2024-08-02,1,5,Поставщик_0512,110157263974,299641.24,Завершен,False
404532,Транспортные услуги,Заказчик_0177,290868910115,Электронный аукцион,2024-09-01,2024-09-14,13,2,Поставщик_0011,543600741840,1185923.74,Завершен,False
404533,Стройматериалы,Заказчик_0194,940255554375,Открытый конкурс,2024-04-14,2024-04-29,15,2,Поставщик_0771,687593322342,2974733.6,Завершен,False
404534,Транспортные услуги,Заказчик_0030,736535270957,Из одного источника по несостоявшимся закупкам,2024-06-30,2024-07-11,11,6,Поставщик_0437,124746955620,1095613.12,Завершен,False
404535,Охранные услуги,Заказчик_0009,498251982661,Из одного источника,2023-11-13,2023-11-19,6,1,Поставщик_0029,042388906871,2411598.92,Итоги подведены,True
404536,IT-услуги,Заказчик_0112,839942359881,Электронный аукцион,2024-12-21,2024-12-22,1,1,Поставщик_0336,874088944878,7203919.77,Отменен,True
404537,Продукты питания,Заказчик_0058,694569801375,Открытый конкурс,2025-06-11,2025-06-23,12,6,Поставщик_0787,912415283490,430496.48,Завершен,False
404538,Канцелярские товары,Заказчик_0110,880371318781,Из одного источника,2024-11-01,2024-11-10,9,6,Поставщик_0336,874088944878,314574.27,Завершен,False
404539,Продукты питания,Заказчик_0074,356428134255,Из одного источника по несостоявшимся закупкам,2025-04-20,2025-04-26,6,5,Поставщик_0635,900785867507,526809.7,Завершен,False
404540,Медицинское оборудование,Заказчик_0131,463876194901,Открытый конкурс,2023-04-09,2023-04-20,11,3,Поставщик_0010,463052422835,8274489.0,Завершен,False
404541,Охранные услуги,Заказчик_0141,155013446536,Из одного источника по несостоявшимся закупкам,2023-12-21,2023-12-28,7,3,Поставщик_0518,373753623817,2150501.65,Завершен,False
404542,Ремонт зданий,Заказчик_0065,847528925395,Открытый конкурс,2023-01-29,2023-02-02,4,5,Поставщик_0084,986105712292,5524109.32,Завершен,False
404543,Клининг,Заказчик_0083,349806593311,Запрос ценовых предложений,2024-03-30,2024-04-12,13,1,Поставщик_0514,178751956210,640523.33,Итоги подведены,False
404544,IT-услуги,Заказчик_0068,707783689405,Из одного источника по несостоявшимся закупкам,2023-09-08,2023-09-20,12,5,Поставщик_0564,149029451339,4810514.21,Завершен,False
404545,Мебель,Заказчик_0080,658912085920,Из одного источника,2025-01-29,2025-02-02,4,3,Поставщик_0601,810431206859,1056474.05,Завершен,False
404546,Канцелярские товары,Заказчик_0047,881968747928,Из одного источника,2024-01-22,2024-02-04,13,2,Поставщик_0034,830235629044,302507.46,Завершен,False
404547,Транспортные услуги,Заказчик_0111,446242745384,Открытый конкурс,2024-12-03,2024-12-07,4,3,Поставщик_0730,344726620896,1057229.4,Итоги подведены,False
404548,Медицинское оборудование,Заказчик_0108,933786876564,Запрос ценовых предложений,2024-12-23,2025-01-05,13,2,Поставщик_0799,593657951736,7187202.17,Опубликован,False
404549,Транспортные услуги,Заказчик_0040,303789475622,Открытый конкурс,2024-02-21,2024-02-23,2,7,Поставщик_0664,021248299796,1147958.03,Опубликован,False
404550,Медицинское оборудование,Заказчик_0155,850611322279,Из одного источника,2023-08-10,2023-08-13,3,4,Поставщик_0674,587072334392,7075719.02,Завершен,False
404551,Ремонт зданий,Заказчик_0050,074766470263,Открытый конкурс,2024-06-20,2024-07-04,14,4,Поставщик_0614,251552734088,5753409.72,Итоги подведены,False
404552,Медицинское оборудование,Заказчик_0062,298543394596,Электронный аукцион,2023-04-30,2023-05-15,15,3,Поставщик_0409,940213604856,7136660.71,Завершен,False
404553,Продукты питания,Заказчик_0062,298543394596,Открытый конкурс,2024-07-28,2024-08-13,16,2,Поставщик_0611,023356356115,531605.49,Завершен,False
404554,Стройматериалы,Заказчик_0090,423440463190,Открытый конкурс,2024-09-16,2024-09-26,10,5,Поставщик_0061,660832798083,2960187.77,Итоги подведены,False
404555,Охранные услуги,Заказчик_0053,105295618485,Из одного источника,2023-01-15,2023-01-30,15,5,Поставщик_0026,859743472035,1931671.17,Завершен,False
404556,Мебель,Заказчик_0091,800785553136,Открытый конкурс,2024-10-06,2024-10-14,8,2,Поставщик_0571,885399291688,900211.16,Отменен,False
404557,Транспортные услуги,Заказчик_0001,016525808631,Открытый конкурс,2025-03-31,2025-04-12,12,7,Поставщик_0131,981867816273,1052885.74,Завершен,False
404558,Клининг,Заказчик_0035,461642607714,Запрос ценовых предложений,2023-02-12,2023-02-19,7,1,Поставщик_0776,349263125116,617164.65,Отменен,False
404559,Ремонт зданий,Заказчик_0132,113739882651,Открытый конкурс,2025-02-05,2025-02-19,14,4,Поставщик_0056,845848409759,6529546.0,Завершен,False
404560,Стройматериалы,Заказчик_0177,290868910115,Открытый конкурс,2023-08-17,2023-08-23,6,2,Поставщик_0243,047906730374,3268522.4,Итоги подведены,False
404561,Продукты питания,Заказчик_0088,446490060265,Открытый конкурс,2024-06-23,2024-06-29,6,1,Поставщик_0024,820750434532,719876.08,Завершен,True
404562,Клининг,Заказчик_0091,800785553136,Электронный аукцион,2024-11-25,2024-12-01,6,2,Поставщик_0497,633282039319,674373.35,Завершен,False
404563,Канцелярские товары,Заказчик_0150,560471705949,Из одного источника по несостоявшимся закупкам,2024-06-19,2024-06-27,8,3,Поставщик_0766,950405774567,293682.9,Завершен,False
404564,Транспортные услуги,Заказчик_0163,155720026558,Запрос ценовых предложений,2024-01-10,2024-01-22,12,5,Поставщик_0242,714617997408,1186156.3,Завершен,False
404565,Стройматериалы,Заказчик_0095,724337750016,Из одного источника по несостоявшимся закупкам,2024-07-07,2024-07-18,11,6,Поставщик_0548,955703903231,3263049.45,Завершен,False
404566,Медицинское оборудование,Заказчик_0173,212954133846,Открытый конкурс,2023-05-13,2023-05-17,4,2,Поставщик_0527,717368658225,7970761.27,Итоги подведены,False
404567,Ремонт зданий,Заказчик_0070,366888337780,Из одного источника по несостоявшимся закупкам,2024-09-05,2024-09-19,14,2,Поставщик_0600,570574392301,6250841.68,Завершен,False
404568,Стройматериалы,Заказчик_0129,967512170538,Электронный аукцион,2024-11-21,2024-12-04,13,2,Поставщик_0371,223308216567,3159339.15,Завершен,False
404569,Охранные услуги,Заказчик_0175,560089674827,Электронный аукцион,2023-08-16,2023-08-21,5,1,Поставщик_0540,599038882189,2123531.32,Итоги подведены,False
404570,Стройматериалы,Заказчик_0086,600723107574,Из одного источника,2025-01-11,2025-01-29,18,3,Поставщик_0605,427937196986,3139181.5,Опубликован,False
404571,Продукты питания,Заказчик_0131,463876194901,Открытый конкурс,2023-01-04,2023-01-20,16,3,Поставщик_0433,475307919366,507607.03,Итоги подведены,False
404572,Мебель,Заказчик_0084,846650721507,Из одного источника по несостоявшимся закупкам,2024-01-23,2024-01-31,8,3,Поставщик_0268,601496730215,914103.61,Итоги подведены,False
404573,Охранные услуги,Заказчик_0099,557410386890,Открытый конкурс,2024-02-21,2024-03-02,10,6,Поставщик_0346,339552598135,1749015.89,Опубликован,False
404574,IT-услуги,Заказчик_0131,463876194901,Запрос ценовых предложений,2023-12-29,2024-01-11,13,7,Поставщик_0599,267317822732,5250042.53,Итоги подведены,False
404575,Транспортные услуги,Заказчик_0188,511393683388,Открытый конкурс,2024-04-03,2024-04-24,21,1,Поставщик_0585,126880847331,1096390.45,Завершен,False
404576,IT-услуги,Заказчик_0073,291422089614,Электронный аукцион,2024-01-07,2024-01-20,13,9,Поставщик_0297,540029846844,4909806.01,Опубликован,False
404577,Транспортные услуги,Заказчик_0006,836394225258,Электронный аукцион,2024-11-10,2024-11-15,5,3,Поставщик_0422,801971335920,1167922.53,Завершен,False
404578,Транспортные услуги,Заказчик_0088,446490060265,Из одного источника по несостоявшимся закупкам,2023-11-22,2023-11-26,4,1,Поставщик_0024,820750434532,1432970.77,Итоги подведены,True
404579,Канцелярские товары,Заказчик_0094,217330854160,Из одного источника по несостоявшимся закупкам,2024-01-17,2024-01-29,12,3,Поставщик_0520,270152889984,276422.32,Завершен,False
404580,Продукты питания,Заказчик_0129,967512170538,Из одного источника по несостоявшимся закупкам,2023-04-23,2023-04-25,2,1,Поставщик_0137,267474352337,490190.53,Завершен,False
404581,Охранные услуги,Заказчик_0112,839942359881,Из одного источника по несостоявшимся закупкам,2023-01-04,2023-01-08,4,1,Поставщик_0336,874088944878,2779024.39,Итоги подведены,True
404582,Охранные услуги,Заказчик_0160,845404873875,Электронный аукцион,2024-02-27,2024-03-01,3,1,Поставщик_0467,681232354610,2803194.29,Завершен,True
404583,Медицинское оборудование,Заказчик_0094,217330854160,Открытый конкурс,2023-08-09,2023-08-31,22,5,Поставщик_0725,319683909740,7619898.82,Завершен,False
404584,Канцелярские товары,Заказчик_0131,463876194901,Электронный аукцион,2024-11-23,2024-12-06,13,5,Поставщик_0295,502489097049,285533.29,Итоги подведены,False
404585,Канцелярские товары,Заказчик_0123,706853063646,Запрос ценовых предложений,2024-07-27,2024-08-09,13,3,Поставщик_0630,072126329927,290067.63,Опубликован,False
404586,Охранные услуги,Заказчик_0015,769043821442,Запрос ценовых предложений,2024-06-08,2024-06-21,13,2,Поставщик_0338,671463015987,1856893.15,Итоги подведены,False
404587,Мебель,Заказчик_0072,072315571086,Электронный аукцион,2024-04-19,2024-04-30,11,3,Поставщик_0317,340583741741,918205.86,Завершен,False
404588,Ремонт зданий,Заказчик_0118,609055953469,Из одного источника по несостоявшимся закупкам,2024-07-02,2024-07-13,11,6,Поставщик_0736,946616957932,6545961.25,Итоги подведены,False
404589,Стройматериалы,Заказчик_0111,446242745384,Электронный аукцион,2023-12-24,2024-01-08,15,4,Поставщик_0202,636456738411,3178628.89,Завершен,False
404590,Транспортные услуги,Заказчик_0107,769835139635,Запрос ценовых предложений,2025-04-19,2025-04-22,3,1,Поставщик_0685,775363758901,1472320.27,Завершен,True
404591,Транспортные услуги,Заказчик_0150,560471705949,Открытый конкурс,2024-06-15,2024-06-20,5,3,Поставщик_0030,524097098573,1196582.07,Итоги подведены,False
404592,Охранные услуги,Заказчик_0110,880371318781,Электронный аукцион,2024-08-02,2024-08-17,15,3,Поставщик_0639,473927972652,1850618.21,Итоги подведены,False
404593,Продукты питания,Заказчик_0096,626442714264,Электронный аукцион,2024-07-22,2024-08-09,18,1,Поставщик_0158,941076970110,502645.35,Итоги подведены,False
404594,Медицинское оборудование,Заказчик_0125,691670073356,Открытый конкурс,2023-03-02,2023-03-09,7,3,Поставщик_0494,962316023940,8216738.95,Завершен,False
404595,Канцелярские товары,Заказчик_0016,294850989981,Из одного источника,2024-03-08,2024-03-14,6,4,Поставщик_0376,010890391076,310078.46,Итоги подведены,False
404596,Канцелярские товары,Заказчик_0070,366888337780,Открытый конкурс,2025-03-04,2025-03-07,3,3,Поставщик_0652,496109906857,290904.51,Итоги подведены,False
404597,Продукты питания,Заказчик_0086,600723107574,Открытый конкурс,2024-01-11,2024-01-20,9,4,Поставщик_0373,689124570631,452742.29,Завершен,False
404598,Канцелярские товары,Заказчик_0074,356428134255,Электронный аукцион,2023-10-15,2023-11-02,18,2,Поставщик_0637,527875907801,282211.63,Отменен,False
404599,Транспортные услуги,Заказчик_0111,446242745384,Из одного источника по несостоявшимся закупкам,2024-08-28,2024-09-08,11,5,Поставщик_0125,432403029344,1268801.19,Завершен,False
404600,Клининг,Заказчик_0169,512269807126,Открытый конкурс,2024-11-21,2024-12-08,17,2,Поставщик_0381,910363061274,668156.17,Итоги подведены,False
404601,Охранные услуги,Заказчик_0179,703500144758,Из одного источника,2024-03-26,2024-04-11,16,2,Поставщик_0782,920048121639,1866561.15,Завершен,False
404602,Клининг,Заказчик_0013,352206298026,Запрос ценовых предложений,2023-06-09,2023-06-23,14,3,Поставщик_0627,512422188156,653151.28,Завершен,False
404603,Продукты питания,Заказчик_0077,634570271159,Из одного источника,2024-10-11,2024-10-23,12,4,Поставщик_0761,347490669426,437223.9,Завершен,False
404604,Продукты питания,Заказчик_0128,840683305887,Электронный аукцион,2024-12-18,2024-12-30,12,4,Поставщик_0734,331897353844,428026.53,Опубликован,False
404605,Канцелярские товары,Заказчик_0020,455927236237,Электронный аукцион,2025-01-30,2025-02-08,9,2,Поставщик_0379,687413037719,319418.21,Итоги подведены,False
404606,Охранные услуги,Заказчик_0143,957760497757,Электронный аукцион,2024-08-07,2024-08-08,1,4,Поставщик_0162,584323088340,2054825.76,Опубликован,False
404607,Мебель,Заказчик_0116,028575123047,Запрос ценовых предложений,2025-01-07,2025-01-30,23,4,Поставщик_0228,414610415586,1069021.43,Завершен,False
404608,Ремонт зданий,Заказчик_0011,890407714528,Из одного источника по несостоявшимся закупкам,2024-04-16,2024-04-26,10,5,Поставщик_0630,072126329927,6123126.53,Завершен,False
404609,Канцелярские товары,Заказчик_0017,424039274499,Запрос ценовых предложений,2024-07-25,2024-08-12,18,1,Поставщик_0430,744564571327,255391.27,Опубликован,False
404610,Мебель,Заказчик_0132,113739882651,Из одного источника,2025-03-01,2025-03-12,11,2,Поставщик_0559,063934408962,939351.56,Завершен,False
404611,Продукты питания,Заказчик_0022,876960826911,Открытый конкурс,2023-05-21,2023-05-31,10,6,Поставщик_0380,205571075277,482734.42,Итоги подведены,False
404612,Клининг,Заказчик_0050,074766470263,Запрос ценовых предложений,2024-08-13,2024-08-25,12,4,Поставщик_0095,925701177161,693208.56,Завершен,False
404613,Канцелярские товары,Заказчик_0044,011652671671,Открытый конкурс,2024-08-08,2024-08-23,15,2,Поставщик_0415,349738713330,304818.77,Завершен,False
404614,Продукты питания,Заказчик_0156,370660134587,Запрос ценовых предложений,2024-09-14,2024-09-21,7,2,Поставщик_0702,608570421517,473546.6,Завершен,False
404615,Канцелярские товары,Заказчик_0181,093957730128,Открытый конкурс,2024-05-20,2024-06-03,14,3,Поставщик_0584,713034785365,309501.89,Завершен,False
404616,Охранные услуги,Заказчик_0150,560471705949,Открытый конкурс,2023-07-13,2023-07-24,11,2,Поставщик_0002,030189546484,2075959.3,Завершен,False
404617,Канцелярские товары,Заказчик_0139,584877345150,Запрос ценовых предложений,2025-04-14,2025-05-01,17,2,Поставщик_0458,517244360141,316118.41,Завершен,False
404618,Стройматериалы,Заказчик_0143,957760497757,Электронный аукцион,2023-08-20,2023-08-30,10,5,Поставщик_0216,992635931556,2706421.59,Завершен,False
404619,IT-услуги,Заказчик_0115,986712861740,Электронный аукцион,2023-03-31,2023-04-02,2,4,Поставщик_0770,467538817210,4261753.01,Итоги подведены,False
404620,Охранные услуги,Заказчик_0110,880371318781,Электронный аукцион,2023-05-19,2023-06-01,13,1,Поставщик_0765,367270143405,2105385.61,Итоги подведены,False
404621,Медицинское оборудование,Заказчик_0189,913923992645,Открытый конкурс,2024-04-19,2024-05-01,12,3,Поставщик_0238,882733335641,8597831.54,Завершен,False
404622,Стройматериалы,Заказчик_0047,881968747928,Открытый конкурс,2023-07-26,2023-08-09,14,1,Поставщик_0760,233735125812,2842170.31,Итоги подведены,False
404623,Ремонт зданий,Заказчик_0074,356428134255,Электронный аукцион,2023-06-21,2023-07-07,16,3,Поставщик_0152,211520224319,5879222.07,Итоги подведены,False
404624,Ремонт зданий,Заказчик_0078,598284873191,Открытый конкурс,2024-09-28,2024-10-08,10,2,Поставщик_0030,524097098573,5474551.09,Завершен,False
404625,Клининг,Заказчик_0049,308127387209,Из одного источника по несостоявшимся закупкам,2023-06-17,2023-06-20,3,1,Поставщик_0783,655871465909,677631.78,Завершен,False
404626,Охранные услуги,Заказчик_0153,051929549841,Из одного источника по несостоявшимся закупкам,2023-10-07,2023-10-24,17,3,Поставщик_0416,560588412973,1882489.66,Завершен,False
404627,Мебель,Заказчик_0166,287356331623,Электронный аукцион,2023-05-22,2023-06-13,22,6,Поставщик_0095,925701177161,986961.07,Завершен,False
404628,Клининг,Заказчик_0121,095952713783,Электронный аукцион,2024-01-13,2024-01-21,8,2,Поставщик_0309,913322191117,767322.39,Завершен,False
404629,Мебель,Заказчик_0043,200593676791,Электронный аукцион,2025-05-25,2025-06-02,8,2,Поставщик_0539,835456772090,1021207.54,Завершен,False
404630,Стройматериалы,Заказчик_0078,598284873191,Из одного источника,2025-04-09,2025-04-12,3,3,Поставщик_0263,649071103741,2985824.25,Завершен,False
404631,Мебель,Заказчик_0055,539176725448,Из одного источника,2025-01-31,2025-02-12,12,1,Поставщик_0582,664536010552,983799.74,Завершен,False
404632,Транспортные услуги,Заказчик_0063,541376725946,Открытый конкурс,2024-09-14,2024-09-22,8,1,Поставщик_0334,967253938188,1313374.77,Завершен,False
404633,Ремонт зданий,Заказчик_0103,043205340808,Электронный аукцион,2024-08-11,2024-08-12,1,8,Поставщик_0147,969417822261,5216752.3,Завершен,False
404634,IT-услуги,Заказчик_0002,930086875935,Из одного источника,2024-08-09,2024-08-28,19,5,Поставщик_0641,238196641402,4546061.81,Завершен,False
404635,Мебель,Заказчик_0194,940255554375,Открытый конкурс,2023-01-14,2023-01-28,14,3,Поставщик_0568,479045024243,1065557.59,Итоги подведены,False
404636,Ремонт зданий,Заказчик_0068,707783689405,Из одного источника по несостоявшимся закупкам,2025-04-29,2025-05-09,10,6,Поставщик_0603,374792430378,5559063.05,Завершен,False
404637,Ремонт зданий,Заказчик_0170,681775483909,Из одного источника,2025-01-18,2025-02-02,15,4,Поставщик_0531,201609917372,5598961.57,Опубликован,False
404638,Стройматериалы,Заказчик_0169,512269807126,Из одного источника,2023-04-20,2023-05-03,13,1,Поставщик_0186,073848826607,2567349.54,Итоги подведены,False
404639,Мебель,Заказчик_0037,867585874226,Открытый конкурс,2023-05-17,2023-05-24,7,3,Поставщик_0790,687196829929,1067459.22,Завершен,False
404640,Медицинское оборудование,Заказчик_0068,707783689405,Электронный аукцион,2024-01-20,2024-02-03,14,3,Поставщик_0502,300791075489,7408818.69,Завершен,False
404641,Продукты питания,Заказчик_0057,045227746976,Электронный аукцион,2023-06-02,2023-06-19,17,2,Поставщик_0235,346088960115,492058.19,Завершен,False
404642,Клининг,Заказчик_0198,615372780181,Открытый конкурс,2023-03-09,2023-03-17,8,2,Поставщик_0396,428296257340,741174.45,Завершен,False
404643,Стройматериалы,Заказчик_0052,571247952112,Электронный аукцион,2024-09-10,2024-09-18,8,2,Поставщик_0503,457459864697,3014842.11,Итоги подведены,False
404644,Клининг,Заказчик_0083,349806593311,Электронный аукцион,2025-06-15,2025-06-21,6,4,Поставщик_0250,609694983206,719781.98,Опубликован,False
404645,IT-услуги,Заказчик_0084,846650721507,Электронный аукцион,2024-08-13,2024-08-24,11,3,Поставщик_0394,416300334338,4870919.13,Завершен,False
404646,Транспортные услуги,Заказчик_0172,325409489345,Из одного источника по несостоявшимся закупкам,2025-06-06,2025-06-16,10,1,Поставщик_0678,091341327221,1304444.72,Завершен,False
404647,Транспортные услуги,Заказчик_0117,419505214624,Электронный аукцион,2023-06-23,2023-06-24,1,1,Поставщик_0101,134564782885,1701030.0,Опубликован,True
404648,Транспортные услуги,Заказчик_0086,600723107574,Открытый конкурс,2024-05-11,2024-05-17,6,4,Поставщик_0752,736110152455,1235091.73,Завершен,False
404649,Ремонт зданий,Заказчик_0163,155720026558,Запрос ценовых предложений,2025-01-17,2025-02-07,21,3,Поставщик_0667,289713077352,5639078.52,Завершен,False
404650,IT-услуги,Заказчик_0154,114217757188,Открытый конкурс,2023-06-09,2023-06-22,13,8,Поставщик_0229,638765974189,5005657.05,Завершен,False
404651,Продукты питания,Заказчик_0094,217330854160,Электронный аукцион,2024-01-13,2024-02-07,25,2,Поставщик_0261,540535849007,429270.23,Отменен,False
404652,Транспортные услуги,Заказчик_0049,308127387209,Из одного источника по несостоявшимся закупкам,2024-06-02,2024-06-17,15,2,Поставщик_0259,469059047610,1180078.31,Завершен,False
404653,Продукты питания,Заказчик_0074,356428134255,Открытый конкурс,2023-04-23,2023-05-03,10,1,Поставщик_0701,088379595948,483217.38,Завершен,False
404654,Охранные услуги,Заказчик_0064,196215509941,Электронный аукцион,2024-05-05,2024-05-22,17,1,Поставщик_0102,016171228627,1717673.74,Итоги подведены,False
404655,Медицинское оборудование,Заказчик_0012,425723964512,Открытый конкурс,2023-10-12,2023-10-24,12,4,Поставщик_0084,986105712292,7615306.36,Завершен,False
404656,Стройматериалы,Заказчик_0146,531933776661,Из одного источника,2023-12-12,2023-12-16,4,1,Поставщик_0299,615581038112,3894563.94,Итоги подведены,True
404657,Продукты питания,Заказчик_0087,751590785490,Электронный аукцион,2025-01-17,2025-01-19,2,2,Поставщик_0642,380264830214,499079.99,Завершен,False
404658,Канцелярские товары,Заказчик_0081,893419340814,Из одного источника по несостоявшимся закупкам,2025-03-10,2025-03-25,15,1,Поставщик_0560,600427856280,282941.4,Завершен,False
404659,Клининг,Заказчик_0022,876960826911,Запрос ценовых предложений,2023-08-24,2023-09-09,16,5,Поставщик_0192,880614025252,758510.0,Итоги подведены,False
404660,Медицинское оборудование,Заказчик_0181,093957730128,Запрос ценовых предложений,2023-04-03,2023-04-14,11,3,Поставщик_0487,636767862631,8734860.69,Итоги подведены,False
404661,Ремонт зданий,Заказчик_0181,093957730128,Из одного источника,2024-12-05,2024-12-12,7,5,Поставщик_0190,906433503969,5965948.52,Итоги подведены,False
404662,Мебель,Заказчик_0177,290868910115,Запрос ценовых предложений,2025-02-11,2025-02-28,17,4,Поставщик_0798,182456177583,891735.08,Завершен,False
404663,Канцелярские товары,Заказчик_0052,571247952112,Электронный аукцион,2024-07-10,2024-07-16,6,7,Поставщик_0001,131666954134,285050.47,Завершен,False
404664,Клининг,Заказчик_0157,319262117645,Из одного источника,2024-06-19,2024-06-20,1,2,Поставщик_0754,155928225349,761820.54,Итоги подведены,False
404665,Продукты питания,Заказчик_0009,498251982661,Электронный аукцион,2025-03-30,2025-04-04,5,1,Поставщик_0029,042388906871,720678.1,Опубликован,True
404666,IT-услуги,Заказчик_0089,395460786772,Электронный аукцион,2024-05-01,2024-05-12,11,1,Поставщик_0670,218987005214,4269381.26,Итоги подведены,False
404667,IT-услуги,Заказчик_0148,216398982273,Из одного источника по несостоявшимся закупкам,2024-05-19,2024-06-04,16,4,Поставщик_0416,560588412973,4725379.22,Завершен,False
404668,Мебель,Заказчик_0005,965687203229,Электронный аукцион,2024-09-11,2024-09-20,9,2,Поставщик_0135,014282841775,857843.63,Завершен,False
404669,Медицинское оборудование,Заказчик_0089,395460786772,Запрос ценовых предложений,2025-04-12,2025-04-30,18,3,Поставщик_0439,477268128749,7729156.96,Опубликован,False
404670,Стройматериалы,Заказчик_0074,356428134255,Открытый конкурс,2024-07-26,2024-07-30,4,2,Поставщик_0515,994600436234,2776830.11,Итоги подведены,False
404671,Продукты питания,Заказчик_0079,987998370546,Из одного источника,2025-05-23,2025-05-24,1,4,Поставщик_0006,761122032537,491872.86,Завершен,False
404672,Охранные услуги,Заказчик_0187,313404440226,Из одного источника по несостоявшимся закупкам,2025-01-22,2025-02-04,13,3,Поставщик_0736,946616957932,2048747.71,Завершен,False
404673,Канцелярские товары,Заказчик_0010,757503098830,Электронный аукцион,2024-04-13,2024-04-15,2,1,Поставщик_0185,771865953750,424026.85,Итоги подведены,True
404674,Медицинское оборудование,Заказчик_0027,073988827188,Электронный аукцион,2024-12-06,2024-12-20,14,1,Поставщик_0601,810431206859,7851791.55,Завершен,False
404675,Транспортные услуги,Заказчик_0051,545473722111,Из одного источника по несостоявшимся закупкам,2023-01-24,2023-02-04,11,1,Поставщик_0112,415797697143,1104786.62,Завершен,False
404676,Охранные услуги,Заказчик_0061,915640336836,Из одного источника,2025-03-08,2025-03-15,7,4,Поставщик_0158,941076970110,2103333.95,Опубликован,False
404677,Канцелярские товары,Заказчик_0021,049902298831,Запрос ценовых предложений,2024-10-04,2024-10-15,11,5,Поставщик_0454,962676334080,323634.28,Завершен,False
404678,Стройматериалы,Заказчик_0045,891036937066,Электронный аукцион,2024-03-28,2024-04-09,12,1,Поставщик_0421,371932869998,3122354.55,Завершен,False
404679,Продукты питания,Заказчик_0044,011652671671,Открытый конкурс,2023-05-02,2023-05-11,9,1,Поставщик_0411,650003801943,540463.07,Опубликован,False
404680,Ремонт зданий,Заказчик_0091,800785553136,Электронный аукцион,2023-06-19,2023-07-02,13,4,Поставщик_0022,800446377177,5214439.25,Завершен,False
404681,Медицинское оборудование,Заказчик_0064,196215509941,Электронный аукцион,2023-10-15,2023-11-02,18,4,Поставщик_0339,867347268714,7434321.2,Завершен,False
404682,Ремонт зданий,Заказчик_0116,028575123047,Из одного источника,2024-03-25,2024-04-08,14,9,Поставщик_0055,220760359558,5393852.06,Завершен,False
404683,Ремонт зданий,Заказчик_0161,030990904779,Из одного источника по несостоявшимся закупкам,2023-12-24,2023-12-28,4,4,Поставщик_0765,367270143405,5355139.18,Опубликован,False
404684,Охранные услуги,Заказчик_0185,103321145403,Электронный аукцион,2024-11-23,2024-12-15,22,3,Поставщик_0007,228960979981,1711755.72,Опубликован,False
404685,Транспортные услуги,Заказчик_0191,742687446267,Из одного источника по несостоявшимся закупкам,2024-08-11,2024-08-28,17,2,Поставщик_0701,088379595948,1147484.6,Итоги подведены,False
404686,Клининг,Заказчик_0124,308392990638,Открытый конкурс,2024-02-09,2024-02-22,13,6,Поставщик_0592,415569372220,668578.8,Опубликован,False
404687,Охранные услуги,Заказчик_0019,190156218256,Из одного источника по несостоявшимся закупкам,2024-11-08,2024-11-24,16,2,Поставщик_0182,527929437955,2151036.98,Опубликован,False
404688,Клининг,Заказчик_0023,152672624980,Из одного источника по несостоявшимся закупкам,2023-05-02,2023-05-22,20,8,Поставщик_0464,487067317933,613411.1,Итоги подведены,False
404689,Мебель,Заказчик_0051,545473722111,Из одного источника по несостоявшимся закупкам,2025-02-22,2025-03-11,17,3,Поставщик_0246,128011514827,871982.75,Завершен,False
404690,Канцелярские товары,Заказчик_0147,252922273397,Из одного источника по несостоявшимся закупкам,2023-12-01,2023-12-14,13,2,Поставщик_0778,818114369237,315087.03,Завершен,False
404691,Канцелярские товары,Заказчик_0004,633229661713,Запрос ценовых предложений,2023-02-14,2023-03-04,18,3,Поставщик_0379,687413037719,318149.55,Завершен,False
404692,IT-услуги,Заказчик_0187,313404440226,Запрос ценовых предложений,2024-01-14,2024-01-25,11,2,Поставщик_0327,343802486264,4535953.41,Отменен,False
404693,Ремонт зданий,Заказчик_0084,846650721507,Электронный аукцион,2023-06-07,2023-06-08,1,2,Поставщик_0057,866171998149,5238990.68,Итоги подведены,False
404694,Мебель,Заказчик_0075,929625670649,Открытый конкурс,2024-08-14,2024-08-31,17,3,Поставщик_0110,399352983840,906376.94,Итоги подведены,False
404695,Канцелярские товары,Заказчик_0008,959807652614,Открытый конкурс,2024-03-01,2024-03-17,16,5,Поставщик_0180,741634681143,290261.35,Завершен,False
404696,IT-услуги,Заказчик_0105,101837512445,Запрос ценовых предложений,2024-09-13,2024-09-23,10,6,Поставщик_0342,461718724186,5191583.99,Завершен,False
404697,Транспортные услуги,Заказчик_0189,913923992645,Открытый конкурс,2024-01-21,2024-01-27,6,5,Поставщик_0025,157250824319,1094516.93,Завершен,False
404698,Продукты питания,Заказчик_0077,634570271159,Открытый конкурс,2023-05-28,2023-06-08,11,4,Поставщик_0793,809281791467,454890.84,Завершен,False
404699,Стройматериалы,Заказчик_0082,679471404490,Запрос ценовых предложений,2024-03-12,2024-03-14,2,1,Поставщик_0557,404694079971,2857522.23,Завершен,False
404700,Транспортные услуги,Заказчик_0025,958511387882,Открытый конкурс,2024-03-23,2024-03-31,8,3,Поставщик_0226,538312341120,1075946.03,Завершен,False
404701,Ремонт зданий,Заказчик_0198,615372780181,Электронный аукцион,2024-07-07,2024-07-17,10,4,Поставщик_0253,967181685986,5127453.8,Завершен,False
404702,Ремонт зданий,Заказчик_0051,545473722111,Из одного источника по несостоявшимся закупкам,2023-06-06,2023-06-13,7,2,Поставщик_0006,761122032537,6105629.67,Завершен,False
404703,Транспортные услуги,Заказчик_0179,703500144758,Электронный аукцион,2024-10-07,2024-10-27,20,4,Поставщик_0476,706897663773,1161006.89,Итоги подведены,False
404704,Продукты питания,Заказчик_0000,602276804025,Запрос ценовых предложений,2025-03-11,2025-03-24,13,5,Поставщик_0553,597003912301,470420.56,Итоги подведены,False
404705,Стройматериалы,Заказчик_0103,043205340808,Из одного источника по несостоявшимся закупкам,2025-03-06,2025-03-12,6,2,Поставщик_0269,037527621769,2812159.55,Завершен,False
404706,Охранные услуги,Заказчик_0008,959807652614,Запрос ценовых предложений,2023-11-13,2023-11-25,12,4,Поставщик_0150,536196460253,2144706.56,Опубликован,False
404707,Охранные услуги,Заказчик_0002,930086875935,Из одного источника по несостоявшимся закупкам,2023-07-17,2023-07-25,8,5,Поставщик_0764,707738948144,1775942.95,Завершен,False
404708,Продукты питания,Заказчик_0028,284372013892,Из одного источника по несостоявшимся закупкам,2024-08-11,2024-08-14,3,5,Поставщик_0349,202749903744,450249.93,Итоги подведены,False
404709,Мебель,Заказчик_0043,200593676791,Запрос ценовых предложений,2024-08-11,2024-08-28,17,4,Поставщик_0696,543034672599,913865.1,Итоги подведены,False
404710,Канцелярские товары,Заказчик_0054,441094840601,Из одного источника,2025-01-25,2025-02-06,12,6,Поставщик_0642,380264830214,293385.05,Итоги подведены,False
404711,Охранные услуги,Заказчик_0023,152672624980,Электронный аукцион,2024-03-31,2024-04-20,20,5,Поставщик_0552,873260164818,2123874.86,Завершен,False
404712,Клининг,Заказчик_0027,073988827188,Электронный аукцион,2023-06-10,2023-06-19,9,2,Поставщик_0619,461861754269,636026.63,Завершен,False
404713,Продукты питания,Заказчик_0090,423440463190,Запрос ценовых предложений,2023-01-12,2023-01-28,16,7,Поставщик_0505,685208594331,539233.01,Отменен,False
404714,Канцелярские товары,Заказчик_0176,053666440505,Из одного источника по несостоявшимся закупкам,2024-01-19,2024-01-23,4,4,Поставщик_0244,547497209775,272309.6,Опубликован,False
404715,Стройматериалы,Заказчик_0014,219547810444,Запрос ценовых предложений,2023-04-22,2023-05-03,11,5,Поставщик_0738,819932824269,2946299.68,Завершен,False
404716,Мебель,Заказчик_0021,049902298831,Из одного источника по несостоявшимся закупкам,2023-08-08,2023-08-18,10,4,Поставщик_0621,686099472938,1004438.3,Итоги подведены,False
404717,Канцелярские товары,Заказчик_0063,541376725946,Запрос ценовых предложений,2023-07-16,2023-07-24,8,4,Поставщик_0075,124594377461,313330.54,Завершен,False
404718,Канцелярские товары,Заказчик_0096,626442714264,Открытый конкурс,2024-10-15,2024-10-20,5,5,Поставщик_0511,245773785983,288153.84,Опубликован,False
404719,Мебель,Заказчик_0182,383719759048,Из одного источника по несостоявшимся закупкам,2023-06-08,2023-07-01,23,3,Поставщик_0740,689804271765,1083873.58,Завершен,False
404720,Ремонт зданий,Заказчик_0089,395460786772,Запрос ценовых предложений,2023-09-12,2023-09-16,4,1,Поставщик_0644,384477013768,5436330.49,Завершен,False
404721,Транспортные услуги,Заказчик_0038,756202235126,Из одного источника,2025-03-30,2025-04-10,11,3,Поставщик_0342,461718724186,1207599.6,Завершен,False
404722,Транспортные услуги,Заказчик_0119,207376773058,Открытый конкурс,2024-01-01,2024-01-13,12,5,Поставщик_0509,232418148134,1155161.2,Итоги подведены,False
404723,Ремонт зданий,Заказчик_0094,217330854160,Открытый конкурс,2024-09-03,2024-09-20,17,3,Поставщик_0267,068487626549,6569371.32,Завершен,False
404724,Продукты питания,Заказчик_0120,174668074201,Электронный аукцион,2025-04-06,2025-04-20,14,7,Поставщик_0663,433118792556,463075.63,Завершен,False
404725,Медицинское оборудование,Заказчик_0167,098964499673,Из одного источника,2023-01-03,2023-01-26,23,4,Поставщик_0186,073848826607,8065533.29,Завершен,False
404726,Мебель,Заказчик_0169,512269807126,Из одного источника по несостоявшимся закупкам,2023-02-26,2023-03-05,7,3,Поставщик_0420,118735108906,872857.95,Опубликован,False
404727,Медицинское оборудование,Заказчик_0161,030990904779,Запрос ценовых предложений,2025-04-17,2025-04-30,13,4,Поставщик_0757,117786199677,7506680.15,Итоги подведены,False
404728,Стройматериалы,Заказчик_0031,763063387334,Запрос ценовых предложений,2024-06-03,2024-06-12,9,3,Поставщик_0524,751020189276,2756735.74,Итоги подведены,False
404729,Продукты питания,Заказчик_0189,913923992645,Открытый конкурс,2025-01-13,2025-01-22,9,3,Поставщик_0620,463614404503,518950.62,Итоги подведены,False
404730,Канцелярские товары,Заказчик_0111,446242745384,Из одного источника по несостоявшимся закупкам,2023-12-07,2023-12-12,5,3,Поставщик_0601,810431206859,275490.89,Завершен,False
404731,Мебель,Заказчик_0071,069974068469,Из одного источника по несостоявшимся закупкам,2025-04-22,2025-05-02,10,6,Поставщик_0003,007225147751,937245.04,Итоги подведены,False
404732,Стройматериалы,Заказчик_0167,098964499673,Электронный аукцион,2023-03-13,2023-03-28,15,4,Поставщик_0050,866108239013,2802162.18,Итоги подведены,False
404733,Медицинское оборудование,Заказчик_0127,352249294184,Запрос ценовых предложений,2025-04-07,2025-04-24,17,1,Поставщик_0682,433512932356,6940392.47,Завершен,False
404734,Продукты питания,Заказчик_0088,446490060265,Из одного источника,2023-04-27,2023-05-14,17,2,Поставщик_0682,433512932356,433526.14,Завершен,False
404735,Охранные услуги,Заказчик_0119,207376773058,Из одного источника по несостоявшимся закупкам,2024-10-24,2024-11-05,12,4,Поставщик_0507,968046436330,1890805.34,Итоги подведены,False
404736,Стройматериалы,Заказчик_0071,069974068469,Запрос ценовых предложений,2023-04-09,2023-04-12,3,2,Поставщик_0475,719972248115,2646831.97,Завершен,False
404737,Ремонт зданий,Заказчик_0129,967512170538,Открытый конкурс,2024-03-16,2024-04-01,16,2,Поставщик_0102,016171228627,5617363.61,Завершен,False
404738,Транспортные услуги,Заказчик_0109,331294210817,Запрос ценовых предложений,2023-06-26,2023-07-10,14,2,Поставщик_0791,984190253969,1130033.31,Итоги подведены,False
404739,Ремонт зданий,Заказчик_0078,598284873191,Электронный аукцион,2023-03-24,2023-04-11,18,4,Поставщик_0502,300791075489,5843502.91,Завершен,False
404740,Транспортные услуги,Заказчик_0152,918199349998,Электронный аукцион,2025-02-02,2025-02-22,20,1,Поставщик_0712,059899197139,1125528.33,Итоги подведены,False
404741,Стройматериалы,Заказчик_0151,841936905579,Из одного источника по несостоявшимся закупкам,2023-01-19,2023-01-28,9,3,Поставщик_0152,211520224319,2574462.53,Опубликован,False
404742,Стройматериалы,Заказчик_0052,571247952112,Электронный аукцион,2023-10-30,2023-11-12,13,3,Поставщик_0245,041098620582,2707810.21,Итоги подведены,False
404743,Мебель,Заказчик_0189,913923992645,Запрос ценовых предложений,2023-07-13,2023-07-22,9,2,Поставщик_0289,335139441430,995608.64,Итоги подведены,False
404744,Мебель,Заказчик_0044,011652671671,Электронный аукцион,2025-03-14,2025-04-03,20,1,Поставщик_0049,210379843514,909283.14,Завершен,False
404745,Стройматериалы,Заказчик_0108,933786876564,Электронный аукцион,2024-12-26,2025-01-03,8,4,Поставщик_0272,730783244819,3193284.74,Итоги подведены,False
404746,Клининг,Заказчик_0106,132435760062,Запрос ценовых предложений,2024-04-25,2024-05-05,10,3,Поставщик_0193,471605601276,643069.08,Завершен,False
404747,Стройматериалы,Заказчик_0141,155013446536,Открытый конкурс,2024-07-18,2024-07-23,5,6,Поставщик_0115,743645137591,2908979.25,Завершен,False
404748,Охранные услуги,Заказчик_0067,415355431652,Электронный аукцион,2024-01-31,2024-02-17,17,7,Поставщик_0288,661203121503,2179797.68,Завершен,False
404749,Мебель,Заказчик_0061,915640336836,Электронный аукцион,2024-12-09,2024-12-10,1,8,Поставщик_0628,628834501796,1037885.21,Итоги подведены,False
404750,Транспортные услуги,Заказчик_0167,098964499673,Запрос ценовых предложений,2024-07-01,2024-07-05,4,1,Поставщик_0221,526783920968,1300315.69,Завершен,False
404751,Транспортные услуги,Заказчик_0098,137588080098,Запрос ценовых предложений,2025-02-17,2025-03-05,16,4,Поставщик_0604,789516709861,1186012.59,Завершен,False
404752,Стройматериалы,Заказчик_0045,891036937066,Электронный аукцион,2023-08-24,2023-09-06,13,2,Поставщик_0791,984190253969,3116773.41,Опубликован,False
404753,Стройматериалы,Заказчик_0156,370660134587,Открытый конкурс,2025-02-15,2025-02-26,11,2,Поставщик_0713,937841018302,2686027.75,Завершен,False
404754,IT-услуги,Заказчик_0109,331294210817,Запрос ценовых предложений,2023-05-03,2023-05-17,14,4,Поставщик_0126,093758825163,5209342.55,Завершен,False
404755,Охранные услуги,Заказчик_0028,284372013892,Запрос ценовых предложений,2024-08-09,2024-08-19,10,3,Поставщик_0582,664536010552,1945587.88,Завершен,False
404756,Мебель,Заказчик_0147,252922273397,Открытый конкурс,2023-04-03,2023-04-11,8,2,Поставщик_0378,790259742576,970135.9,Завершен,False
404757,Продукты питания,Заказчик_0054,441094840601,Запрос ценовых предложений,2024-11-02,2024-11-12,10,4,Поставщик_0251,377751361568,512653.38,Итоги подведены,False
404758,Охранные услуги,Заказчик_0142,197238572836,Открытый конкурс,2024-08-21,2024-08-23,2,2,Поставщик_0328,112845460112,1918443.06,Завершен,False
404759,Клининг,Заказчик_0033,456442497105,Электронный аукцион,2024-11-12,2024-11-20,8,1,Поставщик_0755,943941043946,711418.02,Итоги подведены,False
404760,Охранные услуги,Заказчик_0095,724337750016,Открытый конкурс,2025-04-19,2025-05-03,14,1,Поставщик_0337,886536874006,2139258.14,Итоги подведены,False
404761,Медицинское оборудование,Заказчик_0108,933786876564,Запрос ценовых предложений,2025-04-04,2025-04-13,9,3,Поставщик_0054,334605183424,8374810.33,Завершен,False
404762,IT-услуги,Заказчик_0198,615372780181,Электронный аукцион,2023-02-02,2023-02-12,10,3,Поставщик_0502,300791075489,5184180.65,Завершен,False
404763,Клининг,Заказчик_0031,763063387334,Открытый конкурс,2023-07-23,2023-08-03,11,2,Поставщик_0571,885399291688,622622.4,Завершен,False
404764,Мебель,Заказчик_0170,681775483909,Запрос ценовых предложений,2024-07-13,2024-08-03,21,4,Поставщик_0297,540029846844,1098682.04,Итоги подведены,False
404765,Стройматериалы,Заказчик_0115,986712861740,Открытый конкурс,2024-01-08,2024-01-20,12,5,Поставщик_0169,594633609526,3290974.78,Итоги подведены,False
404766,Медицинское оборудование,Заказчик_0148,216398982273,Открытый конкурс,2025-02-27,2025-03-08,9,5,Поставщик_0451,536259268377,7658809.64,Завершен,False
404767,Клининг,Заказчик_0110,880371318781,Электронный аукцион,2024-09-15,2024-09-22,7,4,Поставщик_0008,827876452446,688453.33,Итоги подведены,False
404768,Мебель,Заказчик_0166,287356331623,Открытый конкурс,2024-10-03,2024-10-12,9,2,Поставщик_0738,819932824269,973853.34,Итоги подведены,False
404769,Охранные услуги,Заказчик_0095,724337750016,Из одного источника по несостоявшимся закупкам,2024-06-13,2024-07-01,18,8,Поставщик_0659,469189934571,1851657.78,Завершен,False
404770,Транспортные услуги,Заказчик_0083,349806593311,Из одного источника,2025-06-12,2025-06-23,11,3,Поставщик_0709,350768043619,1211350.87,Завершен,False
404771,Охранные услуги,Заказчик_0199,342856565386,Из одного источника по несостоявшимся закупкам,2024-04-28,2024-05-01,3,1,Поставщик_0259,469059047610,2790458.97,Завершен,True
404772,Стройматериалы,Заказчик_0032,421496963502,Запрос ценовых предложений,2025-01-20,2025-01-31,11,1,Поставщик_0216,992635931556,2828454.26,Завершен,False
404773,Транспортные услуги,Заказчик_0052,571247952112,Электронный аукцион,2023-07-06,2023-07-24,18,5,Поставщик_0514,178751956210,1038159.18,Итоги подведены,False
404774,Стройматериалы,Заказчик_0017,424039274499,Запрос ценовых предложений,2025-05-24,2025-05-31,7,2,Поставщик_0506,925712227523,3082517.68,Завершен,False
404775,Мебель,Заказчик_0036,195028486959,Из одного источника по несостоявшимся закупкам,2023-01-30,2023-02-03,4,5,Поставщик_0470,146781682683,971602.0,Завершен,False
404776,Мебель,Заказчик_0069,588454746149,Электронный аукцион,2025-04-14,2025-04-18,4,3,Поставщик_0750,522766264065,1045549.4,Итоги подведены,False
404777,Ремонт зданий,Заказчик_0151,841936905579,Запрос ценовых предложений,2023-05-17,2023-05-31,14,10,Поставщик_0382,989586553277,5205285.67,Завершен,False
404778,Транспортные услуги,Заказчик_0106,132435760062,Открытый конкурс,2023-08-20,2023-09-13,24,1,Поставщик_0626,618076893639,1067218.24,Завершен,False
404779,Канцелярские товары,Заказчик_0147,252922273397,Открытый конкурс,2024-05-17,2024-05-26,9,3,Поставщик_0548,955703903231,312274.46,Завершен,False
404780,Охранные услуги,Заказчик_0001,016525808631,Из одного источника по несостоявшимся закупкам,2025-03-17,2025-04-04,18,3,Поставщик_0549,779704718153,1964354.11,Завершен,False
404781,Продукты питания,Заказчик_0102,747749566861,Запрос ценовых предложений,2023-08-14,2023-08-18,4,1,Поставщик_0746,277946131833,698291.49,Итоги подведены,True
404782,Мебель,Заказчик_0164,232971847802,Из одного источника,2023-01-07,2023-01-16,9,2,Поставщик_0272,730783244819,887851.82,Итоги подведены,False
404783,Продукты питания,Заказчик_0183,379370294394,Открытый конкурс,2025-05-22,2025-05-23,1,1,Поставщик_0221,526783920968,584208.54,Итоги подведены,True
404784,Мебель,Заказчик_0121,095952713783,Открытый конкурс,2024-05-01,2024-05-16,15,1,Поставщик_0197,888052186039,1050906.58,Завершен,False
404785,Мебель,Заказчик_0038,756202235126,Открытый конкурс,2024-12-06,2024-12-23,17,1,Поставщик_0001,131666954134,969841.24,Завершен,False
404786,Клининг,Заказчик_0018,571295570558,Электронный аукцион,2024-03-06,2024-03-11,5,1,Поставщик_0655,282227347127,712821.27,Завершен,False
404787,Мебель,Заказчик_0159,055513512505,Запрос ценовых предложений,2024-10-25,2024-10-29,4,3,Поставщик_0219,637601336976,1075377.35,Отменен,False
404788,Мебель,Заказчик_0062,298543394596,Электронный аукцион,2023-09-16,2023-09-25,9,3,Поставщик_0328,112845460112,909067.89,Завершен,False
404789,IT-услуги,Заказчик_0128,840683305887,Из одного источника по несостоявшимся закупкам,2025-01-26,2025-02-05,10,6,Поставщик_0079,893931994271,4739290.0,Завершен,False
404790,Транспортные услуги,Заказчик_0183,379370294394,Электронный аукцион,2023-08-17,2023-08-23,6,5,Поставщик_0306,206779291308,1250853.96,Завершен,False
404791,Ремонт зданий,Заказчик_0013,352206298026,Запрос ценовых предложений,2023-10-03,2023-10-15,12,3,Поставщик_0421,371932869998,5935692.78,Завершен,False
404792,Медицинское оборудование,Заказчик_0098,137588080098,Открытый конкурс,2025-05-23,2025-06-06,14,6,Поставщик_0342,461718724186,7464046.46,Итоги подведены,False
404793,IT-услуги,Заказчик_0106,132435760062,Из одного источника,2024-04-27,2024-05-04,7,3,Поставщик_0003,007225147751,5480097.44,Итоги подведены,False
404794,Стройматериалы,Заказчик_0059,216695400432,Электронный аукцион,2023-08-12,2023-08-19,7,1,Поставщик_0256,172697105248,2597388.32,Итоги подведены,False
404795,Мебель,Заказчик_0181,093957730128,Запрос ценовых предложений,2024-12-06,2024-12-16,10,4,Поставщик_0147,969417822261,981414.46,Завершен,False
404796,Мебель,Заказчик_0072,072315571086,Открытый конкурс,2024-10-02,2024-10-20,18,3,Поставщик_0085,401028370708,916862.65,Итоги подведены,False
404797,Канцелярские товары,Заказчик_0170,681775483909,Открытый конкурс,2024-02-24,2024-03-15,20,3,Поставщик_0282,723262034517,297626.39,Завершен,False
404798,Продукты питания,Заказчик_0159,055513512505,Из одного источника,2023-11-27,2023-12-05,8,4,Поставщик_0265,951877531146,542566.51,Завершен,False
404799,Продукты питания,Заказчик_0184,660677017673,Запрос ценовых предложений,2023-02-20,2023-03-06,14,1,Поставщик_0427,644483312630,437150.57,Опубликован,False
404800,Канцелярские товары,Заказчик_0146,531933776661,Электронный аукцион,2023-02-04,2023-02-19,15,3,Поставщик_0052,121677222058,287330.1,Завершен,False
404801,Транспортные услуги,Заказчик_0027,073988827188,Электронный аукцион,2023-04-12,2023-04-25,13,1,Поставщик_0345,329999570263,1023198.84,Завершен,False
404802,IT-услуги,Заказчик_0161,030990904779,Из одного источника по несостоявшимся закупкам,2024-12-24,2025-01-07,14,1,Поставщик_0087,387671609145,4796761.92,Итоги подведены,False
404803,Продукты питания,Заказчик_0043,200593676791,Открытый конкурс,2023-12-25,2024-01-01,7,2,Поставщик_0648,092630172816,548690.87,Завершен,False
404804,Транспортные услуги,Заказчик_0102,747749566861,Открытый конкурс,2023-11-21,2023-11-24,3,1,Поставщик_0746,277946131833,1676830.76,Итоги подведены,True
404805,Транспортные услуги,Заказчик_0111,446242745384,Открытый конкурс,2023-02-18,2023-03-02,12,4,Поставщик_0087,387671609145,1098225.3,Завершен,False
404806,Транспортные услуги,Заказчик_0069,588454746149,Открытый конкурс,2025-03-25,2025-04-01,7,4,Поставщик_0223,923177940451,1186760.13,Завершен,False
404807,Ремонт зданий,Заказчик_0100,825533331515,Электронный аукцион,2024-11-15,2024-12-06,21,4,Поставщик_0143,926195241029,5917228.74,Завершен,False
404808,Мебель,Заказчик_0017,424039274499,Электронный аукцион,2024-05-20,2024-05-27,7,4,Поставщик_0441,249590173425,1046114.24,Завершен,False
404809,Транспортные услуги,Заказчик_0141,155013446536,Открытый конкурс,2024-09-18,2024-09-30,12,4,Поставщик_0662,345590235858,1293197.21,Завершен,False
404810,Транспортные услуги,Заказчик_0186,053323099951,Электронный аукцион,2024-07-24,2024-08-06,13,1,Поставщик_0174,289501223063,1051567.72,Завершен,False
404811,Транспортные услуги,Заказчик_0045,891036937066,Запрос ценовых предложений,2023-11-11,2023-11-25,14,1,Поставщик_0311,810846194146,1308043.55,Завершен,False
404812,Медицинское оборудование,Заказчик_0021,049902298831,Из одного источника по несостоявшимся закупкам,2025-03-26,2025-04-07,12,7,Поставщик_0118,178899452007,8513424.41,Завершен,False
404813,Стройматериалы,Заказчик_0166,287356331623,Открытый конкурс,2025-01-08,2025-01-22,14,2,Поставщик_0584,713034785365,2743416.39,Завершен,False
404814,Мебель,Заказчик_0069,588454746149,Электронный аукцион,2024-04-11,2024-04-28,17,7,Поставщик_0297,540029846844,913527.98,Завершен,False
404815,Продукты питания,Заказчик_0192,709445965738,Открытый конкурс,2023-04-05,2023-04-20,15,3,Поставщик_0525,285036307574,468892.48,Отменен,False
404816,Ремонт зданий,Заказчик_0147,252922273397,Запрос ценовых предложений,2024-09-24,2024-10-09,15,4,Поставщик_0594,125587341592,5691778.96,Завершен,False
404817,Медицинское оборудование,Заказчик_0105,101837512445,Электронный аукцион,2025-06-11,2025-06-13,2,5,Поставщик_0005,294384972853,7775071.29,Итоги подведены,False
404818,Медицинское оборудование,Заказчик_0181,093957730128,Открытый конкурс,2023-11-08,2023-11-24,16,4,Поставщик_0461,666972086666,8690875.6,Завершен,False
404819,Продукты питания,Заказчик_0038,756202235126,Открытый конкурс,2023-12-02,2023-12-18,16,5,Поставщик_0518,373753623817,499460.2,Завершен,False
404820,IT-услуги,Заказчик_0111,446242745384,Запрос ценовых предложений,2023-10-28,2023-11-14,17,1,Поставщик_0515,994600436234,5205249.23,Завершен,False
404821,Клининг,Заказчик_0100,825533331515,Электронный аукцион,2024-12-09,2024-12-12,3,1,Поставщик_0026,859743472035,928011.74,Завершен,True
404822,Клининг,Заказчик_0037,867585874226,Электронный аукцион,2025-02-10,2025-02-22,12,4,Поставщик_0614,251552734088,680844.71,Завершен,False
404823,Ремонт зданий,Заказчик_0117,419505214624,Из одного источника по несостоявшимся закупкам,2025-03-27,2025-03-30,3,1,Поставщик_0101,134564782885,7587806.08,Завершен,True
404824,Стройматериалы,Заказчик_0106,132435760062,Электронный аукцион,2024-04-09,2024-04-26,17,1,Поставщик_0279,680830429577,3096318.76,Завершен,False
404825,Мебель,Заказчик_0031,763063387334,Из одного источника,2024-09-09,2024-09-20,11,1,Поставщик_0320,336265903303,906213.62,Завершен,False
404826,Медицинское оборудование,Заказчик_0184,660677017673,Открытый конкурс,2023-06-17,2023-06-29,12,4,Поставщик_0670,218987005214,8597342.2,Опубликован,False
404827,Стройматериалы,Заказчик_0025,958511387882,Открытый конкурс,2023-11-04,2023-11-20,16,4,Поставщик_0529,476011360029,3168577.13,Завершен,False
404828,Медицинское оборудование,Заказчик_0055,539176725448,Открытый конкурс,2024-02-22,2024-03-05,12,3,Поставщик_0412,606523072560,8756264.02,Итоги подведены,False
404829,Клининг,Заказчик_0196,444633818661,Открытый конкурс,2024-02-25,2024-03-05,9,8,Поставщик_0241,316582545395,717871.76,Завершен,False
404830,Клининг,Заказчик_0064,196215509941,Из одного источника,2024-06-08,2024-06-17,9,1,Поставщик_0012,926161926239,712112.28,Итоги подведены,False
404831,Медицинское оборудование,Заказчик_0185,103321145403,Из одного источника по несостоявшимся закупкам,2023-07-16,2023-07-27,11,3,Поставщик_0257,169627955944,7096017.47,Завершен,False
404832,Ремонт зданий,Заказчик_0122,138783944958,Из одного источника по несостоявшимся закупкам,2023-03-21,2023-03-27,6,3,Поставщик_0644,384477013768,5551974.58,Завершен,False
404833,Медицинское оборудование,Заказчик_0002,930086875935,Из одного источника,2024-11-22,2024-12-05,13,4,Поставщик_0320,336265903303,7098262.55,Завершен,False
404834,IT-услуги,Заказчик_0040,303789475622,Открытый конкурс,2023-02-01,2023-02-16,15,4,Поставщик_0434,689235115480,4405507.75,Завершен,False
404835,Продукты питания,Заказчик_0114,492430052930,Электронный аукцион,2024-10-13,2024-10-28,15,2,Поставщик_0030,524097098573,505543.37,Завершен,False
404836,Медицинское оборудование,Заказчик_0158,456227804705,Из одного источника,2025-06-05,2025-06-12,7,5,Поставщик_0202,636456738411,8594078.08,Завершен,False
404837,Мебель,Заказчик_0192,709445965738,Электронный аукцион,2023-07-24,2023-07-30,6,5,Поставщик_0655,282227347127,1001758.13,Итоги подведены,False
404838,Ремонт зданий,Заказчик_0181,093957730128,Электронный аукцион,2023-01-30,2023-02-13,14,3,Поставщик_0481,847393827870,6078719.75,Завершен,False
404839,Клининг,Заказчик_0179,703500144758,Из одного источника по несостоявшимся закупкам,2024-10-10,2024-10-24,14,3,Поставщик_0511,245773785983,675591.61,Завершен,False
404840,Медицинское оборудование,Заказчик_0019,190156218256,Открытый конкурс,2024-02-24,2024-03-09,14,2,Поставщик_0665,128709957080,8395424.91,Завершен,False
404841,IT-услуги,Заказчик_0176,053666440505,Открытый конкурс,2025-02-20,2025-02-28,8,2,Поставщик_0246,128011514827,4392121.47,Итоги подведены,False
404842,Продукты питания,Заказчик_0094,217330854160,Из одного источника по несостоявшимся закупкам,2025-05-13,2025-05-25,12,4,Поставщик_0019,918536797002,530766.87,Завершен,False
404843,Мебель,Заказчик_0182,383719759048,Из одного источника по несостоявшимся закупкам,2023-01-04,2023-01-07,3,4,Поставщик_0148,196667504649,1067177.92,Завершен,False
404844,Охранные услуги,Заказчик_0035,461642607714,Электронный аукцион,2024-03-05,2024-03-26,21,2,Поставщик_0187,330515207345,1913240.86,Завершен,False
404845,IT-услуги,Заказчик_0016,294850989981,Электронный аукцион,2023-09-15,2023-09-21,6,4,Поставщик_0682,433512932356,5435262.17,Отменен,False
404846,Мебель,Заказчик_0171,919426295735,Открытый конкурс,2024-01-23,2024-02-13,21,1,Поставщик_0182,527929437955,1006678.68,Завершен,False
404847,Ремонт зданий,Заказчик_0192,709445965738,Запрос ценовых предложений,2023-07-24,2023-08-03,10,9,Поставщик_0771,687593322342,5242752.14,Итоги подведены,False
404848,Канцелярские товары,Заказчик_0148,216398982273,Запрос ценовых предложений,2024-04-24,2024-05-09,15,2,Поставщик_0716,430475267338,298630.29,Завершен,False
404849,Клининг,Заказчик_0168,413748378959,Открытый конкурс,2023-12-10,2023-12-24,14,4,Поставщик_0564,149029451339,759827.79,Завершен,False
404850,Клининг,Заказчик_0147,252922273397,Открытый конкурс,2025-05-03,2025-05-19,16,1,Поставщик_0390,598768757751,623430.05,Завершен,False
404851,Медицинское оборудование,Заказчик_0198,615372780181,Из одного источника по несостоявшимся закупкам,2025-01-29,2025-02-07,9,6,Поставщик_0562,307506639977,8625827.61,Завершен,False
404852,Клининг,Заказчик_0005,965687203229,Электронный аукцион,2025-03-11,2025-03-29,18,6,Поставщик_0755,943941043946,689236.02,Итоги подведены,False
404853,IT-услуги,Заказчик_0046,178619734353,Запрос ценовых предложений,2023-11-27,2023-12-13,16,3,Поставщик_0237,009412350783,4904780.26,Завершен,False
404854,Охранные услуги,Заказчик_0197,921159241640,Запрос ценовых предложений,2024-07-22,2024-08-06,15,3,Поставщик_0080,751360825096,1989872.24,Завершен,False
404855,Мебель,Заказчик_0094,217330854160,Запрос ценовых предложений,2024-04-05,2024-04-18,13,2,Поставщик_0072,965888101287,991581.5,Итоги подведены,False
404856,Ремонт зданий,Заказчик_0174,628964171749,Запрос ценовых предложений,2024-03-23,2024-03-28,5,3,Поставщик_0191,410813781099,5989281.9,Завершен,False
404857,Канцелярские товары,Заказчик_0081,893419340814,Открытый конкурс,2023-11-01,2023-11-18,17,5,Поставщик_0724,642962887540,310398.6,Завершен,False
404858,Продукты питания,Заказчик_0088,446490060265,Открытый конкурс,2024-05-18,2024-05-23,5,1,Поставщик_0024,820750434532,660845.38,Итоги подведены,True
404859,Продукты питания,Заказчик_0126,693755362174,Электронный аукцион,2025-05-22,2025-06-05,14,2,Поставщик_0006,761122032537,457672.56,Итоги подведены,False
404860,Клининг,Заказчик_0198,615372780181,Из одного источника,2024-09-10,2024-09-24,14,1,Поставщик_0579,051812327924,703335.96,Завершен,False
404861,Мебель,Заказчик_0156,370660134587,Запрос ценовых предложений,2023-11-17,2023-12-10,23,2,Поставщик_0409,940213604856,899417.75,Завершен,False
404862,Транспортные услуги,Заказчик_0116,028575123047,Электронный аукцион,2024-09-03,2024-09-16,13,2,Поставщик_0426,385935104354,1069097.35,Итоги подведены,False
404863,Ремонт зданий,Заказчик_0032,421496963502,Из одного источника по несостоявшимся закупкам,2024-01-20,2024-02-05,16,6,Поставщик_0243,047906730374,5843643.56,Завершен,False
404864,Продукты питания,Заказчик_0083,349806593311,Из одного источника,2023-12-27,2024-01-09,13,3,Поставщик_0367,936021322936,466295.54,Опубликован,False
404865,IT-услуги,Заказчик_0141,155013446536,Открытый конкурс,2024-06-10,2024-06-14,4,4,Поставщик_0367,936021322936,4324150.59,Завершен,False
404866,Медицинское оборудование,Заказчик_0041,403641416035,Из одного источника,2023-11-23,2023-12-09,16,1,Поставщик_0596,872810642904,8719344.5,Завершен,False
404867,Стройматериалы,Заказчик_0050,074766470263,Из одного источника по несостоявшимся закупкам,2024-09-30,2024-10-11,11,1,Поставщик_0193,471605601276,2870453.67,Итоги подведены,False
404868,Транспортные услуги,Заказчик_0156,370660134587,Открытый конкурс,2025-02-26,2025-03-12,14,3,Поставщик_0301,886366058053,1144419.98,Опубликован,False
404869,Ремонт зданий,Заказчик_0053,105295618485,Запрос ценовых предложений,2024-05-28,2024-06-10,13,2,Поставщик_0362,693663310109,6422186.64,Завершен,False
404870,Стройматериалы,Заказчик_0006,836394225258,Запрос ценовых предложений,2023-05-07,2023-05-20,13,2,Поставщик_0509,232418148134,3272715.68,Завершен,False
404871,Стройматериалы,Заказчик_0172,325409489345,Открытый конкурс,2025-02-11,2025-02-14,3,2,Поставщик_0439,477268128749,2813333.91,Завершен,False
404872,Транспортные услуги,Заказчик_0187,313404440226,Запрос ценовых предложений,2024-02-04,2024-02-20,16,3,Поставщик_0343,926441226936,1238589.86,Итоги подведены,False
404873,IT-услуги,Заказчик_0016,294850989981,Электронный аукцион,2023-03-03,2023-03-08,5,2,Поставщик_0508,813140511416,4313786.47,Итоги подведены,False
404874,Медицинское оборудование,Заказчик_0036,195028486959,Открытый конкурс,2023-02-27,2023-03-08,9,1,Поставщик_0137,267474352337,6919751.88,Завершен,False
404875,Охранные услуги,Заказчик_0128,840683305887,Из одного источника по несостоявшимся закупкам,2023-06-05,2023-06-24,19,5,Поставщик_0477,658821007971,2130632.2,Итоги подведены,False
404876,Продукты питания,Заказчик_0181,093957730128,Открытый конкурс,2024-02-13,2024-02-16,3,1,Поставщик_0694,546351533435,467705.62,Завершен,False
404877,Клининг,Заказчик_0028,284372013892,Открытый конкурс,2023-03-03,2023-03-07,4,4,Поставщик_0082,626181711111,702961.88,Завершен,False
404878,Клининг,Заказчик_0159,055513512505,Запрос ценовых предложений,2023-01-29,2023-02-03,5,4,Поставщик_0583,869301373063,727037.35,Итоги подведены,False
404879,Транспортные услуги,Заказчик_0078,598284873191,Запрос ценовых предложений,2023-01-21,2023-02-05,15,2,Поставщик_0759,474938970727,1278812.8,Завершен,False
404880,Транспортные услуги,Заказчик_0035,461642607714,Из одного источника,2025-01-25,2025-02-05,11,1,Поставщик_0122,800050545955,1046530.23,Опубликован,False
404881,Медицинское оборудование,Заказчик_0112,839942359881,Запрос ценовых предложений,2023-01-26,2023-02-01,6,1,Поставщик_0433,475307919366,7545359.63,Завершен,False
404882,Охранные услуги,Заказчик_0055,539176725448,Открытый конкурс,2024-02-16,2024-03-04,17,6,Поставщик_0313,187275276446,1964889.74,Завершен,False
404883,Канцелярские товары,Заказчик_0061,915640336836,Из одного источника,2023-11-04,2023-11-18,14,1,Поставщик_0107,130966453732,308473.65,Итоги подведены,False
404884,Клининг,Заказчик_0128,840683305887,Электронный аукцион,2024-06-07,2024-06-10,3,2,Поставщик_0246,128011514827,631717.43,Опубликован,False
404885,Ремонт зданий,Заказчик_0187,313404440226,Из одного источника по несостоявшимся закупкам,2024-02-21,2024-02-26,5,7,Поставщик_0595,398571213861,5343780.93,Итоги подведены,False
404886,Продукты питания,Заказчик_0006,836394225258,Открытый конкурс,2024-05-23,2024-06-03,11,2,Поставщик_0545,195912621758,448458.37,Опубликован,False
404887,Продукты питания,Заказчик_0062,298543394596,Запрос ценовых предложений,2024-03-31,2024-04-06,6,2,Поставщик_0304,573708281211,473437.13,Завершен,False
404888,Транспортные услуги,Заказчик_0183,379370294394,Открытый конкурс,2023-10-17,2023-10-19,2,1,Поставщик_0221,526783920968,1545442.18,Опубликован,True
404889,Стройматериалы,Заказчик_0128,840683305887,Открытый конкурс,2024-04-05,2024-04-24,19,2,Поставщик_0077,930130381662,3166664.12,Итоги подведены,False
404890,Продукты питания,Заказчик_0139,584877345150,Открытый конкурс,2023-04-22,2023-05-10,18,1,Поставщик_0046,697251361799,500812.9,Завершен,False
404891,IT-услуги,Заказчик_0108,933786876564,Открытый конкурс,2023-05-23,2023-05-26,3,2,Поставщик_0649,160106850707,4773014.62,Завершен,False
404892,Клининг,Заказчик_0114,492430052930,Запрос ценовых предложений,2023-05-24,2023-05-30,6,4,Поставщик_0647,153214449482,634688.34,Завершен,False
404893,Стройматериалы,Заказчик_0072,072315571086,Запрос ценовых предложений,2023-09-05,2023-09-16,11,1,Поставщик_0587,992848906008,3000650.9,Завершен,False
404894,Продукты питания,Заказчик_0053,105295618485,Запрос ценовых предложений,2024-02-21,2024-03-04,12,4,Поставщик_0021,352853686067,549667.15,Завершен,False
404895,IT-услуги,Заказчик_0170,681775483909,Электронный аукцион,2024-07-14,2024-07-25,11,6,Поставщик_0218,435602273530,5394946.78,Итоги подведены,False
404896,IT-услуги,Заказчик_0078,598284873191,Открытый конкурс,2024-09-27,2024-10-05,8,3,Поставщик_0044,798305978893,4776374.34,Завершен,False
404897,Стройматериалы,Заказчик_0011,890407714528,Из одного источника по несостоявшимся закупкам,2023-07-21,2023-07-29,8,3,Поставщик_0301,886366058053,3112547.19,Итоги подведены,False
404898,Продукты питания,Заказчик_0016,294850989981,Открытый конкурс,2023-08-08,2023-08-27,19,4,Поставщик_0299,615581038112,427731.61,Завершен,False
404899,Стройматериалы,Заказчик_0060,098599620746,Электронный аукцион,2024-07-24,2024-08-07,14,3,Поставщик_0341,714420391749,3075374.12,Отменен,False
404900,Охранные услуги,Заказчик_0146,531933776661,Электронный аукцион,2023-01-07,2023-01-12,5,1,Поставщик_0299,615581038112,2803717.96,Завершен,True
404901,Медицинское оборудование,Заказчик_0175,560089674827,Запрос ценовых предложений,2025-01-26,2025-02-08,13,5,Поставщик_0695,588998785476,7929385.22,Завершен,False
404902,Транспортные услуги,Заказчик_0108,933786876564,Из одного источника по несостоявшимся закупкам,2023-04-05,2023-04-19,14,2,Поставщик_0709,350768043619,1230425.14,Завершен,False
404903,Стройматериалы,Заказчик_0125,691670073356,Электронный аукцион,2024-08-17,2024-08-31,14,1,Поставщик_0799,593657951736,2675885.96,Опубликован,False
404904,Клининг,Заказчик_0195,530149191342,Запрос ценовых предложений,2023-08-13,2023-08-21,8,4,Поставщик_0776,349263125116,598634.28,Завершен,False
404905,Мебель,Заказчик_0141,155013446536,Электронный аукцион,2024-05-26,2024-06-04,9,7,Поставщик_0567,642698981664,897647.65,Итоги подведены,False
404906,Охранные услуги,Заказчик_0125,691670073356,Электронный аукцион,2023-11-28,2023-12-07,9,3,Поставщик_0753,818718640764,1945714.26,Завершен,False
404907,Транспортные услуги,Заказчик_0016,294850989981,Открытый конкурс,2023-06-12,2023-06-28,16,2,Поставщик_0491,158112158095,1033188.1,Завершен,False
404908,Стройматериалы,Заказчик_0032,421496963502,Из одного источника по несостоявшимся закупкам,2024-05-05,2024-05-17,12,5,Поставщик_0621,686099472938,2783633.18,Завершен,False
404909,Клининг,Заказчик_0146,531933776661,Открытый конкурс,2024-06-27,2024-06-29,2,1,Поставщик_0299,615581038112,898211.51,Завершен,True
404910,Медицинское оборудование,Заказчик_0010,757503098830,Открытый конкурс,2024-04-28,2024-05-01,3,1,Поставщик_0185,771865953750,9409531.73,Опубликован,True
404911,Транспортные услуги,Заказчик_0029,639591919214,Запрос ценовых предложений,2025-01-15,2025-01-27,12,2,Поставщик_0326,956745653116,1154487.83,Завершен,False
404912,Клининг,Заказчик_0104,865457848634,Из одного источника,2025-04-24,2025-05-01,7,2,Поставщик_0086,613468081492,702972.5,Завершен,False
404913,Охранные услуги,Заказчик_0185,103321145403,Открытый конкурс,2025-03-09,2025-03-26,17,1,Поставщик_0116,697739551055,1771286.86,Завершен,False
404914,Продукты питания,Заказчик_0127,352249294184,Из одного источника,2023-02-15,2023-02-25,10,3,Поставщик_0592,415569372220,471558.32,Завершен,False
404915,IT-услуги,Заказчик_0186,053323099951,Запрос ценовых предложений,2023-11-03,2023-11-09,6,1,Поставщик_0253,967181685986,4565570.0,Завершен,False
404916,Стройматериалы,Заказчик_0089,395460786772,Из одного источника по несостоявшимся закупкам,2024-06-25,2024-07-09,14,3,Поставщик_0326,956745653116,2558462.85,Завершен,False
404917,Мебель,Заказчик_0049,308127387209,Из одного источника,2024-07-31,2024-08-18,18,6,Поставщик_0108,105450223327,1011707.54,Итоги подведены,False
404918,Клининг,Заказчик_0163,155720026558,Электронный аукцион,2025-03-25,2025-04-12,18,5,Поставщик_0677,115828932790,679652.8,Завершен,False
404919,Медицинское оборудование,Заказчик_0008,959807652614,Электронный аукцион,2025-05-29,2025-06-04,6,2,Поставщик_0285,513462082964,7632661.59,Итоги подведены,False
404920,Мебель,Заказчик_0048,544728808246,Из одного источника по несостоявшимся закупкам,2024-08-18,2024-09-04,17,4,Поставщик_0597,155020674245,988795.75,Завершен,False
404921,Стройматериалы,Заказчик_0172,325409489345,Запрос ценовых предложений,2024-12-02,2024-12-14,12,1,Поставщик_0257,169627955944,3247257.48,Опубликован,False
404922,Ремонт зданий,Заказчик_0058,694569801375,Электронный аукцион,2024-12-27,2025-01-05,9,3,Поставщик_0430,744564571327,6383403.17,Итоги подведены,False
404923,Продукты питания,Заказчик_0035,461642607714,Из одного источника,2023-11-09,2023-11-15,6,5,Поставщик_0756,517725351365,544679.77,Завершен,False
404924,Стройматериалы,Заказчик_0196,444633818661,Электронный аукцион,2023-07-29,2023-08-11,13,3,Поставщик_0469,343898963033,3291578.16,Завершен,False
404925,IT-услуги,Заказчик_0047,881968747928,Открытый конкурс,2024-07-31,2024-08-20,20,1,Поставщик_0354,093319808172,5103403.22,Завершен,False
404926,Транспортные услуги,Заказчик_0184,660677017673,Электронный аукцион,2024-02-27,2024-03-01,3,6,Поставщик_0224,975718896174,1060862.06,Завершен,False
404927,IT-услуги,Заказчик_0072,072315571086,Из одного источника,2024-05-19,2024-06-01,13,5,Поставщик_0036,652800941983,4696828.08,Завершен,False
404928,Клининг,Заказчик_0181,093957730128,Запрос ценовых предложений,2024-12-28,2025-01-06,9,1,Поставщик_0423,615730788982,632393.62,Завершен,False
404929,Клининг,Заказчик_0134,006567464629,Электронный аукцион,2023-06-29,2023-07-03,4,5,Поставщик_0601,810431206859,747644.91,Итоги подведены,False
404930,Медицинское оборудование,Заказчик_0164,232971847802,Запрос ценовых предложений,2024-02-11,2024-02-19,8,2,Поставщик_0747,841518093322,8265883.22,Завершен,False
404931,Стройматериалы,Заказчик_0195,530149191342,Из одного источника,2024-10-07,2024-10-17,10,2,Поставщик_0758,294831337443,3103782.49,Опубликован,False
404932,Медицинское оборудование,Заказчик_0173,212954133846,Запрос ценовых предложений,2023-03-06,2023-03-14,8,4,Поставщик_0283,652679890840,8292098.31,Опубликован,False
404933,Мебель,Заказчик_0079,987998370546,Электронный аукцион,2025-06-04,2025-06-19,15,1,Поставщик_0069,836621096827,922619.48,Отменен,False
404934,Медицинское оборудование,Заказчик_0075,929625670649,Электронный аукцион,2024-01-20,2024-02-04,15,4,Поставщик_0704,159772307286,7912394.05,Завершен,False
404935,Охранные услуги,Заказчик_0137,362813537454,Запрос ценовых предложений,2023-08-21,2023-08-25,4,3,Поставщик_0286,363568431712,1934517.83,Опубликован,False
404936,Продукты питания,Заказчик_0177,290868910115,Из одного источника,2024-10-19,2024-11-05,17,4,Поставщик_0565,950808586644,524943.96,Завершен,False
404937,Охранные услуги,Заказчик_0020,455927236237,Электронный аукцион,2025-04-16,2025-05-02,16,2,Поставщик_0263,649071103741,1783628.85,Отменен,False
404938,Медицинское оборудование,Заказчик_0110,880371318781,Открытый конкурс,2024-09-14,2024-09-21,7,8,Поставщик_0299,615581038112,7216739.81,Завершен,False
404939,Охранные услуги,Заказчик_0015,769043821442,Запрос ценовых предложений,2023-09-03,2023-09-18,15,2,Поставщик_0576,451280438340,1976064.39,Завершен,False
404940,Охранные услуги,Заказчик_0021,049902298831,Открытый конкурс,2025-04-05,2025-04-12,7,3,Поставщик_0016,146801753931,2040257.08,Отменен,False
404941,Клининг,Заказчик_0118,609055953469,Электронный аукцион,2023-08-21,2023-08-29,8,5,Поставщик_0014,068941037138,607294.46,Завершен,False
404942,Медицинское оборудование,Заказчик_0083,349806593311,Электронный аукцион,2024-02-23,2024-03-07,13,3,Поставщик_0048,291807684220,8796141.77,Завершен,False
404943,IT-услуги,Заказчик_0057,045227746976,Из одного источника по несостоявшимся закупкам,2023-06-27,2023-06-28,1,1,Поставщик_0029,042388906871,4531435.3,Завершен,False
404944,Медицинское оборудование,Заказчик_0078,598284873191,Из одного источника по несостоявшимся закупкам,2025-05-09,2025-05-23,14,3,Поставщик_0675,738345126963,7703983.77,Завершен,False
404945,Клининг,Заказчик_0144,516681609103,Из одного источника,2024-01-14,2024-01-23,9,4,Поставщик_0494,962316023940,739596.86,Завершен,False
404946,IT-услуги,Заказчик_0153,051929549841,Из одного источника по несостоявшимся закупкам,2023-05-31,2023-06-06,6,3,Поставщик_0695,588998785476,4930718.84,Опубликован,False
404947,Канцелярские товары,Заказчик_0163,155720026558,Из одного источника по несостоявшимся закупкам,2023-04-23,2023-05-04,11,4,Поставщик_0267,068487626549,284332.39,Итоги подведены,False
404948,Канцелярские товары,Заказчик_0131,463876194901,Из одного источника,2024-10-07,2024-10-31,24,5,Поставщик_0475,719972248115,287507.27,Завершен,False
404949,Мебель,Заказчик_0189,913923992645,Электронный аукцион,2024-04-13,2024-04-18,5,1,Поставщик_0604,789516709861,881309.0,Завершен,False
404950,IT-услуги,Заказчик_0103,043205340808,Из одного источника по несостоявшимся закупкам,2025-05-01,2025-05-08,7,3,Поставщик_0164,173324279862,4975298.8,Завершен,False
404951,Продукты питания,Заказчик_0072,072315571086,Из одного источника по несостоявшимся закупкам,2023-05-22,2023-05-27,5,3,Поставщик_0124,688615419697,540706.34,Завершен,False
404952,Канцелярские товары,Заказчик_0015,769043821442,Открытый конкурс,2024-01-02,2024-01-17,15,6,Поставщик_0436,051841154098,280826.53,Итоги подведены,False
404953,IT-услуги,Заказчик_0062,298543394596,Открытый конкурс,2023-09-07,2023-09-28,21,7,Поставщик_0085,401028370708,4632202.61,Итоги подведены,False
404954,Транспортные услуги,Заказчик_0176,053666440505,Электронный аукцион,2025-01-08,2025-01-19,11,5,Поставщик_0380,205571075277,1152630.56,Опубликован,False
404955,Стройматериалы,Заказчик_0042,061403237378,Электронный аукцион,2023-03-21,2023-04-02,12,1,Поставщик_0608,196632700250,3112679.53,Опубликован,False
404956,Охранные услуги,Заказчик_0014,219547810444,Открытый конкурс,2024-06-13,2024-06-29,16,5,Поставщик_0277,842507912604,1754443.27,Завершен,False
404957,Охранные услуги,Заказчик_0069,588454746149,Открытый конкурс,2025-02-08,2025-02-14,6,2,Поставщик_0158,941076970110,2185502.75,Завершен,False
404958,Ремонт зданий,Заказчик_0174,628964171749,Электронный аукцион,2023-10-04,2023-10-21,17,3,Поставщик_0029,042388906871,5846668.64,Отменен,False
404959,Транспортные услуги,Заказчик_0053,105295618485,Электронный аукцион,2025-03-17,2025-03-30,13,4,Поставщик_0322,163573634487,1118978.03,Опубликован,False
404960,Медицинское оборудование,Заказчик_0052,571247952112,Открытый конкурс,2025-04-27,2025-05-05,8,2,Поставщик_0344,401366777200,7192125.58,Завершен,False
404961,Стройматериалы,Заказчик_0029,639591919214,Запрос ценовых предложений,2023-07-21,2023-08-04,14,3,Поставщик_0027,918990428350,2919525.34,Завершен,False
404962,Продукты питания,Заказчик_0097,603503212307,Открытый конкурс,2024-05-30,2024-06-09,10,2,Поставщик_0104,693993502678,536444.7,Завершен,False
404963,Ремонт зданий,Заказчик_0166,287356331623,Запрос ценовых предложений,2024-05-23,2024-06-07,15,3,Поставщик_0054,334605183424,5994831.68,Итоги подведены,False
404964,Транспортные услуги,Заказчик_0032,421496963502,Открытый конкурс,2024-09-07,2024-09-14,7,4,Поставщик_0691,853642560172,1208997.62,Завершен,False
404965,Медицинское оборудование,Заказчик_0165,105707422805,Из одного источника по несостоявшимся закупкам,2024-01-19,2024-02-07,19,1,Поставщик_0448,231433408630,7193677.14,Завершен,False
404966,Канцелярские товары,Заказчик_0191,742687446267,Из одного источника по несостоявшимся закупкам,2023-12-02,2023-12-08,6,2,Поставщик_0204,434240733675,305469.86,Завершен,False
404967,Медицинское оборудование,Заказчик_0080,658912085920,Из одного источника по несостоявшимся закупкам,2025-05-17,2025-05-22,5,5,Поставщик_0122,800050545955,7548029.09,Завершен,False
404968,Ремонт зданий,Заказчик_0027,073988827188,Из одного источника,2023-10-02,2023-10-21,19,1,Поставщик_0320,336265903303,6244706.18,Завершен,False
404969,Мебель,Заказчик_0146,531933776661,Запрос ценовых предложений,2023-05-25,2023-05-28,3,1,Поставщик_0299,615581038112,1183276.49,Итоги подведены,True
404970,Ремонт зданий,Заказчик_0179,703500144758,Открытый конкурс,2024-08-08,2024-08-27,19,2,Поставщик_0281,507292149592,5879079.76,Итоги подведены,False
404971,Транспортные услуги,Заказчик_0080,658912085920,Открытый конкурс,2023-04-28,2023-05-12,14,3,Поставщик_0781,916367478121,1061741.59,Итоги подведены,False
404972,Транспортные услуги,Заказчик_0137,362813537454,Из одного источника,2023-07-16,2023-07-31,15,1,Поставщик_0411,650003801943,1227710.9,Завершен,False
404973,Мебель,Заказчик_0094,217330854160,Открытый конкурс,2024-04-17,2024-04-29,12,1,Поставщик_0109,598906496696,1038311.33,Завершен,False
404974,Мебель,Заказчик_0148,216398982273,Из одного источника по несостоявшимся закупкам,2024-11-12,2024-11-22,10,4,Поставщик_0672,334018729361,915189.89,Завершен,False
404975,Продукты питания,Заказчик_0046,178619734353,Из одного источника по несостоявшимся закупкам,2023-02-09,2023-02-17,8,5,Поставщик_0136,106633162843,459545.05,Завершен,False
404976,Клининг,Заказчик_0094,217330854160,Запрос ценовых предложений,2025-03-29,2025-04-06,8,1,Поставщик_0356,484547864403,756228.85,Завершен,False
404977,Канцелярские товары,Заказчик_0171,919426295735,Запрос ценовых предложений,2023-03-01,2023-03-16,15,8,Поставщик_0643,035306899857,313013.18,Завершен,False
404978,Медицинское оборудование,Заказчик_0130,560397578096,Электронный аукцион,2023-04-01,2023-04-16,15,1,Поставщик_0344,401366777200,7202325.08,Опубликован,False
404979,Охранные услуги,Заказчик_0080,658912085920,Открытый конкурс,2023-12-12,2024-01-01,20,2,Поставщик_0509,232418148134,1725563.44,Итоги подведены,False
404980,Клининг,Заказчик_0022,876960826911,Запрос ценовых предложений,2024-04-19,2024-05-01,12,1,Поставщик_0645,945551379107,687276.89,Итоги подведены,False
404981,Канцелярские товары,Заказчик_0092,787963526218,Открытый конкурс,2023-07-20,2023-07-27,7,2,Поставщик_0301,886366058053,257044.44,Итоги подведены,False
404982,Транспортные услуги,Заказчик_0046,178619734353,Открытый конкурс,2023-06-15,2023-06-29,14,5,Поставщик_0718,380941684061,1238705.43,Завершен,False
404983,Охранные услуги,Заказчик_0123,706853063646,Открытый конкурс,2024-12-17,2025-01-06,20,2,Поставщик_0797,468272254890,2031999.77,Итоги подведены,False
404984,Мебель,Заказчик_0099,557410386890,Открытый конкурс,2024-05-18,2024-05-29,11,3,Поставщик_0601,810431206859,998399.57,Завершен,False
404985,IT-услуги,Заказчик_0109,331294210817,Открытый конкурс,2023-04-25,2023-05-02,7,2,Поставщик_0054,334605183424,4483537.78,Опубликован,False
404986,Продукты питания,Заказчик_0098,137588080098,Запрос ценовых предложений,2024-07-24,2024-07-30,6,3,Поставщик_0523,211268747532,522660.98,Итоги подведены,False
404987,Ремонт зданий,Заказчик_0076,276366676869,Электронный аукцион,2023-07-15,2023-07-27,12,3,Поставщик_0128,110621371287,5865952.24,Отменен,False
404988,Охранные услуги,Заказчик_0093,375889866098,Из одного источника по несостоявшимся закупкам,2023-08-29,2023-09-08,10,1,Поставщик_0212,625658016086,1853507.01,Завершен,False
404989,Мебель,Заказчик_0058,694569801375,Из одного источника по несостоявшимся закупкам,2025-05-04,2025-05-19,15,7,Поставщик_0575,527776296651,1071266.01,Завершен,False
404990,IT-услуги,Заказчик_0167,098964499673,Из одного источника по несостоявшимся закупкам,2023-09-26,2023-10-18,22,4,Поставщик_0021,352853686067,5419348.16,Завершен,False
404991,Медицинское оборудование,Заказчик_0031,763063387334,Открытый конкурс,2024-03-17,2024-03-27,10,2,Поставщик_0260,316863067117,8409190.79,Опубликован,False
404992,Медицинское оборудование,Заказчик_0092,787963526218,Открытый конкурс,2025-06-08,2025-06-20,12,2,Поставщик_0362,693663310109,7016356.92,Итоги подведены,False
404993,Мебель,Заказчик_0111,446242745384,Открытый конкурс,2023-09-13,2023-09-18,5,3,Поставщик_0773,432380197171,919609.45,Завершен,False
404994,Мебель,Заказчик_0157,319262117645,Из одного источника по несостоявшимся закупкам,2023-10-17,2023-11-02,16,2,Поставщик_0227,652331722063,960323.97,Завершен,False
404995,IT-услуги,Заказчик_0119,207376773058,Открытый конкурс,2024-02-20,2024-03-04,13,1,Поставщик_0577,090633981015,4720675.57,Завершен,False
404996,Медицинское оборудование,Заказчик_0092,787963526218,Запрос ценовых предложений,2023-02-16,2023-03-03,15,4,Поставщик_0106,115345152371,8591454.65,Итоги подведены,False
404997,IT-услуги,Заказчик_0051,545473722111,Открытый конкурс,2025-01-27,2025-02-10,14,4,Поставщик_0403,760494202930,5450908.99,Итоги подведены,False
404998,Канцелярские товары,Заказчик_0033,456442497105,Электронный аукцион,2023-03-21,2023-04-06,16,3,Поставщик_0664,021248299796,311812.52,Итоги подведены,False
404999,Мебель,Заказчик_0076,276366676869,Открытый конкурс,2024-08-20,2024-09-01,12,6,Поставщик_0649,160106850707,936587.57,Завершен,False
405000,Клининг,Заказчик_0066,882749582259,Из одного источника,2024-01-23,2024-02-09,17,1,Поставщик_0158,941076970110,619825.79,Завершен,False
405001,Мебель,Заказчик_0091,800785553136,Открытый конкурс,2024-06-22,2024-06-23,1,3,Поставщик_0248,462736711337,863690.32,Завершен,False
405002,Охранные услуги,Заказчик_0151,841936905579,Из одного источника,2025-04-25,2025-05-09,14,4,Поставщик_0583,869301373063,2066186.67,Завершен,False
405003,IT-услуги,Заказчик_0086,600723107574,Из одного источника,2024-01-28,2024-02-09,12,2,Поставщик_0313,187275276446,4301473.84,Завершен,False
405004,Транспортные услуги,Заказчик_0182,383719759048,Запрос ценовых предложений,2025-03-06,2025-03-16,10,1,Поставщик_0467,681232354610,1043010.05,Итоги подведены,False
405005,Стройматериалы,Заказчик_0044,011652671671,Электронный аукцион,2023-02-24,2023-03-07,11,1,Поставщик_0197,888052186039,3029158.2,Итоги подведены,False
405006,Охранные услуги,Заказчик_0181,093957730128,Из одного источника по несостоявшимся закупкам,2024-07-03,2024-07-17,14,6,Поставщик_0697,317045030329,1907739.55,Итоги подведены,False
405007,Медицинское оборудование,Заказчик_0112,839942359881,Запрос ценовых предложений,2024-04-28,2024-05-03,5,1,Поставщик_0336,874088944878,10507683.41,Завершен,True
405008,Медицинское оборудование,Заказчик_0174,628964171749,Открытый конкурс,2025-02-26,2025-03-10,12,3,Поставщик_0024,820750434532,8721264.53,Завершен,False
405009,Мебель,Заказчик_0053,105295618485,Электронный аукцион,2023-03-09,2023-03-23,14,4,Поставщик_0681,264209549520,945088.96,Итоги подведены,False
405010,Охранные услуги,Заказчик_0099,557410386890,Открытый конкурс,2023-02-07,2023-02-24,17,5,Поставщик_0418,020226279372,1800326.65,Итоги подведены,False
405011,IT-услуги,Заказчик_0181,093957730128,Открытый конкурс,2024-11-07,2024-11-24,17,3,Поставщик_0682,433512932356,4830588.39,Завершен,False
405012,Продукты питания,Заказчик_0071,069974068469,Запрос ценовых предложений,2024-03-23,2024-03-29,6,6,Поставщик_0398,829094583365,497416.98,Завершен,False
405013,Транспортные услуги,Заказчик_0025,958511387882,Открытый конкурс,2024-11-22,2024-11-23,1,3,Поставщик_0565,950808586644,1258796.17,Завершен,False
405014,Клининг,Заказчик_0020,455927236237,Из одного источника,2023-05-28,2023-06-09,12,8,Поставщик_0016,146801753931,746943.46,Завершен,False
405015,Медицинское оборудование,Заказчик_0181,093957730128,Из одного источника по несостоявшимся закупкам,2023-07-09,2023-07-25,16,1,Поставщик_0134,530528735776,7129304.53,Завершен,False
405016,Мебель,Заказчик_0041,403641416035,Открытый конкурс,2023-07-22,2023-08-01,10,1,Поставщик_0793,809281791467,997240.02,Завершен,False
405017,Транспортные услуги,Заказчик_0150,560471705949,Электронный аукцион,2023-08-07,2023-08-19,12,2,Поставщик_0538,464738624455,1222829.58,Отменен,False
405018,Медицинское оборудование,Заказчик_0113,268518827291,Из одного источника по несостоявшимся закупкам,2024-02-11,2024-02-23,12,3,Поставщик_0430,744564571327,7236492.9,Завершен,False
405019,IT-услуги,Заказчик_0046,178619734353,Открытый конкурс,2024-10-06,2024-10-14,8,5,Поставщик_0215,625566176946,4911678.78,Завершен,False
405020,IT-услуги,Заказчик_0055,539176725448,Из одного источника,2023-05-23,2023-05-28,5,3,Поставщик_0234,545458190187,4478338.69,Итоги подведены,False
405021,Охранные услуги,Заказчик_0049,308127387209,Запрос ценовых предложений,2023-11-12,2023-12-02,20,2,Поставщик_0136,106633162843,2136060.02,Итоги подведены,False
405022,Клининг,Заказчик_0055,539176725448,Запрос ценовых предложений,2024-12-27,2025-01-05,9,1,Поставщик_0788,853991820736,711417.44,Итоги подведены,False
405023,Медицинское оборудование,Заказчик_0020,455927236237,Из одного источника по несостоявшимся закупкам,2025-04-22,2025-05-05,13,5,Поставщик_0352,598108649509,8168197.99,Завершен,False
405024,Продукты питания,Заказчик_0035,461642607714,Электронный аукцион,2025-06-12,2025-06-22,10,3,Поставщик_0501,975249883894,543958.21,Завершен,False
405025,Медицинское оборудование,Заказчик_0017,424039274499,Открытый конкурс,2023-02-01,2023-02-07,6,1,Поставщик_0643,035306899857,7992163.91,Завершен,False
405026,Клининг,Заказчик_0098,137588080098,Из одного источника,2023-06-23,2023-07-05,12,1,Поставщик_0582,664536010552,666417.32,Завершен,False
405027,Ремонт зданий,Заказчик_0087,751590785490,Открытый конкурс,2023-01-01,2023-01-11,10,6,Поставщик_0508,813140511416,6553129.7,Опубликован,False
405028,Транспортные услуги,Заказчик_0121,095952713783,Открытый конкурс,2023-10-04,2023-10-11,7,3,Поставщик_0026,859743472035,1120641.65,Завершен,False
405029,Продукты питания,Заказчик_0143,957760497757,Запрос ценовых предложений,2023-08-13,2023-08-30,17,4,Поставщик_0199,883751991993,457423.42,Опубликован,False
405030,Охранные услуги,Заказчик_0056,936679226110,Открытый конкурс,2024-01-12,2024-01-21,9,4,Поставщик_0581,235737948478,1800002.01,Отменен,False
405031,Продукты питания,Заказчик_0121,095952713783,Запрос ценовых предложений,2023-08-10,2023-08-31,21,2,Поставщик_0238,882733335641,532334.67,Завершен,False
405032,Канцелярские товары,Заказчик_0026,217846198988,Из одного источника,2025-02-18,2025-02-19,1,5,Поставщик_0626,618076893639,283309.97,Завершен,False
405033,Канцелярские товары,Заказчик_0070,366888337780,Из одного источника,2024-12-30,2025-01-11,12,3,Поставщик_0759,474938970727,321219.38,Завершен,False
405034,Транспортные услуги,Заказчик_0013,352206298026,Из одного источника по несостоявшимся закупкам,2024-10-09,2024-10-19,10,2,Поставщик_0785,685426512793,1312128.49,Завершен,False
405035,Охранные услуги,Заказчик_0171,919426295735,Из одного источника,2023-05-12,2023-05-26,14,4,Поставщик_0382,989586553277,1875033.27,Завершен,False
405036,Продукты питания,Заказчик_0134,006567464629,Открытый конкурс,2023-11-11,2023-11-20,9,4,Поставщик_0557,404694079971,541832.58,Итоги подведены,False
405037,Продукты питания,Заказчик_0155,850611322279,Открытый конкурс,2025-01-12,2025-01-21,9,4,Поставщик_0154,360846433592,464401.52,Завершен,False
405038,Клининг,Заказчик_0167,098964499673,Запрос ценовых предложений,2023-10-22,2023-11-03,12,2,Поставщик_0087,387671609145,648588.59,Итоги подведены,False
405039,Стройматериалы,Заказчик_0133,355191676858,Запрос ценовых предложений,2023-10-25,2023-11-10,16,1,Поставщик_0285,513462082964,2707566.62,Завершен,False
405040,Канцелярские товары,Заказчик_0152,918199349998,Из одного источника,2025-04-30,2025-05-12,12,2,Поставщик_0716,430475267338,302663.62,Завершен,False
405041,Ремонт зданий,Заказчик_0197,921159241640,Открытый конкурс,2025-04-19,2025-04-29,10,3,Поставщик_0240,906447641554,6354614.78,Завершен,False
405042,Транспортные услуги,Заказчик_0158,456227804705,Из одного источника,2024-02-10,2024-03-05,24,6,Поставщик_0638,103622641025,1170435.88,Завершен,False
405043,Охранные услуги,Заказчик_0089,395460786772,Открытый конкурс,2024-04-25,2024-05-11,16,4,Поставщик_0369,627611614932,2156652.72,Завершен,False
405044,Мебель,Заказчик_0007,329500167403,Открытый конкурс,2023-10-04,2023-10-15,11,4,Поставщик_0201,892711762522,1075377.74,Опубликован,False
405045,Клининг,Заказчик_0134,006567464629,Электронный аукцион,2023-05-10,2023-05-14,4,3,Поставщик_0444,253076132062,712292.86,Итоги подведены,False
405046,Мебель,Заказчик_0072,072315571086,Из одного источника,2024-10-04,2024-10-13,9,2,Поставщик_0476,706897663773,941892.73,Завершен,False
405047,Медицинское оборудование,Заказчик_0187,313404440226,Открытый конкурс,2023-08-14,2023-08-16,2,3,Поставщик_0226,538312341120,7724592.33,Итоги подведены,False
405048,Продукты питания,Заказчик_0113,268518827291,Электронный аукцион,2023-10-21,2023-11-05,15,3,Поставщик_0559,063934408962,537868.51,Завершен,False
405049,Транспортные услуги,Заказчик_0132,113739882651,Запрос ценовых предложений,2024-12-01,2024-12-10,9,7,Поставщик_0496,641940601150,1274708.17,Завершен,False
405050,Клининг,Заказчик_0086,600723107574,Из одного источника,2024-12-31,2025-01-06,6,4,Поставщик_0005,294384972853,745677.1,Завершен,False
405051,Мебель,Заказчик_0192,709445965738,Открытый конкурс,2024-01-11,2024-01-23,12,2,Поставщик_0343,926441226936,933517.06,Опубликован,False
405052,Мебель,Заказчик_0112,839942359881,Открытый конкурс,2024-02-28,2024-03-01,2,1,Поставщик_0336,874088944878,1393274.51,Завершен,True
405053,IT-услуги,Заказчик_0173,212954133846,Электронный аукцион,2023-08-17,2023-08-18,1,2,Поставщик_0456,721224627093,5115180.1,Завершен,False
405054,Ремонт зданий,Заказчик_0086,600723107574,Открытый конкурс,2024-03-23,2024-04-02,10,6,Поставщик_0127,685395384465,6263948.56,Завершен,False
405055,Медицинское оборудование,Заказчик_0010,757503098830,Электронный аукцион,2024-06-13,2024-07-05,22,6,Поставщик_0231,678404341761,6834371.85,Завершен,False
405056,IT-услуги,Заказчик_0195,530149191342,Запрос ценовых предложений,2024-08-20,2024-09-02,13,1,Поставщик_0047,399069925917,5205004.06,Завершен,False
405057,IT-услуги,Заказчик_0102,747749566861,Открытый конкурс,2023-12-18,2023-12-21,3,1,Поставщик_0746,277946131833,6796738.08,Завершен,True
405058,Канцелярские товары,Заказчик_0075,929625670649,Запрос ценовых предложений,2024-01-07,2024-01-09,2,4,Поставщик_0206,560233844605,323515.98,Итоги подведены,False
405059,IT-услуги,Заказчик_0027,073988827188,Электронный аукцион,2024-12-12,2024-12-30,18,2,Поставщик_0732,490954291680,4789091.64,Итоги подведены,False
405060,Ремонт зданий,Заказчик_0114,492430052930,Открытый конкурс,2024-04-13,2024-04-30,17,3,Поставщик_0034,830235629044,5474455.97,Завершен,False
405061,Клининг,Заказчик_0172,325409489345,Из одного источника по несостоявшимся закупкам,2023-04-12,2023-04-21,9,4,Поставщик_0429,862799779028,724713.01,Завершен,False
405062,Транспортные услуги,Заказчик_0136,789135342202,Электронный аукцион,2025-06-12,2025-06-19,7,4,Поставщик_0277,842507912604,1219585.01,Завершен,False
405063,Стройматериалы,Заказчик_0013,352206298026,Электронный аукцион,2024-09-04,2024-09-23,19,4,Поставщик_0447,811413512591,3090981.66,Завершен,False
405064,Медицинское оборудование,Заказчик_0109,331294210817,Открытый конкурс,2023-10-12,2023-10-23,11,3,Поставщик_0093,500663526930,7020636.14,Завершен,False
405065,Мебель,Заказчик_0060,098599620746,Запрос ценовых предложений,2024-10-21,2024-11-03,13,4,Поставщик_0460,409351429754,924187.19,Завершен,False
405066,Транспортные услуги,Заказчик_0055,539176725448,Электронный аукцион,2024-10-25,2024-11-12,18,1,Поставщик_0053,134266101208,1293626.61,Опубликован,False
405067,Медицинское оборудование,Заказчик_0071,069974068469,Запрос ценовых предложений,2024-11-21,2024-12-04,13,5,Поставщик_0112,415797697143,6856547.01,Завершен,False
405068,IT-услуги,Заказчик_0091,800785553136,Запрос ценовых предложений,2023-04-21,2023-05-03,12,3,Поставщик_0611,023356356115,4447860.23,Завершен,False
405069,Медицинское оборудование,Заказчик_0066,882749582259,Из одного источника,2024-10-14,2024-10-22,8,6,Поставщик_0449,235915981959,7619743.47,Завершен,False
405070,IT-услуги,Заказчик_0112,839942359881,Открытый конкурс,2023-01-17,2023-01-18,1,1,Поставщик_0336,874088944878,6344573.76,Завершен,True
405071,Канцелярские товары,Заказчик_0099,557410386890,Электронный аукцион,2023-05-07,2023-05-20,13,2,Поставщик_0521,790495056105,323963.67,Итоги подведены,False
405072,Транспортные услуги,Заказчик_0100,825533331515,Из одного источника по несостоявшимся закупкам,2024-01-22,2024-01-27,5,1,Поставщик_0026,859743472035,1577367.04,Завершен,True
405073,Мебель,Заказчик_0035,461642607714,Из одного источника по несостоявшимся закупкам,2025-02-12,2025-02-20,8,3,Поставщик_0792,041878927631,910557.86,Итоги подведены,False
405074,Канцелярские товары,Заказчик_0171,919426295735,Из одного источника,2023-05-10,2023-06-03,24,1,Поставщик_0742,112871143972,296887.41,Завершен,False
405075,Канцелярские товары,Заказчик_0087,751590785490,Из одного источника по несостоявшимся закупкам,2024-07-06,2024-07-23,17,7,Поставщик_0120,533402274817,299542.16,Завершен,False
405076,Ремонт зданий,Заказчик_0123,706853063646,Из одного источника,2024-12-29,2025-01-10,12,8,Поставщик_0074,485908583208,5375437.82,Завершен,False
405077,Канцелярские товары,Заказчик_0001,016525808631,Открытый конкурс,2023-06-13,2023-06-16,3,3,Поставщик_0799,593657951736,323510.58,Завершен,False
405078,Клининг,Заказчик_0147,252922273397,Электронный аукцион,2024-10-04,2024-10-14,10,5,Поставщик_0601,810431206859,636321.34,Завершен,False
405079,Канцелярские товары,Заказчик_0036,195028486959,Запрос ценовых предложений,2025-06-08,2025-06-20,12,6,Поставщик_0185,771865953750,286659.82,Завершен,False
405080,Ремонт зданий,Заказчик_0097,603503212307,Открытый конкурс,2023-10-16,2023-11-04,19,3,Поставщик_0594,125587341592,5709746.71,Завершен,False
405081,Продукты питания,Заказчик_0085,228319081121,Из одного источника,2025-01-10,2025-01-15,5,1,Поставщик_0550,582148078867,476143.02,Завершен,False
405082,Мебель,Заказчик_0011,890407714528,Запрос ценовых предложений,2025-02-23,2025-03-07,12,1,Поставщик_0210,181743746112,1008074.52,Опубликован,False
405083,IT-услуги,Заказчик_0018,571295570558,Из одного источника по несостоявшимся закупкам,2023-05-26,2023-06-02,7,3,Поставщик_0251,377751361568,4895127.85,Итоги подведены,False
405084,Ремонт зданий,Заказчик_0086,600723107574,Запрос ценовых предложений,2024-12-23,2024-12-30,7,2,Поставщик_0128,110621371287,5300173.63,Завершен,False
405085,Транспортные услуги,Заказчик_0111,446242745384,Запрос ценовых предложений,2024-02-06,2024-02-24,18,3,Поставщик_0548,955703903231,1125297.05,Завершен,False
405086,Мебель,Заказчик_0113,268518827291,Из одного источника по несостоявшимся закупкам,2024-08-09,2024-08-21,12,2,Поставщик_0451,536259268377,896734.78,Итоги подведены,False
405087,Продукты питания,Заказчик_0188,511393683388,Электронный аукцион,2024-06-02,2024-06-24,22,4,Поставщик_0044,798305978893,436938.73,Завершен,False
405088,Продукты питания,Заказчик_0127,352249294184,Открытый конкурс,2025-05-03,2025-05-14,11,4,Поставщик_0386,247939641501,534319.87,Опубликован,False
405089,IT-услуги,Заказчик_0061,915640336836,Открытый конкурс,2023-02-07,2023-02-17,10,3,Поставщик_0455,161205892073,4616967.35,Опубликован,False
405090,Продукты питания,Заказчик_0071,069974068469,Запрос ценовых предложений,2023-06-02,2023-06-11,9,6,Поставщик_0081,606435416636,474302.67,Итоги подведены,False
405091,Охранные услуги,Заказчик_0079,987998370546,Из одного источника по несостоявшимся закупкам,2023-03-26,2023-04-08,13,6,Поставщик_0290,793742995159,1918735.35,Завершен,False
405092,Клининг,Заказчик_0112,839942359881,Открытый конкурс,2023-11-10,2023-11-21,11,3,Поставщик_0390,598768757751,655787.84,Завершен,False
405093,Охранные услуги,Заказчик_0111,446242745384,Открытый конкурс,2025-01-10,2025-01-16,6,2,Поставщик_0081,606435416636,2089594.89,Итоги подведены,False
405094,Охранные услуги,Заказчик_0181,093957730128,Электронный аукцион,2023-12-12,2023-12-16,4,1,Поставщик_0308,129590257354,2093512.99,Итоги подведены,False
405095,Транспортные услуги,Заказчик_0065,847528925395,Из одного источника,2025-01-01,2025-01-21,20,3,Поставщик_0513,247215278928,1021177.4,Завершен,False
405096,Стройматериалы,Заказчик_0134,006567464629,Открытый конкурс,2023-03-14,2023-03-25,11,2,Поставщик_0778,818114369237,3258692.24,Завершен,False
405097,Охранные услуги,Заказчик_0078,598284873191,Открытый конкурс,2023-04-29,2023-05-09,10,4,Поставщик_0174,289501223063,2040029.0,Завершен,False
405098,Транспортные услуги,Заказчик_0059,216695400432,Запрос ценовых предложений,2025-02-15,2025-02-27,12,1,Поставщик_0256,172697105248,1066631.44,Завершен,False
405099,Мебель,Заказчик_0128,840683305887,Электронный аукцион,2024-10-06,2024-10-17,11,8,Поставщик_0177,586572360924,1058090.17,Завершен,False
405100,IT-услуги,Заказчик_0175,560089674827,Запрос ценовых предложений,2025-05-13,2025-05-29,16,5,Поставщик_0084,986105712292,4296436.79,Завершен,False
405101,Медицинское оборудование,Заказчик_0052,571247952112,Запрос ценовых предложений,2023-08-28,2023-09-03,6,1,Поставщик_0590,939998271903,7381239.85,Итоги подведены,False
405102,Клининг,Заказчик_0040,303789475622,Открытый конкурс,2025-05-09,2025-05-17,8,2,Поставщик_0576,451280438340,739462.03,Итоги подведены,False
405103,Продукты питания,Заказчик_0118,609055953469,Запрос ценовых предложений,2024-08-30,2024-09-16,17,2,Поставщик_0125,432403029344,428388.31,Завершен,False
405104,Медицинское оборудование,Заказчик_0169,512269807126,Запрос ценовых предложений,2025-06-06,2025-06-11,5,1,Поставщик_0296,457711350883,8707972.23,Итоги подведены,False
405105,Клининг,Заказчик_0066,882749582259,Из одного источника,2024-04-24,2024-05-07,13,3,Поставщик_0359,522051611308,636861.4,Завершен,False
405106,Охранные услуги,Заказчик_0018,571295570558,Электронный аукцион,2023-02-25,2023-03-12,15,3,Поставщик_0682,433512932356,1828138.41,Завершен,False
405107,Охранные услуги,Заказчик_0166,287356331623,Запрос ценовых предложений,2023-05-12,2023-05-19,7,3,Поставщик_0399,507533115246,1962109.31,Опубликован,False
405108,Транспортные услуги,Заказчик_0106,132435760062,Электронный аукцион,2024-09-14,2024-09-18,4,3,Поставщик_0236,351635939493,1141574.15,Завершен,False
405109,Стройматериалы,Заказчик_0102,747749566861,Запрос ценовых предложений,2025-02-28,2025-03-18,18,5,Поставщик_0379,687413037719,3194696.5,Завершен,False
405110,Ремонт зданий,Заказчик_0125,691670073356,Из одного источника,2024-08-22,2024-09-04,13,1,Поставщик_0683,389018421647,5538385.61,Итоги подведены,False
405111,Ремонт зданий,Заказчик_0095,724337750016,Из одного источника по несостоявшимся закупкам,2024-01-10,2024-01-29,19,3,Поставщик_0736,946616957932,5337586.85,Завершен,False
405112,Ремонт зданий,Заказчик_0064,196215509941,Электронный аукцион,2024-04-21,2024-05-05,14,1,Поставщик_0403,760494202930,5948738.19,Опубликован,False
405113,Транспортные услуги,Заказчик_0032,421496963502,Открытый конкурс,2024-02-27,2024-03-06,8,3,Поставщик_0687,475324296563,1101175.15,Итоги подведены,False
405114,Транспортные услуги,Заказчик_0164,232971847802,Открытый конкурс,2023-12-06,2023-12-17,11,2,Поставщик_0446,932049316287,1088929.17,Завершен,False
405115,Транспортные услуги,Заказчик_0047,881968747928,Открытый конкурс,2024-04-15,2024-04-24,9,4,Поставщик_0372,944811679801,1081969.04,Опубликован,False
405116,Мебель,Заказчик_0159,055513512505,Электронный аукцион,2024-08-12,2024-08-19,7,2,Поставщик_0506,925712227523,866637.82,Завершен,False
405117,Мебель,Заказчик_0142,197238572836,Электронный аукцион,2023-05-31,2023-06-17,17,2,Поставщик_0147,969417822261,993573.73,Завершен,False
405118,IT-услуги,Заказчик_0189,913923992645,Открытый конкурс,2024-04-21,2024-05-09,18,3,Поставщик_0170,188216312170,5360838.22,Опубликован,False
405119,Стройматериалы,Заказчик_0175,560089674827,Запрос ценовых предложений,2023-06-27,2023-07-03,6,3,Поставщик_0370,008318800461,3115222.87,Завершен,False
405120,Ремонт зданий,Заказчик_0155,850611322279,Открытый конкурс,2023-08-20,2023-09-09,20,1,Поставщик_0549,779704718153,6581093.31,Завершен,False
405121,Канцелярские товары,Заказчик_0165,105707422805,Электронный аукцион,2023-05-24,2023-06-07,14,1,Поставщик_0282,723262034517,313582.84,Опубликован,False
405122,Ремонт зданий,Заказчик_0122,138783944958,Открытый конкурс,2024-03-12,2024-03-26,14,7,Поставщик_0424,046057654433,6324401.37,Итоги подведены,False
405123,Ремонт зданий,Заказчик_0051,545473722111,Запрос ценовых предложений,2024-03-08,2024-03-16,8,4,Поставщик_0251,377751361568,5365510.24,Завершен,False
405124,Стройматериалы,Заказчик_0065,847528925395,Открытый конкурс,2023-07-23,2023-07-31,8,3,Поставщик_0198,662219935215,2996486.6,Опубликован,False
405125,Канцелярские товары,Заказчик_0145,164798701236,Из одного источника по несостоявшимся закупкам,2025-06-03,2025-06-22,19,3,Поставщик_0244,547497209775,285935.91,Завершен,False
405126,Продукты питания,Заказчик_0020,455927236237,Открытый конкурс,2025-02-06,2025-02-25,19,4,Поставщик_0114,566757091730,473976.91,Итоги подведены,False
405127,Клининг,Заказчик_0067,415355431652,Запрос ценовых предложений,2024-11-16,2024-12-05,19,4,Поставщик_0410,321230379767,652381.35,Завершен,False
405128,Клининг,Заказчик_0136,789135342202,Электронный аукцион,2024-03-14,2024-03-25,11,2,Поставщик_0535,861556163831,618165.69,Завершен,False
405129,Транспортные услуги,Заказчик_0034,638762102480,Запрос ценовых предложений,2025-02-04,2025-02-18,14,1,Поставщик_0364,117948525800,1266404.31,Завершен,False
405130,Ремонт зданий,Заказчик_0026,217846198988,Электронный аукцион,2023-01-15,2023-01-30,15,2,Поставщик_0283,652679890840,5890811.21,Завершен,False
405131,Мебель,Заказчик_0117,419505214624,Из одного источника,2025-06-15,2025-06-18,3,1,Поставщик_0101,134564782885,1290904.91,Итоги подведены,True
405132,Клининг,Заказчик_0054,441094840601,Электронный аукцион,2024-12-19,2024-12-25,6,1,Поставщик_0463,595148239633,654193.21,Отменен,False
405133,Клининг,Заказчик_0051,545473722111,Запрос ценовых предложений,2024-11-22,2024-12-09,17,3,Поставщик_0467,681232354610,731342.39,Итоги подведены,False
405134,Стройматериалы,Заказчик_0168,413748378959,Открытый конкурс,2025-04-24,2025-05-04,10,4,Поставщик_0357,426146524941,3065449.56,Отменен,False
405135,Ремонт зданий,Заказчик_0158,456227804705,Электронный аукцион,2023-06-27,2023-07-12,15,2,Поставщик_0253,967181685986,6543982.28,Завершен,False
405136,Канцелярские товары,Заказчик_0138,309592304864,Запрос ценовых предложений,2024-03-11,2024-03-13,2,3,Поставщик_0588,727453636489,301636.76,Завершен,False
405137,Клининг,Заказчик_0111,446242745384,Запрос ценовых предложений,2024-11-04,2024-11-26,22,6,Поставщик_0069,836621096827,766303.86,Завершен,False
405138,Клининг,Заказчик_0036,195028486959,Электронный аукцион,2023-11-16,2023-11-17,1,2,Поставщик_0698,602406269889,682218.17,Завершен,False
405139,Продукты питания,Заказчик_0177,290868910115,Открытый конкурс,2024-04-04,2024-04-20,16,2,Поставщик_0629,485436510430,547889.78,Итоги подведены,False
405140,Стройматериалы,Заказчик_0198,615372780181,Из одного источника по несостоявшимся закупкам,2023-10-16,2023-10-25,9,5,Поставщик_0752,736110152455,3263169.95,Завершен,False
405141,IT-услуги,Заказчик_0108,933786876564,Из одного источника,2025-01-24,2025-02-10,17,3,Поставщик_0313,187275276446,4302642.71,Завершен,False
405142,Ремонт зданий,Заказчик_0180,050288400985,Из одного источника,2024-03-15,2024-03-22,7,3,Поставщик_0606,849526834930,5203683.64,Завершен,False
405143,Клининг,Заказчик_0072,072315571086,Открытый конкурс,2024-12-06,2024-12-14,8,2,Поставщик_0537,774059209133,705977.68,Итоги подведены,False
405144,Стройматериалы,Заказчик_0124,308392990638,Из одного источника,2023-12-25,2024-01-01,7,2,Поставщик_0468,705905069794,2757975.46,Завершен,False
405145,Охранные услуги,Заказчик_0144,516681609103,Запрос ценовых предложений,2025-06-07,2025-06-22,15,1,Поставщик_0620,463614404503,1718548.67,Итоги подведены,False
405146,Продукты питания,Заказчик_0023,152672624980,Из одного источника по несостоявшимся закупкам,2023-07-07,2023-07-11,4,3,Поставщик_0004,178380759187,492505.45,Завершен,False
405147,Охранные услуги,Заказчик_0019,190156218256,Запрос ценовых предложений,2023-12-15,2023-12-26,11,5,Поставщик_0059,487654415799,1776033.71,Завершен,False
405148,Мебель,Заказчик_0080,658912085920,Из одного источника по несостоявшимся закупкам,2023-04-07,2023-04-15,8,2,Поставщик_0758,294831337443,997378.01,Завершен,False
405149,Медицинское оборудование,Заказчик_0002,930086875935,Открытый конкурс,2023-02-11,2023-02-19,8,5,Поставщик_0676,607807975653,7627041.46,Завершен,False
405150,Стройматериалы,Заказчик_0032,421496963502,Открытый конкурс,2024-07-20,2024-08-08,19,3,Поставщик_0374,844728350373,2563611.04,Завершен,False
405151,Мебель,Заказчик_0010,757503098830,Запрос ценовых предложений,2023-02-12,2023-02-24,12,3,Поставщик_0748,776349988752,1028943.15,Итоги подведены,False
405152,Медицинское оборудование,Заказчик_0078,598284873191,Из одного источника по несостоявшимся закупкам,2024-04-17,2024-04-30,13,5,Поставщик_0740,689804271765,8666419.83,Завершен,False
405153,Медицинское оборудование,Заказчик_0038,756202235126,Открытый конкурс,2023-02-10,2023-02-17,7,5,Поставщик_0400,936327429345,7482663.67,Завершен,False
405154,Ремонт зданий,Заказчик_0055,539176725448,Запрос ценовых предложений,2025-06-16,2025-06-23,7,4,Поставщик_0241,316582545395,5195917.75,Завершен,False
405155,Транспортные услуги,Заказчик_0009,498251982661,Электронный аукцион,2023-10-28,2023-10-29,1,1,Поставщик_0029,042388906871,1616684.16,Итоги подведены,True
405156,Ремонт зданий,Заказчик_0032,421496963502,Электронный аукцион,2025-06-07,2025-06-15,8,4,Поставщик_0689,815804109316,5911650.69,Завершен,False
405157,IT-услуги,Заказчик_0003,868570220212,Открытый конкурс,2023-09-02,2023-09-22,20,4,Поставщик_0658,678801259710,5017829.29,Завершен,False
405158,Транспортные услуги,Заказчик_0152,918199349998,Из одного источника по несостоявшимся закупкам,2023-08-10,2023-08-23,13,1,Поставщик_0290,793742995159,1144047.6,Опубликован,False
405159,IT-услуги,Заказчик_0040,303789475622,Открытый конкурс,2024-02-14,2024-02-26,12,2,Поставщик_0289,335139441430,4781195.9,Завершен,False
405160,Канцелярские товары,Заказчик_0192,709445965738,Из одного источника,2024-07-12,2024-07-21,9,2,Поставщик_0050,866108239013,273797.67,Завершен,False
405161,Транспортные услуги,Заказчик_0003,868570220212,Из одного источника по несостоявшимся закупкам,2025-04-13,2025-05-04,21,6,Поставщик_0763,112102572520,1152542.38,Завершен,False
405162,Канцелярские товары,Заказчик_0047,881968747928,Электронный аукцион,2023-11-21,2023-11-28,7,2,Поставщик_0598,544669200201,286037.86,Завершен,False
405163,Мебель,Заказчик_0155,850611322279,Из одного источника по несостоявшимся закупкам,2023-05-17,2023-05-26,9,4,Поставщик_0025,157250824319,930193.65,Завершен,False
405164,IT-услуги,Заказчик_0001,016525808631,Электронный аукцион,2023-12-07,2023-12-17,10,2,Поставщик_0207,184717961441,4356415.19,Опубликован,False
405165,Мебель,Заказчик_0003,868570220212,Электронный аукцион,2023-08-03,2023-08-20,17,3,Поставщик_0098,571368539972,1032338.68,Завершен,False
405166,Медицинское оборудование,Заказчик_0060,098599620746,Запрос ценовых предложений,2023-04-07,2023-04-20,13,4,Поставщик_0719,880353449473,7480989.74,Завершен,False
405167,Медицинское оборудование,Заказчик_0193,560763609637,Из одного источника по несостоявшимся закупкам,2024-02-20,2024-03-02,11,4,Поставщик_0486,096596402469,7444244.15,Завершен,False
405168,Канцелярские товары,Заказчик_0125,691670073356,Электронный аукцион,2024-03-03,2024-03-29,26,5,Поставщик_0351,955407680663,271959.87,Завершен,False
405169,Ремонт зданий,Заказчик_0016,294850989981,Электронный аукцион,2024-02-07,2024-02-20,13,5,Поставщик_0454,962676334080,5910315.34,Завершен,False
405170,Канцелярские товары,Заказчик_0086,600723107574,Электронный аукцион,2023-04-07,2023-04-22,15,2,Поставщик_0570,282874294013,287632.75,Итоги подведены,False
405171,IT-услуги,Заказчик_0119,207376773058,Из одного источника,2024-12-14,2024-12-22,8,1,Поставщик_0184,103135280397,5437480.19,Итоги подведены,False
405172,Ремонт зданий,Заказчик_0109,331294210817,Открытый конкурс,2023-04-21,2023-05-06,15,5,Поставщик_0699,964487800817,6524660.68,Завершен,False
405173,Канцелярские товары,Заказчик_0197,921159241640,Запрос ценовых предложений,2023-05-11,2023-05-28,17,4,Поставщик_0130,021955076204,315165.98,Завершен,False
405174,Медицинское оборудование,Заказчик_0118,609055953469,Запрос ценовых предложений,2025-04-17,2025-04-28,11,2,Поставщик_0142,733557002893,8218494.88,Отменен,False
405175,Транспортные услуги,Заказчик_0015,769043821442,Из одного источника,2024-02-11,2024-02-15,4,3,Поставщик_0100,626236969563,1078897.63,Завершен,False
405176,IT-услуги,Заказчик_0056,936679226110,Запрос ценовых предложений,2023-11-02,2023-11-11,9,5,Поставщик_0583,869301373063,4776692.84,Опубликован,False
405177,Медицинское оборудование,Заказчик_0120,174668074201,Запрос ценовых предложений,2025-02-23,2025-03-07,12,2,Поставщик_0758,294831337443,7725929.09,Завершен,False
405178,Мебель,Заказчик_0164,232971847802,Из одного источника по несостоявшимся закупкам,2025-03-05,2025-03-21,16,4,Поставщик_0516,563223430007,860596.08,Завершен,False
405179,IT-услуги,Заказчик_0114,492430052930,Электронный аукцион,2023-12-17,2023-12-26,9,1,Поставщик_0220,468537478273,4933674.19,Итоги подведены,False
405180,Мебель,Заказчик_0017,424039274499,Из одного источника по несостоявшимся закупкам,2024-11-18,2024-12-02,14,5,Поставщик_0617,904610610248,921692.75,Итоги подведены,False
405181,Продукты питания,Заказчик_0056,936679226110,Электронный аукцион,2025-03-19,2025-04-04,16,4,Поставщик_0114,566757091730,517369.85,Завершен,False
405182,Стройматериалы,Заказчик_0037,867585874226,Из одного источника,2023-09-06,2023-09-15,9,4,Поставщик_0354,093319808172,2980069.79,Завершен,False
405183,Мебель,Заказчик_0178,823345926868,Из одного источника по несостоявшимся закупкам,2024-08-24,2024-09-05,12,3,Поставщик_0322,163573634487,862164.2,Завершен,False
405184,Стройматериалы,Заказчик_0073,291422089614,Из одного источника по несостоявшимся закупкам,2023-06-13,2023-06-22,9,2,Поставщик_0086,613468081492,3180349.54,Итоги подведены,False
405185,Стройматериалы,Заказчик_0107,769835139635,Из одного источника,2024-07-23,2024-07-28,5,1,Поставщик_0685,775363758901,4268613.12,Завершен,True
405186,Ремонт зданий,Заказчик_0167,098964499673,Запрос ценовых предложений,2023-11-26,2023-12-06,10,2,Поставщик_0333,698937809686,5698433.64,Завершен,False
405187,Продукты питания,Заказчик_0000,602276804025,Запрос ценовых предложений,2023-01-01,2023-01-07,6,2,Поставщик_0257,169627955944,531339.78,Завершен,False
405188,IT-услуги,Заказчик_0055,539176725448,Электронный аукцион,2025-05-14,2025-05-30,16,4,Поставщик_0297,540029846844,4318137.82,Завершен,False
405189,Медицинское оборудование,Заказчик_0191,742687446267,Из одного источника по несостоявшимся закупкам,2024-04-12,2024-04-28,16,1,Поставщик_0428,856790002133,7100165.07,Завершен,False
405190,IT-услуги,Заказчик_0037,867585874226,Открытый конкурс,2024-07-13,2024-07-27,14,3,Поставщик_0778,818114369237,4268105.22,Отменен,False
405191,Продукты питания,Заказчик_0161,030990904779,Открытый конкурс,2024-01-15,2024-01-31,16,4,Поставщик_0644,384477013768,535615.28,Завершен,False
405192,Охранные услуги,Заказчик_0101,937882116761,Запрос ценовых предложений,2023-01-01,2023-01-11,10,1,Поставщик_0244,547497209775,2161616.49,Завершен,False
405193,Охранные услуги,Заказчик_0130,560397578096,Открытый конкурс,2025-04-18,2025-04-25,7,3,Поставщик_0642,380264830214,1977970.68,Завершен,False
405194,Охранные услуги,Заказчик_0139,584877345150,Электронный аукцион,2024-09-20,2024-09-29,9,6,Поставщик_0493,659352082128,2085481.56,Завершен,False
405195,Мебель,Заказчик_0055,539176725448,Открытый конкурс,2023-01-17,2023-02-03,17,2,Поставщик_0768,424876063568,1044725.84,Завершен,False
405196,Продукты питания,Заказчик_0003,868570220212,Открытый конкурс,2023-04-28,2023-05-12,14,5,Поставщик_0044,798305978893,473909.89,Итоги подведены,False
405197,Ремонт зданий,Заказчик_0054,441094840601,Запрос ценовых предложений,2024-07-14,2024-07-16,2,2,Поставщик_0143,926195241029,6353076.73,Завершен,False
405198,Ремонт зданий,Заказчик_0165,105707422805,Из одного источника,2024-04-14,2024-04-21,7,7,Поставщик_0338,671463015987,6483392.45,Завершен,False
405199,Транспортные услуги,Заказчик_0141,155013446536,Электронный аукцион,2023-06-14,2023-06-28,14,3,Поставщик_0490,845577179815,1279105.27,Завершен,False
405200,IT-услуги,Заказчик_0118,609055953469,Запрос ценовых предложений,2024-07-12,2024-07-16,4,3,Поставщик_0247,478301914972,5020833.32,Завершен,False
405201,Ремонт зданий,Заказчик_0163,155720026558,Открытый конкурс,2023-06-04,2023-06-13,9,3,Поставщик_0188,522310503057,5199121.99,Итоги подведены,False
405202,Ремонт зданий,Заказчик_0090,423440463190,Запрос ценовых предложений,2024-04-23,2024-05-05,12,6,Поставщик_0778,818114369237,5268330.91,Завершен,False
405203,Клининг,Заказчик_0072,072315571086,Из одного источника,2025-05-08,2025-05-14,6,7,Поставщик_0789,185832953116,739776.76,Опубликован,False
405204,IT-услуги,Заказчик_0191,742687446267,Электронный аукцион,2023-04-10,2023-04-20,10,4,Поставщик_0205,587548095375,4390130.35,Завершен,False
405205,Охранные услуги,Заказчик_0080,658912085920,Электронный аукцион,2024-08-29,2024-09-08,10,5,Поставщик_0321,485926593358,2053261.57,Отменен,False
405206,Стройматериалы,Заказчик_0131,463876194901,Электронный аукцион,2024-10-10,2024-10-18,8,1,Поставщик_0746,277946131833,2583135.12,Итоги подведены,False
405207,Охранные услуги,Заказчик_0101,937882116761,Запрос ценовых предложений,2024-10-29,2024-11-15,17,3,Поставщик_0395,127547310444,1877060.11,Завершен,False
405208,Мебель,Заказчик_0092,787963526218,Из одного источника,2023-04-01,2023-04-09,8,3,Поставщик_0418,020226279372,1020991.63,Завершен,False
405209,Ремонт зданий,Заказчик_0003,868570220212,Открытый конкурс,2023-09-15,2023-09-22,7,1,Поставщик_0655,282227347127,6416991.21,Итоги подведены,False
405210,Канцелярские товары,Заказчик_0180,050288400985,Открытый конкурс,2023-09-07,2023-09-22,15,2,Поставщик_0761,347490669426,271454.68,Завершен,False
405211,Медицинское оборудование,Заказчик_0145,164798701236,Из одного источника по несостоявшимся закупкам,2023-07-24,2023-08-09,16,2,Поставщик_0754,155928225349,7463492.31,Завершен,False
405212,IT-услуги,Заказчик_0163,155720026558,Открытый конкурс,2024-04-20,2024-05-07,17,1,Поставщик_0008,827876452446,5465425.81,Завершен,False
405213,Медицинское оборудование,Заказчик_0032,421496963502,Электронный аукцион,2025-05-30,2025-06-05,6,8,Поставщик_0749,263030557890,7712550.74,Завершен,False
405214,Транспортные услуги,Заказчик_0122,138783944958,Из одного источника,2024-12-19,2025-01-04,16,1,Поставщик_0649,160106850707,1309074.82,Завершен,False
405215,Канцелярские товары,Заказчик_0116,028575123047,Запрос ценовых предложений,2024-09-06,2024-09-13,7,2,Поставщик_0235,346088960115,289277.95,Завершен,False
405216,Ремонт зданий,Заказчик_0011,890407714528,Открытый конкурс,2023-11-29,2023-12-18,19,1,Поставщик_0291,467915348400,5362021.95,Завершен,False
405217,Ремонт зданий,Заказчик_0078,598284873191,Открытый конкурс,2023-05-25,2023-06-14,20,1,Поставщик_0189,115461672073,5946220.13,Завершен,False
405218,Охранные услуги,Заказчик_0011,890407714528,Электронный аукцион,2024-03-08,2024-03-29,21,2,Поставщик_0225,750965040563,1809781.47,Итоги подведены,False
405219,Медицинское оборудование,Заказчик_0045,891036937066,Запрос ценовых предложений,2024-05-07,2024-05-08,1,2,Поставщик_0146,082068094382,8248264.2,Завершен,False
405220,Мебель,Заказчик_0199,342856565386,Открытый конкурс,2023-09-18,2023-09-24,6,1,Поставщик_0259,469059047610,1248518.96,Завершен,True
405221,Канцелярские товары,Заказчик_0155,850611322279,Открытый конкурс,2023-11-15,2023-11-25,10,2,Поставщик_0621,686099472938,257446.53,Завершен,False
405222,Продукты питания,Заказчик_0022,876960826911,Запрос ценовых предложений,2024-04-05,2024-04-10,5,1,Поставщик_0689,815804109316,517056.2,Завершен,False
405223,IT-услуги,Заказчик_0145,164798701236,Электронный аукцион,2024-06-28,2024-07-15,17,2,Поставщик_0136,106633162843,4595496.58,Завершен,False
405224,Продукты питания,Заказчик_0117,419505214624,Из одного источника по несостоявшимся закупкам,2024-06-14,2024-06-16,2,1,Поставщик_0101,134564782885,687651.89,Завершен,True
405225,Транспортные услуги,Заказчик_0050,074766470263,Запрос ценовых предложений,2023-11-08,2023-11-20,12,1,Поставщик_0558,339474201463,1198903.82,Завершен,False
405226,Канцелярские товары,Заказчик_0168,413748378959,Из одного источника,2024-09-14,2024-09-27,13,6,Поставщик_0301,886366058053,256532.46,Итоги подведены,False
405227,Ремонт зданий,Заказчик_0117,419505214624,Запрос ценовых предложений,2024-08-30,2024-09-03,4,1,Поставщик_0101,134564782885,7473429.93,Отменен,True
405228,Охранные услуги,Заказчик_0129,967512170538,Открытый конкурс,2024-12-13,2024-12-29,16,2,Поставщик_0310,750312639452,2165079.67,Завершен,False
405229,Ремонт зданий,Заказчик_0096,626442714264,Запрос ценовых предложений,2025-04-12,2025-04-30,18,2,Поставщик_0704,159772307286,5945414.93,Завершен,False
405230,Ремонт зданий,Заказчик_0175,560089674827,Из одного источника по несостоявшимся закупкам,2024-06-30,2024-07-12,12,5,Поставщик_0696,543034672599,5760094.91,Отменен,False
405231,IT-услуги,Заказчик_0053,105295618485,Электронный аукцион,2023-01-26,2023-02-06,11,6,Поставщик_0517,249119330058,4326378.71,Завершен,False
405232,Транспортные услуги,Заказчик_0186,053323099951,Открытый конкурс,2025-06-17,2025-06-28,11,3,Поставщик_0334,967253938188,1181047.05,Завершен,False
405233,Медицинское оборудование,Заказчик_0085,228319081121,Из одного источника по несостоявшимся закупкам,2024-06-24,2024-07-05,11,3,Поставщик_0437,124746955620,6893960.01,Завершен,False
405234,Охранные услуги,Заказчик_0047,881968747928,Электронный аукцион,2025-04-02,2025-04-15,13,5,Поставщик_0579,051812327924,2068765.03,Итоги подведены,False
405235,Медицинское оборудование,Заказчик_0053,105295618485,Из одного источника по несостоявшимся закупкам,2023-03-08,2023-03-16,8,4,Поставщик_0796,772196538689,8539712.83,Завершен,False
405236,Охранные услуги,Заказчик_0188,511393683388,Из одного источника по несостоявшимся закупкам,2023-10-20,2023-10-27,7,4,Поставщик_0499,933795584105,2150642.4,Завершен,False
405237,IT-услуги,Заказчик_0183,379370294394,Из одного источника по несостоявшимся закупкам,2024-04-03,2024-04-07,4,1,Поставщик_0221,526783920968,6573159.17,Завершен,True
405238,Мебель,Заказчик_0182,383719759048,Открытый конкурс,2024-07-13,2024-07-31,18,4,Поставщик_0056,845848409759,930722.3,Итоги подведены,False
405239,IT-услуги,Заказчик_0119,207376773058,Открытый конкурс,2023-08-13,2023-08-26,13,3,Поставщик_0799,593657951736,5120303.04,Завершен,False
405240,Канцелярские товары,Заказчик_0064,196215509941,Запрос ценовых предложений,2024-08-01,2024-08-09,8,4,Поставщик_0440,153928262967,281838.63,Завершен,False
405241,Стройматериалы,Заказчик_0011,890407714528,Электронный аукцион,2024-12-28,2025-01-11,14,4,Поставщик_0305,067077017501,2718074.29,Завершен,False
405242,Ремонт зданий,Заказчик_0022,876960826911,Электронный аукцион,2025-02-26,2025-03-06,8,3,Поставщик_0387,393471508828,5532922.82,Итоги подведены,False
405243,Ремонт зданий,Заказчик_0043,200593676791,Электронный аукцион,2024-05-29,2024-06-05,7,5,Поставщик_0562,307506639977,6064786.03,Завершен,False
405244,Клининг,Заказчик_0178,823345926868,Электронный аукцион,2025-04-19,2025-05-04,15,1,Поставщик_0482,814396895369,649766.77,Итоги подведены,False
405245,Мебель,Заказчик_0043,200593676791,Открытый конкурс,2024-08-19,2024-08-30,11,2,Поставщик_0256,172697105248,985374.56,Завершен,False
405246,IT-услуги,Заказчик_0004,633229661713,Из одного источника по несостоявшимся закупкам,2024-08-11,2024-08-20,9,2,Поставщик_0696,543034672599,5034269.3,Итоги подведены,False
405247,Мебель,Заказчик_0092,787963526218,Открытый конкурс,2023-09-28,2023-10-11,13,4,Поставщик_0437,124746955620,914742.33,Завершен,False
405248,Транспортные услуги,Заказчик_0106,132435760062,Из одного источника по несостоявшимся закупкам,2024-09-16,2024-10-03,17,3,Поставщик_0235,346088960115,1135487.37,Завершен,False
405249,IT-услуги,Заказчик_0012,425723964512,Из одного источника по несостоявшимся закупкам,2024-01-26,2024-02-05,10,4,Поставщик_0553,597003912301,4963874.98,Завершен,False
405250,Канцелярские товары,Заказчик_0025,958511387882,Электронный аукцион,2023-04-14,2023-04-24,10,4,Поставщик_0557,404694079971,301141.64,Опубликован,False
405251,Ремонт зданий,Заказчик_0148,216398982273,Запрос ценовых предложений,2025-03-20,2025-04-02,13,1,Поставщик_0274,413867661980,6493375.09,Завершен,False
405252,Мебель,Заказчик_0017,424039274499,Из одного источника по несостоявшимся закупкам,2025-04-21,2025-04-30,9,3,Поставщик_0660,885690734448,979545.26,Итоги подведены,False
405253,Канцелярские товары,Заказчик_0126,693755362174,Из одного источника,2023-04-13,2023-04-15,2,2,Поставщик_0616,670217426833,325618.82,Отменен,False
405254,Канцелярские товары,Заказчик_0161,030990904779,Из одного источника,2023-03-07,2023-03-18,11,1,Поставщик_0564,149029451339,299314.96,Итоги подведены,False
405255,Стройматериалы,Заказчик_0198,615372780181,Запрос ценовых предложений,2023-06-04,2023-06-19,15,6,Поставщик_0161,496156655633,2817266.03,Завершен,False
405256,Продукты питания,Заказчик_0019,190156218256,Электронный аукцион,2024-03-07,2024-03-21,14,3,Поставщик_0098,571368539972,446741.24,Завершен,False
405257,Транспортные услуги,Заказчик_0046,178619734353,Открытый конкурс,2023-07-24,2023-08-12,19,4,Поставщик_0642,380264830214,1237696.39,Завершен,False
405258,Мебель,Заказчик_0025,958511387882,Электронный аукцион,2023-11-28,2023-12-07,9,2,Поставщик_0221,526783920968,912503.17,Опубликован,False
405259,Канцелярские товары,Заказчик_0062,298543394596,Из одного источника по несостоявшимся закупкам,2024-09-05,2024-09-17,12,1,Поставщик_0404,637243297218,271998.32,Завершен,False
405260,Канцелярские товары,Заказчик_0173,212954133846,Открытый конкурс,2023-12-14,2023-12-18,4,3,Поставщик_0786,828456635036,263139.58,Опубликован,False
405261,Клининг,Заказчик_0045,891036937066,Открытый конкурс,2025-04-11,2025-04-18,7,1,Поставщик_0496,641940601150,698452.27,Опубликован,False
405262,Канцелярские товары,Заказчик_0031,763063387334,Электронный аукцион,2023-07-16,2023-07-29,13,3,Поставщик_0436,051841154098,256099.98,Завершен,False
405263,Продукты питания,Заказчик_0028,284372013892,Открытый конкурс,2024-07-28,2024-08-11,14,2,Поставщик_0356,484547864403,442538.74,Завершен,False
405264,Канцелярские товары,Заказчик_0025,958511387882,Запрос ценовых предложений,2023-11-26,2023-12-18,22,4,Поставщик_0467,681232354610,306777.33,Завершен,False
405265,Транспортные услуги,Заказчик_0102,747749566861,Из одного источника,2023-12-20,2023-12-24,4,1,Поставщик_0746,277946131833,1564887.48,Опубликован,True
405266,Продукты питания,Заказчик_0176,053666440505,Открытый конкурс,2024-05-28,2024-06-19,22,2,Поставщик_0595,398571213861,435394.13,Завершен,False
405267,Стройматериалы,Заказчик_0118,609055953469,Электронный аукцион,2024-05-17,2024-05-28,11,4,Поставщик_0350,881081152855,3108508.89,Итоги подведены,False
405268,Канцелярские товары,Заказчик_0193,560763609637,Открытый конкурс,2024-10-03,2024-10-24,21,4,Поставщик_0301,886366058053,323591.48,Итоги подведены,False
405269,Клининг,Заказчик_0061,915640336836,Открытый конкурс,2023-05-01,2023-05-06,5,6,Поставщик_0223,923177940451,680171.95,Итоги подведены,False
405270,Клининг,Заказчик_0199,342856565386,Электронный аукцион,2025-02-14,2025-02-17,3,1,Поставщик_0259,469059047610,977744.25,Опубликован,True
405271,IT-услуги,Заказчик_0184,660677017673,Электронный аукцион,2023-11-15,2023-11-21,6,1,Поставщик_0445,688678330077,4991784.83,Завершен,False
405272,Стройматериалы,Заказчик_0119,207376773058,Из одного источника,2023-01-29,2023-02-13,15,1,Поставщик_0059,487654415799,2602920.29,Итоги подведены,False
405273,Клининг,Заказчик_0115,986712861740,Открытый конкурс,2024-12-09,2024-12-31,22,5,Поставщик_0494,962316023940,633119.12,Завершен,False
405274,Медицинское оборудование,Заказчик_0008,959807652614,Из одного источника по несостоявшимся закупкам,2024-01-18,2024-01-28,10,3,Поставщик_0054,334605183424,8162901.68,Опубликован,False
405275,Канцелярские товары,Заказчик_0168,413748378959,Из одного источника,2025-03-14,2025-03-31,17,4,Поставщик_0736,946616957932,327135.41,Завершен,False
405276,Клининг,Заказчик_0186,053323099951,Открытый конкурс,2023-04-17,2023-04-25,8,2,Поставщик_0642,380264830214,722581.03,Итоги подведены,False
405277,Стройматериалы,Заказчик_0045,891036937066,Из одного источника по несостоявшимся закупкам,2023-05-25,2023-06-06,12,3,Поставщик_0171,074530106996,2910297.5,Завершен,False
405278,Продукты питания,Заказчик_0006,836394225258,Электронный аукцион,2024-10-11,2024-10-15,4,1,Поставщик_0614,251552734088,502073.8,Итоги подведены,False
405279,Канцелярские товары,Заказчик_0045,891036937066,Открытый конкурс,2023-12-15,2023-12-24,9,3,Поставщик_0077,930130381662,324069.34,Завершен,False
405280,Медицинское оборудование,Заказчик_0174,628964171749,Запрос ценовых предложений,2023-05-31,2023-06-13,13,4,Поставщик_0358,198520001406,8260423.63,Завершен,False
405281,Охранные услуги,Заказчик_0098,137588080098,Открытый конкурс,2025-05-24,2025-05-25,1,6,Поставщик_0151,625246342738,1898386.01,Завершен,False
405282,Продукты питания,Заказчик_0041,403641416035,Открытый конкурс,2024-09-19,2024-09-30,11,4,Поставщик_0114,566757091730,526440.38,Опубликован,False
405283,Охранные услуги,Заказчик_0144,516681609103,Электронный аукцион,2023-09-01,2023-09-06,5,1,Поставщик_0297,540029846844,1929288.64,Завершен,False
405284,Канцелярские товары,Заказчик_0042,061403237378,Из одного источника по несостоявшимся закупкам,2024-09-16,2024-09-17,1,2,Поставщик_0505,685208594331,274523.31,Завершен,False
405285,Стройматериалы,Заказчик_0191,742687446267,Из одного источника по несостоявшимся закупкам,2023-10-13,2023-11-01,19,2,Поставщик_0410,321230379767,3177859.34,Завершен,False
405286,Стройматериалы,Заказчик_0028,284372013892,Из одного источника по несостоявшимся закупкам,2023-12-19,2023-12-27,8,5,Поставщик_0479,756235419844,3057294.65,Итоги подведены,False
405287,Клининг,Заказчик_0105,101837512445,Запрос ценовых предложений,2025-03-19,2025-03-27,8,6,Поставщик_0612,305653841439,708514.47,Опубликован,False
405288,Транспортные услуги,Заказчик_0024,420762754008,Электронный аукцион,2023-01-13,2023-02-01,19,3,Поставщик_0519,159617905379,1222724.87,Завершен,False
405289,IT-услуги,Заказчик_0193,560763609637,Открытый конкурс,2024-01-05,2024-01-15,10,6,Поставщик_0453,267596208325,5032925.61,Завершен,False
405290,Продукты питания,Заказчик_0043,200593676791,Открытый конкурс,2023-06-06,2023-06-14,8,3,Поставщик_0629,485436510430,425542.82,Завершен,False
405291,Стройматериалы,Заказчик_0123,706853063646,Запрос ценовых предложений,2025-04-23,2025-05-04,11,5,Поставщик_0346,339552598135,2726339.94,Завершен,False
405292,Продукты питания,Заказчик_0072,072315571086,Из одного источника,2024-05-27,2024-06-05,9,3,Поставщик_0012,926161926239,451968.53,Завершен,False
405293,Канцелярские товары,Заказчик_0019,190156218256,Запрос ценовых предложений,2023-05-30,2023-06-12,13,3,Поставщик_0287,497034197298,277771.97,Итоги подведены,False
405294,Продукты питания,Заказчик_0170,681775483909,Электронный аукцион,2024-01-12,2024-01-21,9,5,Поставщик_0458,517244360141,524071.06,Завершен,False
405295,Транспортные услуги,Заказчик_0000,602276804025,Электронный аукцион,2023-10-31,2023-11-12,12,6,Поставщик_0513,247215278928,1186296.82,Завершен,False
405296,Клининг,Заказчик_0074,356428134255,Электронный аукцион,2023-08-18,2023-09-02,15,3,Поставщик_0501,975249883894,702410.37,Завершен,False
405297,Канцелярские товары,Заказчик_0127,352249294184,Электронный аукцион,2023-08-15,2023-08-30,15,2,Поставщик_0446,932049316287,307282.76,Завершен,False
405298,Охранные услуги,Заказчик_0012,425723964512,Запрос ценовых предложений,2023-09-29,2023-10-05,6,3,Поставщик_0572,516919540856,2176421.03,Завершен,False
405299,Канцелярские товары,Заказчик_0006,836394225258,Запрос ценовых предложений,2024-02-09,2024-02-27,18,4,Поставщик_0402,760086638831,291193.52,Завершен,False
405300,IT-услуги,Заказчик_0010,757503098830,Электронный аукцион,2024-01-17,2024-01-22,5,1,Поставщик_0185,771865953750,5944887.61,Завершен,True
405301,Продукты питания,Заказчик_0021,049902298831,Электронный аукцион,2024-12-29,2025-01-04,6,3,Поставщик_0167,794738907041,546768.25,Завершен,False
405302,Охранные услуги,Заказчик_0164,232971847802,Запрос ценовых предложений,2024-03-17,2024-04-02,16,2,Поставщик_0453,267596208325,1799068.45,Завершен,False
405303,Медицинское оборудование,Заказчик_0140,572961937397,Открытый конкурс,2024-04-11,2024-04-24,13,2,Поставщик_0026,859743472035,7874620.72,Завершен,False
405304,Клининг,Заказчик_0060,098599620746,Открытый конкурс,2023-11-15,2023-11-22,7,4,Поставщик_0369,627611614932,746690.92,Завершен,False
405305,Медицинское оборудование,Заказчик_0016,294850989981,Из одного источника по несостоявшимся закупкам,2023-02-14,2023-03-06,20,3,Поставщик_0261,540535849007,8223058.93,Опубликован,False
405306,Канцелярские товары,Заказчик_0098,137588080098,Электронный аукцион,2024-12-21,2024-12-31,10,3,Поставщик_0074,485908583208,307564.04,Итоги подведены,False
405307,Мебель,Заказчик_0010,757503098830,Электронный аукцион,2023-04-04,2023-04-10,6,1,Поставщик_0185,771865953750,1330373.82,Опубликован,True
405308,Транспортные услуги,Заказчик_0016,294850989981,Открытый конкурс,2023-09-27,2023-10-14,17,6,Поставщик_0480,616875391974,1089195.17,Завершен,False
405309,IT-услуги,Заказчик_0121,095952713783,Из одного источника по несостоявшимся закупкам,2023-07-25,2023-08-01,7,2,Поставщик_0736,946616957932,4852376.02,Опубликован,False
405310,Продукты питания,Заказчик_0171,919426295735,Электронный аукцион,2023-09-29,2023-10-06,7,4,Поставщик_0553,597003912301,517443.39,Завершен,False
405311,Охранные услуги,Заказчик_0145,164798701236,Электронный аукцион,2023-08-05,2023-08-10,5,4,Поставщик_0522,767368917374,1920310.76,Завершен,False
405312,Канцелярские товары,Заказчик_0161,030990904779,Запрос ценовых предложений,2025-04-15,2025-04-29,14,4,Поставщик_0167,794738907041,305027.42,Итоги подведены,False
405313,IT-услуги,Заказчик_0014,219547810444,Электронный аукцион,2023-08-25,2023-09-05,11,3,Поставщик_0676,607807975653,4891603.08,Завершен,False
405314,IT-услуги,Заказчик_0162,649389366563,Открытый конкурс,2025-01-12,2025-02-01,20,1,Поставщик_0701,088379595948,4730785.85,Опубликован,False
405315,Канцелярские товары,Заказчик_0138,309592304864,Из одного источника,2023-08-12,2023-08-26,14,6,Поставщик_0533,258190416283,274994.2,Завершен,False
405316,Продукты питания,Заказчик_0031,763063387334,Открытый конкурс,2024-09-30,2024-10-06,6,3,Поставщик_0771,687593322342,443573.2,Итоги подведены,False
405317,IT-услуги,Заказчик_0085,228319081121,Запрос ценовых предложений,2025-05-04,2025-05-15,11,5,Поставщик_0511,245773785983,4789871.6,Итоги подведены,False
405318,Ремонт зданий,Заказчик_0118,609055953469,Электронный аукцион,2024-05-12,2024-05-23,11,2,Поставщик_0072,965888101287,5681793.02,Завершен,False
405319,Транспортные услуги,Заказчик_0033,456442497105,Открытый конкурс,2024-06-06,2024-06-13,7,2,Поставщик_0408,782244010507,1148245.31,Итоги подведены,False
405320,Стройматериалы,Заказчик_0123,706853063646,Открытый конкурс,2024-04-16,2024-04-20,4,3,Поставщик_0156,783261183658,2588517.81,Итоги подведены,False
405321,Охранные услуги,Заказчик_0108,933786876564,Электронный аукцион,2023-05-14,2023-05-26,12,3,Поставщик_0076,602717470664,2132925.38,Итоги подведены,False
405322,Охранные услуги,Заказчик_0119,207376773058,Из одного источника по несостоявшимся закупкам,2024-11-06,2024-11-19,13,2,Поставщик_0041,628909287388,2181008.36,Завершен,False
405323,Медицинское оборудование,Заказчик_0170,681775483909,Открытый конкурс,2024-01-20,2024-01-29,9,3,Поставщик_0004,178380759187,8730632.91,Завершен,False
405324,Транспортные услуги,Заказчик_0058,694569801375,Электронный аукцион,2025-02-24,2025-03-05,9,1,Поставщик_0516,563223430007,1104943.63,Итоги подведены,False
405325,Охранные услуги,Заказчик_0117,419505214624,Запрос ценовых предложений,2024-11-08,2024-11-13,5,1,Поставщик_0101,134564782885,2393315.3,Завершен,True
405326,Медицинское оборудование,Заказчик_0015,769043821442,Запрос ценовых предложений,2025-06-03,2025-06-14,11,6,Поставщик_0361,815011468964,7059906.35,Завершен,False
405327,Медицинское оборудование,Заказчик_0136,789135342202,Открытый конкурс,2024-11-24,2024-12-03,9,2,Поставщик_0577,090633981015,8698497.31,Завершен,False
405328,Канцелярские товары,Заказчик_0092,787963526218,Запрос ценовых предложений,2024-02-04,2024-02-09,5,1,Поставщик_0510,381103791146,292807.68,Завершен,False
405329,Охранные услуги,Заказчик_0043,200593676791,Запрос ценовых предложений,2023-02-12,2023-03-04,20,6,Поставщик_0194,060328680862,2169377.3,Завершен,False
405330,Транспортные услуги,Заказчик_0179,703500144758,Электронный аукцион,2023-01-27,2023-02-09,13,1,Поставщик_0700,814806005916,1156637.16,Завершен,False
405331,Медицинское оборудование,Заказчик_0179,703500144758,Из одного источника,2024-06-25,2024-07-27,32,1,Поставщик_0030,524097098573,7414003.8,Итоги подведены,False
405332,Мебель,Заказчик_0062,298543394596,Запрос ценовых предложений,2023-11-26,2023-12-07,11,1,Поставщик_0410,321230379767,1049613.35,Завершен,False
405333,Канцелярские товары,Заказчик_0182,383719759048,Запрос ценовых предложений,2024-10-03,2024-10-18,15,2,Поставщик_0541,928019730937,296104.79,Завершен,False
405334,Ремонт зданий,Заказчик_0073,291422089614,Электронный аукцион,2024-10-15,2024-11-03,19,4,Поставщик_0272,730783244819,5525815.13,Завершен,False
405335,Охранные услуги,Заказчик_0063,541376725946,Запрос ценовых предложений,2023-01-20,2023-01-29,9,4,Поставщик_0238,882733335641,2017370.32,Завершен,False
405336,Ремонт зданий,Заказчик_0173,212954133846,Электронный аукцион,2025-04-25,2025-05-14,19,2,Поставщик_0727,273474772669,6464130.93,Завершен,False
405337,Стройматериалы,Заказчик_0141,155013446536,Запрос ценовых предложений,2023-06-06,2023-06-11,5,4,Поставщик_0426,385935104354,2641281.3,Завершен,False
405338,Ремонт зданий,Заказчик_0042,061403237378,Из одного источника по несостоявшимся закупкам,2023-11-07,2023-11-15,8,2,Поставщик_0159,850370216832,5306523.77,Завершен,False
405339,Транспортные услуги,Заказчик_0057,045227746976,Из одного источника по несостоявшимся закупкам,2023-08-02,2023-08-16,14,2,Поставщик_0319,930083708303,1060985.47,Итоги подведены,False
405340,Ремонт зданий,Заказчик_0161,030990904779,Открытый конкурс,2023-10-25,2023-11-10,16,2,Поставщик_0106,115345152371,6573458.17,Завершен,False
405341,Канцелярские товары,Заказчик_0062,298543394596,Открытый конкурс,2024-04-13,2024-04-27,14,2,Поставщик_0060,512534346021,296433.89,Завершен,False
405342,Медицинское оборудование,Заказчик_0023,152672624980,Электронный аукцион,2023-05-02,2023-05-18,16,5,Поставщик_0706,126245364680,7279081.99,Завершен,False
405343,Транспортные услуги,Заказчик_0045,891036937066,Из одного источника,2023-10-16,2023-10-29,13,4,Поставщик_0425,674249502283,1077404.25,Завершен,False
405344,Медицинское оборудование,Заказчик_0135,486200442637,Запрос ценовых предложений,2023-12-06,2023-12-19,13,3,Поставщик_0186,073848826607,8279364.88,Итоги подведены,False
405345,Канцелярские товары,Заказчик_0093,375889866098,Электронный аукцион,2025-05-15,2025-06-01,17,4,Поставщик_0290,793742995159,325308.61,Завершен,False
405346,Транспортные услуги,Заказчик_0092,787963526218,Из одного источника по несостоявшимся закупкам,2024-12-16,2024-12-25,9,2,Поставщик_0120,533402274817,1133987.15,Итоги подведены,False
405347,IT-услуги,Заказчик_0052,571247952112,Открытый конкурс,2023-04-23,2023-05-15,22,2,Поставщик_0297,540029846844,5059318.57,Итоги подведены,False
405348,Стройматериалы,Заказчик_0019,190156218256,Открытый конкурс,2024-09-13,2024-09-19,6,2,Поставщик_0347,110188792867,2917729.94,Завершен,False
405349,Мебель,Заказчик_0067,415355431652,Открытый конкурс,2025-02-28,2025-03-08,8,5,Поставщик_0581,235737948478,1027504.62,Завершен,False
405350,IT-услуги,Заказчик_0042,061403237378,Из одного источника по несостоявшимся закупкам,2025-02-04,2025-02-14,10,1,Поставщик_0082,626181711111,5004558.32,Завершен,False
405351,Клининг,Заказчик_0183,379370294394,Открытый конкурс,2024-02-08,2024-02-27,19,1,Поставщик_0786,828456635036,672492.04,Завершен,False
405352,Канцелярские товары,Заказчик_0129,967512170538,Открытый конкурс,2023-05-01,2023-05-14,13,3,Поставщик_0375,617428444873,320496.4,Опубликован,False
405353,Мебель,Заказчик_0028,284372013892,Открытый конкурс,2024-03-24,2024-04-16,23,1,Поставщик_0417,669535964147,996147.82,Завершен,False
405354,Охранные услуги,Заказчик_0164,232971847802,Запрос ценовых предложений,2024-06-30,2024-07-05,5,1,Поставщик_0257,169627955944,2190499.03,Завершен,False
405355,IT-услуги,Заказчик_0045,891036937066,Запрос ценовых предложений,2024-11-11,2024-11-21,10,1,Поставщик_0513,247215278928,4641619.42,Отменен,False
405356,Медицинское оборудование,Заказчик_0064,196215509941,Электронный аукцион,2023-12-03,2023-12-11,8,1,Поставщик_0209,353759337956,7509431.58,Завершен,False
405357,Мебель,Заказчик_0158,456227804705,Электронный аукцион,2024-03-06,2024-03-20,14,5,Поставщик_0507,968046436330,979614.47,Завершен,False
405358,Мебель,Заказчик_0030,736535270957,Электронный аукцион,2023-02-05,2023-02-12,7,2,Поставщик_0002,030189546484,1019663.07,Опубликован,False
405359,Транспортные услуги,Заказчик_0030,736535270957,Открытый конкурс,2025-01-24,2025-02-07,14,2,Поставщик_0666,295758217844,1137755.36,Опубликован,False
405360,Клининг,Заказчик_0056,936679226110,Из одного источника по несостоявшимся закупкам,2023-10-15,2023-10-22,7,1,Поставщик_0491,158112158095,683282.99,Итоги подведены,False
405361,Медицинское оборудование,Заказчик_0175,560089674827,Из одного источника по несостоявшимся закупкам,2023-01-25,2023-02-02,8,6,Поставщик_0049,210379843514,8606317.2,Завершен,False
405362,Охранные услуги,Заказчик_0142,197238572836,Открытый конкурс,2023-01-24,2023-02-06,13,5,Поставщик_0332,411942543934,1864987.55,Итоги подведены,False
405363,Стройматериалы,Заказчик_0006,836394225258,Запрос ценовых предложений,2024-05-29,2024-06-12,14,2,Поставщик_0093,500663526930,3229214.9,Завершен,False
405364,Ремонт зданий,Заказчик_0076,276366676869,Из одного источника,2024-08-12,2024-08-23,11,1,Поставщик_0244,547497209775,5817684.19,Итоги подведены,False
405365,Клининг,Заказчик_0163,155720026558,Запрос ценовых предложений,2023-10-13,2023-10-29,16,1,Поставщик_0393,448321011203,686592.01,Итоги подведены,False
405366,IT-услуги,Заказчик_0052,571247952112,Запрос ценовых предложений,2024-04-28,2024-05-11,13,6,Поставщик_0650,226837630452,5243321.46,Опубликован,False
405367,IT-услуги,Заказчик_0161,030990904779,Электронный аукцион,2024-07-31,2024-08-14,14,4,Поставщик_0435,150641092260,5129045.96,Завершен,False
405368,Мебель,Заказчик_0099,557410386890,Открытый конкурс,2024-04-17,2024-04-26,9,5,Поставщик_0027,918990428350,993860.51,Завершен,False
405369,Мебель,Заказчик_0160,845404873875,Электронный аукцион,2025-02-12,2025-02-26,14,5,Поставщик_0316,642385904933,1031538.21,Завершен,False
405370,Медицинское оборудование,Заказчик_0016,294850989981,Электронный аукцион,2025-05-08,2025-05-20,12,1,Поставщик_0502,300791075489,8255160.73,Завершен,False
405371,Продукты питания,Заказчик_0098,137588080098,Электронный аукцион,2024-04-18,2024-04-30,12,5,Поставщик_0434,689235115480,427324.92,Опубликован,False
405372,IT-услуги,Заказчик_0112,839942359881,Открытый конкурс,2025-02-08,2025-02-12,4,1,Поставщик_0336,874088944878,6210643.04,Завершен,True
405373,Медицинское оборудование,Заказчик_0081,893419340814,Открытый конкурс,2023-09-05,2023-09-17,12,1,Поставщик_0744,571223329164,8170077.15,Отменен,False
405374,Стройматериалы,Заказчик_0106,132435760062,Открытый конкурс,2025-04-03,2025-04-24,21,3,Поставщик_0260,316863067117,2715963.79,Итоги подведены,False
405375,Медицинское оборудование,Заказчик_0123,706853063646,Открытый конкурс,2024-04-12,2024-04-13,1,2,Поставщик_0635,900785867507,6992173.04,Завершен,False
405376,Клининг,Заказчик_0058,694569801375,Запрос ценовых предложений,2023-11-05,2023-11-15,10,1,Поставщик_0115,743645137591,748830.43,Итоги подведены,False
405377,Продукты питания,Заказчик_0141,155013446536,Электронный аукцион,2023-07-14,2023-08-01,18,2,Поставщик_0081,606435416636,546034.22,Завершен,False
405378,Мебель,Заказчик_0140,572961937397,Открытый конкурс,2023-02-21,2023-03-10,17,6,Поставщик_0380,205571075277,993144.7,Опубликован,False
405379,Охранные услуги,Заказчик_0158,456227804705,Электронный аукцион,2025-01-10,2025-01-27,17,5,Поставщик_0389,754448376423,1802946.34,Завершен,False
405380,Охранные услуги,Заказчик_0129,967512170538,Из одного источника по несостоявшимся закупкам,2024-08-13,2024-08-22,9,2,Поставщик_0167,794738907041,1823742.13,Опубликован,False
405381,Продукты питания,Заказчик_0165,105707422805,Открытый конкурс,2023-02-04,2023-02-06,2,1,Поставщик_0645,945551379107,578068.88,Итоги подведены,True
405382,Медицинское оборудование,Заказчик_0065,847528925395,Электронный аукцион,2024-01-06,2024-01-19,13,4,Поставщик_0657,574512230495,7584795.62,Завершен,False
405383,Охранные услуги,Заказчик_0043,200593676791,Открытый конкурс,2025-01-17,2025-01-23,6,3,Поставщик_0546,843681861106,2042477.29,Итоги подведены,False
405384,Стройматериалы,Заказчик_0183,379370294394,Из одного источника,2023-09-20,2023-09-25,5,1,Поставщик_0221,526783920968,3962260.13,Завершен,True
405385,Транспортные услуги,Заказчик_0189,913923992645,Запрос ценовых предложений,2024-11-09,2024-11-18,9,5,Поставщик_0614,251552734088,1053319.47,Завершен,False
405386,Транспортные услуги,Заказчик_0168,413748378959,Электронный аукцион,2023-08-18,2023-09-01,14,1,Поставщик_0447,811413512591,1237450.23,Завершен,False
405387,Охранные услуги,Заказчик_0179,703500144758,Из одного источника по несостоявшимся закупкам,2023-11-17,2023-11-19,2,3,Поставщик_0515,994600436234,1938744.31,Завершен,False
405388,Канцелярские товары,Заказчик_0007,329500167403,Электронный аукцион,2023-02-27,2023-03-15,16,2,Поставщик_0510,381103791146,314963.64,Завершен,False
405389,Охранные услуги,Заказчик_0168,413748378959,Из одного источника по несостоявшимся закупкам,2023-12-09,2023-12-16,7,2,Поставщик_0656,833596644581,1919951.97,Завершен,False
405390,Канцелярские товары,Заказчик_0099,557410386890,Электронный аукцион,2023-08-26,2023-09-05,10,1,Поставщик_0016,146801753931,284359.2,Завершен,False
405391,Стройматериалы,Заказчик_0010,757503098830,Электронный аукцион,2023-04-15,2023-04-20,5,1,Поставщик_0185,771865953750,3512077.3,Завершен,True
405392,Клининг,Заказчик_0026,217846198988,Электронный аукцион,2024-03-30,2024-04-09,10,3,Поставщик_0790,687196829929,745450.12,Завершен,False
405393,Канцелярские товары,Заказчик_0145,164798701236,Открытый конкурс,2024-10-19,2024-11-01,13,4,Поставщик_0242,714617997408,305354.15,Завершен,False
405394,Ремонт зданий,Заказчик_0189,913923992645,Открытый конкурс,2025-05-15,2025-06-05,21,4,Поставщик_0136,106633162843,5334856.0,Завершен,False
405395,Клининг,Заказчик_0161,030990904779,Электронный аукцион,2024-12-02,2024-12-14,12,5,Поставщик_0647,153214449482,706008.56,Отменен,False
405396,Ремонт зданий,Заказчик_0183,379370294394,Открытый конкурс,2024-02-26,2024-02-28,2,1,Поставщик_0221,526783920968,7702983.74,Завершен,True
405397,IT-услуги,Заказчик_0173,212954133846,Электронный аукцион,2025-01-25,2025-02-03,9,2,Поставщик_0402,760086638831,4475333.92,Опубликован,False
405398,Охранные услуги,Заказчик_0083,349806593311,Из одного источника по несостоявшимся закупкам,2024-03-08,2024-03-16,8,4,Поставщик_0175,108727653545,1940098.92,Опубликован,False
405399,Стройматериалы,Заказчик_0128,840683305887,Открытый конкурс,2024-01-07,2024-01-15,8,2,Поставщик_0398,829094583365,3275474.39,Завершен,False
405400,Медицинское оборудование,Заказчик_0097,603503212307,Электронный аукцион,2023-02-04,2023-02-24,20,4,Поставщик_0671,235646132247,7448566.87,Завершен,False
405401,Стройматериалы,Заказчик_0134,006567464629,Открытый конкурс,2024-03-10,2024-03-24,14,6,Поставщик_0133,607514168876,2647792.96,Итоги подведены,False
405402,Транспортные услуги,Заказчик_0149,424259616526,Открытый конкурс,2024-01-29,2024-02-03,5,2,Поставщик_0513,247215278928,1116266.5,Завершен,False
405403,Мебель,Заказчик_0162,649389366563,Открытый конкурс,2025-06-14,2025-06-24,10,4,Поставщик_0415,349738713330,884452.73,Завершен,False
405404,Транспортные услуги,Заказчик_0040,303789475622,Из одного источника по несостоявшимся закупкам,2024-02-04,2024-02-13,9,4,Поставщик_0656,833596644581,1233246.86,Завершен,False
405405,Охранные услуги,Заказчик_0195,530149191342,Запрос ценовых предложений,2023-10-02,2023-10-16,14,1,Поставщик_0604,789516709861,1750801.28,Завершен,False
405406,Охранные услуги,Заказчик_0185,103321145403,Из одного источника по несостоявшимся закупкам,2023-11-21,2023-11-26,5,7,Поставщик_0698,602406269889,1945300.01,Итоги подведены,False
405407,Транспортные услуги,Заказчик_0117,419505214624,Из одного источника по несостоявшимся закупкам,2024-10-06,2024-10-09,3,1,Поставщик_0101,134564782885,1672227.51,Итоги подведены,True
405408,Клининг,Заказчик_0191,742687446267,Из одного источника по несостоявшимся закупкам,2024-07-04,2024-07-17,13,1,Поставщик_0361,815011468964,614432.32,Итоги подведены,False
405409,Медицинское оборудование,Заказчик_0084,846650721507,Открытый конкурс,2025-06-04,2025-06-16,12,4,Поставщик_0174,289501223063,8384742.19,Итоги подведены,False
405410,Клининг,Заказчик_0074,356428134255,Электронный аукцион,2025-01-06,2025-01-24,18,3,Поставщик_0606,849526834930,679812.42,Итоги подведены,False
405411,Продукты питания,Заказчик_0021,049902298831,Запрос ценовых предложений,2024-03-31,2024-04-09,9,4,Поставщик_0332,411942543934,434461.63,Итоги подведены,False
405412,Медицинское оборудование,Заказчик_0122,138783944958,Запрос ценовых предложений,2023-07-27,2023-08-03,7,2,Поставщик_0649,160106850707,7396452.39,Итоги подведены,False
405413,Мебель,Заказчик_0070,366888337780,Запрос ценовых предложений,2023-11-12,2023-11-15,3,2,Поставщик_0779,380890355108,883806.44,Итоги подведены,False
405414,Ремонт зданий,Заказчик_0083,349806593311,Из одного источника по несостоявшимся закупкам,2023-07-25,2023-08-13,19,4,Поставщик_0214,459023304521,6337887.03,Итоги подведены,False
405415,Ремонт зданий,Заказчик_0127,352249294184,Открытый конкурс,2024-11-23,2024-12-04,11,4,Поставщик_0598,544669200201,5753271.04,Отменен,False
405416,Мебель,Заказчик_0157,319262117645,Открытый конкурс,2024-06-21,2024-06-27,6,4,Поставщик_0061,660832798083,1035346.89,Итоги подведены,False
405417,Клининг,Заказчик_0086,600723107574,Открытый конкурс,2023-12-29,2024-01-13,15,5,Поставщик_0448,231433408630,725638.63,Опубликован,False
405418,Клининг,Заказчик_0067,415355431652,Из одного источника по несостоявшимся закупкам,2024-03-24,2024-04-05,12,5,Поставщик_0350,881081152855,696153.91,Завершен,False
405419,Стройматериалы,Заказчик_0032,421496963502,Открытый конкурс,2023-02-18,2023-02-23,5,1,Поставщик_0424,046057654433,3019443.03,Завершен,False
405420,Транспортные услуги,Заказчик_0120,174668074201,Из одного источника по несостоявшимся закупкам,2024-05-25,2024-06-04,10,3,Поставщик_0226,538312341120,1197326.49,Итоги подведены,False
405421,Клининг,Заказчик_0087,751590785490,Открытый конкурс,2024-12-15,2025-01-06,22,2,Поставщик_0206,560233844605,732782.65,Завершен,False
405422,Мебель,Заказчик_0123,706853063646,Электронный аукцион,2024-05-01,2024-05-21,20,4,Поставщик_0253,967181685986,971609.78,Завершен,False
405423,Мебель,Заказчик_0072,072315571086,Электронный аукцион,2023-12-31,2024-01-18,18,3,Поставщик_0319,930083708303,897456.82,Завершен,False
405424,Ремонт зданий,Заказчик_0191,742687446267,Открытый конкурс,2025-01-24,2025-01-28,4,2,Поставщик_0277,842507912604,6384702.6,Опубликован,False
405425,Транспортные услуги,Заказчик_0036,195028486959,Открытый конкурс,2024-03-30,2024-04-11,12,4,Поставщик_0251,377751361568,1259684.14,Завершен,False
405426,Ремонт зданий,Заказчик_0019,190156218256,Открытый конкурс,2025-02-23,2025-03-10,15,3,Поставщик_0613,744440594763,6411389.78,Завершен,False
405427,Охранные услуги,Заказчик_0048,544728808246,Электронный аукцион,2024-09-09,2024-09-15,6,3,Поставщик_0533,258190416283,2025128.2,Завершен,False
405428,Ремонт зданий,Заказчик_0089,395460786772,Из одного источника,2025-02-04,2025-02-19,15,3,Поставщик_0193,471605601276,5762235.23,Завершен,False
405429,Клининг,Заказчик_0010,757503098830,Открытый конкурс,2023-07-19,2023-08-06,18,1,Поставщик_0627,512422188156,617102.01,Опубликован,False
405430,Стройматериалы,Заказчик_0098,137588080098,Открытый конкурс,2023-08-09,2023-08-14,5,4,Поставщик_0251,377751361568,3109355.63,Завершен,False
405431,Канцелярские товары,Заказчик_0015,769043821442,Электронный аукцион,2024-03-09,2024-03-31,22,1,Поставщик_0382,989586553277,324192.28,Завершен,False
405432,Стройматериалы,Заказчик_0135,486200442637,Запрос ценовых предложений,2025-05-04,2025-05-17,13,3,Поставщик_0255,733092449614,2775511.37,Завершен,False
405433,Ремонт зданий,Заказчик_0013,352206298026,Запрос ценовых предложений,2025-04-07,2025-04-19,12,3,Поставщик_0693,417908118380,6368109.9,Опубликован,False
405434,Мебель,Заказчик_0050,074766470263,Открытый конкурс,2025-01-03,2025-01-13,10,6,Поставщик_0482,814396895369,882873.38,Итоги подведены,False
405435,Клининг,Заказчик_0012,425723964512,Запрос ценовых предложений,2024-10-15,2024-10-27,12,1,Поставщик_0700,814806005916,720041.53,Итоги подведены,False
405436,Продукты питания,Заказчик_0148,216398982273,Открытый конкурс,2023-10-28,2023-11-07,10,2,Поставщик_0425,674249502283,463163.28,Завершен,False
405437,Ремонт зданий,Заказчик_0127,352249294184,Из одного источника,2024-10-11,2024-10-28,17,2,Поставщик_0474,581416227604,5103777.17,Завершен,False
405438,Ремонт зданий,Заказчик_0087,751590785490,Из одного источника по несостоявшимся закупкам,2023-02-07,2023-02-21,14,2,Поставщик_0467,681232354610,6269073.53,Завершен,False
405439,Транспортные услуги,Заказчик_0089,395460786772,Открытый конкурс,2024-07-12,2024-07-16,4,5,Поставщик_0632,492032371579,1026443.37,Итоги подведены,False
405440,Канцелярские товары,Заказчик_0064,196215509941,Из одного источника по несостоявшимся закупкам,2024-10-28,2024-11-08,11,6,Поставщик_0516,563223430007,266566.89,Завершен,False
405441,Транспортные услуги,Заказчик_0178,823345926868,Открытый конкурс,2023-02-09,2023-02-11,2,1,Поставщик_0366,684754308444,1299574.52,Итоги подведены,False
405442,Стройматериалы,Заказчик_0027,073988827188,Из одного источника,2023-03-30,2023-04-18,19,1,Поставщик_0143,926195241029,3056101.9,Завершен,False
405443,Канцелярские товары,Заказчик_0146,531933776661,Электронный аукцион,2024-10-27,2024-10-28,1,1,Поставщик_0299,615581038112,351808.47,Итоги подведены,True
405444,Клининг,Заказчик_0158,456227804705,Запрос ценовых предложений,2025-04-28,2025-05-10,12,2,Поставщик_0138,786746124356,646763.0,Завершен,False
405445,Канцелярские товары,Заказчик_0048,544728808246,Запрос ценовых предложений,2024-06-26,2024-07-08,12,4,Поставщик_0084,986105712292,299387.71,Завершен,False
405446,Стройматериалы,Заказчик_0079,987998370546,Из одного источника,2023-05-18,2023-05-26,8,1,Поставщик_0532,454131066181,3183275.17,Завершен,False
405447,Продукты питания,Заказчик_0118,609055953469,Открытый конкурс,2023-06-27,2023-07-04,7,1,Поставщик_0385,494981171781,472114.12,Завершен,False
405448,Ремонт зданий,Заказчик_0035,461642607714,Из одного источника по несостоявшимся закупкам,2023-04-21,2023-04-26,5,3,Поставщик_0432,453519088346,6053003.13,Опубликован,False
405449,Охранные услуги,Заказчик_0072,072315571086,Запрос ценовых предложений,2023-09-16,2023-09-21,5,1,Поставщик_0327,343802486264,1751612.4,Завершен,False
405450,Стройматериалы,Заказчик_0191,742687446267,Из одного источника по несостоявшимся закупкам,2024-07-13,2024-07-23,10,6,Поставщик_0313,187275276446,3169900.69,Итоги подведены,False
405451,Охранные услуги,Заказчик_0111,446242745384,Открытый конкурс,2023-06-20,2023-07-07,17,5,Поставщик_0430,744564571327,1717392.91,Отменен,False
405452,Клининг,Заказчик_0062,298543394596,Запрос ценовых предложений,2025-06-15,2025-06-16,1,3,Поставщик_0261,540535849007,688544.67,Завершен,False
405453,Охранные услуги,Заказчик_0178,823345926868,Из одного источника по несостоявшимся закупкам,2023-04-15,2023-05-01,16,2,Поставщик_0592,415569372220,2044906.25,Завершен,False
405454,Продукты питания,Заказчик_0044,011652671671,Запрос ценовых предложений,2024-07-12,2024-07-22,10,4,Поставщик_0054,334605183424,440449.2,Завершен,False
405455,Транспортные услуги,Заказчик_0122,138783944958,Из одного источника,2025-06-04,2025-06-19,15,2,Поставщик_0353,693779520630,1179431.3,Завершен,False
405456,Продукты питания,Заказчик_0040,303789475622,Открытый конкурс,2023-06-21,2023-07-03,12,2,Поставщик_0793,809281791467,547945.29,Отменен,False
405457,Клининг,Заказчик_0158,456227804705,Открытый конкурс,2025-02-26,2025-03-02,4,1,Поставщик_0473,721155851736,613715.71,Итоги подведены,False
405458,Медицинское оборудование,Заказчик_0095,724337750016,Электронный аукцион,2023-06-09,2023-06-24,15,6,Поставщик_0549,779704718153,7385024.47,Завершен,False
405459,Клининг,Заказчик_0154,114217757188,Из одного источника по несостоявшимся закупкам,2023-06-01,2023-06-04,3,1,Поставщик_0442,406737830193,860496.52,Итоги подведены,True
405460,Мебель,Заказчик_0076,276366676869,Из одного источника по несостоявшимся закупкам,2024-04-03,2024-04-04,1,2,Поставщик_0366,684754308444,1075274.38,Отменен,False
405461,Ремонт зданий,Заказчик_0173,212954133846,Запрос ценовых предложений,2025-05-07,2025-05-21,14,3,Поставщик_0639,473927972652,5967977.52,Завершен,False
405462,Мебель,Заказчик_0070,366888337780,Электронный аукцион,2024-03-14,2024-03-21,7,4,Поставщик_0403,760494202930,974091.07,Завершен,False
405463,IT-услуги,Заказчик_0076,276366676869,Электронный аукцион,2023-03-03,2023-03-16,13,1,Поставщик_0785,685426512793,4892082.73,Завершен,False
405464,Канцелярские товары,Заказчик_0149,424259616526,Открытый конкурс,2024-08-16,2024-09-01,16,1,Поставщик_0264,581472848963,285919.86,Опубликован,False
405465,Транспортные услуги,Заказчик_0043,200593676791,Электронный аукцион,2024-01-01,2024-01-04,3,5,Поставщик_0159,850370216832,1058715.74,Отменен,False
405466,Клининг,Заказчик_0096,626442714264,Электронный аукцион,2025-04-29,2025-05-19,20,2,Поставщик_0374,844728350373,757099.42,Завершен,False
405467,Охранные услуги,Заказчик_0002,930086875935,Из одного источника по несостоявшимся закупкам,2023-06-17,2023-06-21,4,2,Поставщик_0514,178751956210,1928920.55,Завершен,False
405468,Охранные услуги,Заказчик_0153,051929549841,Запрос ценовых предложений,2023-11-10,2023-11-16,6,3,Поставщик_0782,920048121639,2060203.67,Опубликован,False
405469,IT-услуги,Заказчик_0096,626442714264,Электронный аукцион,2024-01-24,2024-02-04,11,3,Поставщик_0044,798305978893,5089055.81,Итоги подведены,False
405470,Мебель,Заказчик_0173,212954133846,Из одного источника по несостоявшимся закупкам,2024-05-21,2024-05-29,8,1,Поставщик_0433,475307919366,923249.7,Завершен,False
405471,Транспортные услуги,Заказчик_0011,890407714528,Запрос ценовых предложений,2023-01-01,2023-01-15,14,4,Поставщик_0515,994600436234,1121485.48,Завершен,False
405472,Продукты питания,Заказчик_0176,053666440505,Электронный аукцион,2023-04-12,2023-04-24,12,2,Поставщик_0078,631351822753,460384.15,Завершен,False
405473,Продукты питания,Заказчик_0162,649389366563,Электронный аукцион,2024-04-12,2024-04-20,8,4,Поставщик_0276,515090470547,433562.27,Итоги подведены,False
405474,Ремонт зданий,Заказчик_0010,757503098830,Запрос ценовых предложений,2023-11-10,2023-11-14,4,1,Поставщик_0185,771865953750,8488911.63,Опубликован,True
405475,IT-услуги,Заказчик_0003,868570220212,Запрос ценовых предложений,2024-10-04,2024-10-10,6,3,Поставщик_0601,810431206859,4566482.21,Завершен,False
405476,Стройматериалы,Заказчик_0098,137588080098,Из одного источника по несостоявшимся закупкам,2023-10-20,2023-11-06,17,5,Поставщик_0358,198520001406,3177048.45,Завершен,False
405477,Медицинское оборудование,Заказчик_0124,308392990638,Электронный аукцион,2023-12-08,2023-12-12,4,3,Поставщик_0663,433118792556,7073357.42,Завершен,False
405478,Клининг,Заказчик_0182,383719759048,Из одного источника,2023-01-14,2023-01-30,16,2,Поставщик_0206,560233844605,651464.39,Итоги подведены,False
405479,Клининг,Заказчик_0193,560763609637,Электронный аукцион,2024-09-10,2024-09-15,5,3,Поставщик_0703,802335654107,674372.88,Итоги подведены,False
405480,Транспортные услуги,Заказчик_0023,152672624980,Из одного источника,2024-11-01,2024-11-13,12,1,Поставщик_0696,543034672599,1213037.56,Опубликован,False
405481,Ремонт зданий,Заказчик_0133,355191676858,Из одного источника,2024-02-09,2024-02-15,6,1,Поставщик_0422,801971335920,8626596.7,Завершен,True
405482,Охранные услуги,Заказчик_0028,284372013892,Запрос ценовых предложений,2024-03-08,2024-03-19,11,3,Поставщик_0373,689124570631,2190323.15,Итоги подведены,False
405483,Ремонт зданий,Заказчик_0020,455927236237,Из одного источника по несостоявшимся закупкам,2023-11-21,2023-12-14,23,3,Поставщик_0424,046057654433,6476193.14,Завершен,False
405484,Мебель,Заказчик_0077,634570271159,Из одного источника,2023-01-04,2023-01-21,17,6,Поставщик_0579,051812327924,1053012.6,Завершен,False
405485,Канцелярские товары,Заказчик_0099,557410386890,Открытый конкурс,2023-06-20,2023-06-30,10,1,Поставщик_0654,255547850454,284947.24,Опубликован,False
405486,Мебель,Заказчик_0094,217330854160,Электронный аукцион,2024-06-07,2024-06-23,16,1,Поставщик_0712,059899197139,866001.68,Завершен,False
405487,Стройматериалы,Заказчик_0056,936679226110,Открытый конкурс,2024-03-06,2024-03-18,12,3,Поставщик_0342,461718724186,3281511.64,Завершен,False
405488,Канцелярские товары,Заказчик_0047,881968747928,Открытый конкурс,2025-05-08,2025-05-29,21,4,Поставщик_0380,205571075277,305978.88,Итоги подведены,False
405489,Клининг,Заказчик_0038,756202235126,Электронный аукцион,2023-08-02,2023-08-13,11,7,Поставщик_0621,686099472938,737479.66,Завершен,False
405490,Мебель,Заказчик_0032,421496963502,Открытый конкурс,2023-07-20,2023-07-30,10,6,Поставщик_0148,196667504649,1044102.88,Завершен,False
405491,Ремонт зданий,Заказчик_0145,164798701236,Электронный аукцион,2024-06-24,2024-07-09,15,2,Поставщик_0756,517725351365,6359908.0,Итоги подведены,False
405492,Клининг,Заказчик_0194,940255554375,Запрос ценовых предложений,2024-11-16,2024-11-23,7,7,Поставщик_0397,629397549404,736777.91,Завершен,False
405493,Клининг,Заказчик_0077,634570271159,Электронный аукцион,2023-08-29,2023-09-04,6,2,Поставщик_0584,713034785365,719052.74,Итоги подведены,False
405494,Клининг,Заказчик_0160,845404873875,Запрос ценовых предложений,2025-02-08,2025-02-13,5,1,Поставщик_0467,681232354610,988759.98,Завершен,True
405495,Мебель,Заказчик_0108,933786876564,Из одного источника,2025-03-20,2025-04-01,12,3,Поставщик_0059,487654415799,881307.11,Завершен,False
405496,Охранные услуги,Заказчик_0160,845404873875,Открытый конкурс,2023-01-31,2023-02-06,6,6,Поставщик_0398,829094583365,2048702.29,Завершен,False
405497,Медицинское оборудование,Заказчик_0046,178619734353,Из одного источника по несостоявшимся закупкам,2025-05-19,2025-05-30,11,4,Поставщик_0576,451280438340,7552811.13,Итоги подведены,False
405498,Ремонт зданий,Заказчик_0064,196215509941,Открытый конкурс,2024-11-06,2024-11-11,5,5,Поставщик_0004,178380759187,5548925.71,Итоги подведены,False
405499,Медицинское оборудование,Заказчик_0123,706853063646,Открытый конкурс,2024-12-01,2024-12-09,8,3,Поставщик_0600,570574392301,8202913.75,Итоги подведены,False
405500,Продукты питания,Заказчик_0028,284372013892,Электронный аукцион,2025-01-23,2025-02-11,19,5,Поставщик_0208,572426977114,442615.92,Отменен,False
405501,Мебель,Заказчик_0023,152672624980,Запрос ценовых предложений,2024-07-29,2024-08-18,20,4,Поставщик_0514,178751956210,1028490.24,Итоги подведены,False
405502,Канцелярские товары,Заказчик_0119,207376773058,Из одного источника,2025-05-02,2025-05-15,13,7,Поставщик_0667,289713077352,268788.85,Опубликован,False
405503,Клининг,Заказчик_0092,787963526218,Запрос ценовых предложений,2023-03-31,2023-04-01,1,1,Поставщик_0231,678404341761,756010.86,Итоги подведены,False
405504,Продукты питания,Заказчик_0107,769835139635,Из одного источника по несостоявшимся закупкам,2025-03-31,2025-04-03,3,1,Поставщик_0685,775363758901,613094.39,Опубликован,True
405505,Канцелярские товары,Заказчик_0089,395460786772,Электронный аукцион,2025-04-07,2025-04-24,17,5,Поставщик_0211,624850825440,285896.26,Завершен,False
405506,Транспортные услуги,Заказчик_0125,691670073356,Электронный аукцион,2025-04-08,2025-04-20,12,2,Поставщик_0400,936327429345,1287959.66,Завершен,False
405507,IT-услуги,Заказчик_0042,061403237378,Из одного источника по несостоявшимся закупкам,2024-08-15,2024-08-21,6,5,Поставщик_0533,258190416283,4812589.03,Завершен,False
405508,Стройматериалы,Заказчик_0000,602276804025,Из одного источника по несостоявшимся закупкам,2023-01-11,2023-01-27,16,1,Поставщик_0008,827876452446,2807906.55,Итоги подведены,False
405509,Продукты питания,Заказчик_0055,539176725448,Из одного источника по несостоявшимся закупкам,2024-06-02,2024-06-16,14,3,Поставщик_0163,994042203453,486177.75,Завершен,False
405510,Продукты питания,Заказчик_0055,539176725448,Из одного источника по несостоявшимся закупкам,2023-05-01,2023-05-28,27,2,Поставщик_0315,693616007772,445631.48,Итоги подведены,False
405511,Медицинское оборудование,Заказчик_0181,093957730128,Электронный аукцион,2024-10-09,2024-10-22,13,3,Поставщик_0711,363987954794,6927409.4,Отменен,False
405512,Канцелярские товары,Заказчик_0191,742687446267,Из одного источника по несостоявшимся закупкам,2024-12-10,2024-12-14,4,3,Поставщик_0130,021955076204,326305.98,Завершен,False
405513,Канцелярские товары,Заказчик_0087,751590785490,Из одного источника по несостоявшимся закупкам,2024-05-24,2024-06-01,8,5,Поставщик_0082,626181711111,255154.83,Завершен,False
405514,Клининг,Заказчик_0176,053666440505,Из одного источника по несостоявшимся закупкам,2024-12-10,2025-01-01,22,2,Поставщик_0013,133626704126,657067.29,Отменен,False
405515,Клининг,Заказчик_0000,602276804025,Запрос ценовых предложений,2023-01-30,2023-02-12,13,1,Поставщик_0439,477268128749,640969.02,Итоги подведены,False
405516,Мебель,Заказчик_0084,846650721507,Электронный аукцион,2024-05-24,2024-06-03,10,3,Поставщик_0422,801971335920,909580.2,Отменен,False
405517,Стройматериалы,Заказчик_0143,957760497757,Электронный аукцион,2023-03-27,2023-04-12,16,3,Поставщик_0665,128709957080,2853860.43,Отменен,False
405518,Стройматериалы,Заказчик_0181,093957730128,Открытый конкурс,2025-05-27,2025-06-03,7,2,Поставщик_0671,235646132247,3191872.97,Итоги подведены,False
405519,Клининг,Заказчик_0195,530149191342,Открытый конкурс,2023-10-17,2023-10-30,13,3,Поставщик_0496,641940601150,656936.11,Итоги подведены,False
405520,Продукты питания,Заказчик_0053,105295618485,Запрос ценовых предложений,2023-03-14,2023-03-23,9,4,Поставщик_0434,689235115480,466768.54,Завершен,False
405521,Канцелярские товары,Заказчик_0100,825533331515,Запрос ценовых предложений,2024-08-25,2024-09-01,7,8,Поставщик_0311,810846194146,323160.76,Завершен,False
405522,Клининг,Заказчик_0018,571295570558,Запрос ценовых предложений,2024-05-18,2024-05-28,10,4,Поставщик_0162,584323088340,643002.61,Завершен,False
405523,Транспортные услуги,Заказчик_0148,216398982273,Электронный аукцион,2024-04-07,2024-04-27,20,2,Поставщик_0344,401366777200,1155301.57,Опубликован,False
405524,Канцелярские товары,Заказчик_0175,560089674827,Электронный аукцион,2024-11-10,2024-11-22,12,2,Поставщик_0050,866108239013,304534.76,Итоги подведены,False
405525,Мебель,Заказчик_0071,069974068469,Из одного источника,2024-06-30,2024-07-13,13,6,Поставщик_0031,900180549223,1078357.17,Итоги подведены,False
405526,Охранные услуги,Заказчик_0092,787963526218,Открытый конкурс,2025-03-04,2025-03-15,11,4,Поставщик_0648,092630172816,1945661.01,Завершен,False
405527,Стройматериалы,Заказчик_0168,413748378959,Открытый конкурс,2024-10-25,2024-11-07,13,4,Поставщик_0727,273474772669,3165203.48,Завершен,False
405528,Транспортные услуги,Заказчик_0032,421496963502,Из одного источника по несостоявшимся закупкам,2023-05-21,2023-06-02,12,2,Поставщик_0458,517244360141,1307617.05,Отменен,False
405529,Транспортные услуги,Заказчик_0106,132435760062,Электронный аукцион,2024-03-26,2024-04-14,19,2,Поставщик_0100,626236969563,1076424.12,Завершен,False
405530,Транспортные услуги,Заказчик_0012,425723964512,Из одного источника по несостоявшимся закупкам,2024-11-27,2024-12-10,13,3,Поставщик_0749,263030557890,1318117.91,Завершен,False
405531,Транспортные услуги,Заказчик_0103,043205340808,Электронный аукцион,2024-04-11,2024-04-27,16,5,Поставщик_0568,479045024243,1075016.91,Опубликован,False
405532,Стройматериалы,Заказчик_0032,421496963502,Запрос ценовых предложений,2023-12-07,2023-12-17,10,4,Поставщик_0791,984190253969,3176569.74,Завершен,False
405533,Медицинское оборудование,Заказчик_0072,072315571086,Из одного источника по несостоявшимся закупкам,2024-08-09,2024-08-20,11,4,Поставщик_0637,527875907801,7940380.9,Завершен,False
405534,Клининг,Заказчик_0154,114217757188,Открытый конкурс,2023-02-26,2023-03-04,6,1,Поставщик_0442,406737830193,850425.57,Итоги подведены,True
405535,Мебель,Заказчик_0129,967512170538,Открытый конкурс,2025-02-28,2025-03-12,12,3,Поставщик_0514,178751956210,1080014.73,Итоги подведены,False
405536,Продукты питания,Заказчик_0182,383719759048,Открытый конкурс,2025-05-24,2025-06-02,9,4,Поставщик_0123,947327724535,506339.4,Завершен,False
405537,Охранные услуги,Заказчик_0113,268518827291,Электронный аукцион,2024-09-14,2024-09-25,11,5,Поставщик_0274,413867661980,1884344.9,Завершен,False
405538,Канцелярские товары,Заказчик_0102,747749566861,Запрос ценовых предложений,2023-02-23,2023-02-26,3,1,Поставщик_0746,277946131833,384577.59,Завершен,True
405539,Ремонт зданий,Заказчик_0088,446490060265,Открытый конкурс,2025-06-11,2025-06-24,13,3,Поставщик_0170,188216312170,6066679.03,Отменен,False
405540,Ремонт зданий,Заказчик_0027,073988827188,Из одного источника по несостоявшимся закупкам,2023-10-30,2023-11-02,3,4,Поставщик_0671,235646132247,5603460.09,Завершен,False
405541,IT-услуги,Заказчик_0181,093957730128,Из одного источника,2023-01-09,2023-01-11,2,3,Поставщик_0682,433512932356,4713227.97,Итоги подведены,False
405542,Медицинское оборудование,Заказчик_0144,516681609103,Электронный аукцион,2023-10-08,2023-10-13,5,4,Поставщик_0269,037527621769,6949525.61,Завершен,False
405543,IT-услуги,Заказчик_0048,544728808246,Запрос ценовых предложений,2025-03-17,2025-03-27,10,2,Поставщик_0762,316239117374,5151633.97,Итоги подведены,False
405544,Транспортные услуги,Заказчик_0117,419505214624,Электронный аукцион,2025-01-19,2025-02-06,18,8,Поставщик_0419,193001215700,1054879.03,Итоги подведены,False
405545,Стройматериалы,Заказчик_0184,660677017673,Из одного источника по несостоявшимся закупкам,2024-07-13,2024-07-24,11,3,Поставщик_0555,891389365286,2854412.48,Завершен,False
405546,Ремонт зданий,Заказчик_0087,751590785490,Запрос ценовых предложений,2024-01-20,2024-02-01,12,2,Поставщик_0016,146801753931,5624588.64,Итоги подведены,False
405547,Продукты питания,Заказчик_0181,093957730128,Из одного источника по несостоявшимся закупкам,2023-04-16,2023-05-05,19,6,Поставщик_0092,424848414614,522930.62,Завершен,False
405548,Мебель,Заказчик_0088,446490060265,Запрос ценовых предложений,2023-10-27,2023-11-07,11,4,Поставщик_0527,717368658225,1069022.52,Завершен,False
405549,Канцелярские товары,Заказчик_0144,516681609103,Запрос ценовых предложений,2024-08-28,2024-09-03,6,2,Поставщик_0759,474938970727,279745.77,Итоги подведены,False
405550,Транспортные услуги,Заказчик_0193,560763609637,Запрос ценовых предложений,2023-06-08,2023-06-27,19,7,Поставщик_0192,880614025252,1081424.71,Завершен,False
405551,Продукты питания,Заказчик_0029,639591919214,Запрос ценовых предложений,2024-05-13,2024-05-20,7,1,Поставщик_0291,467915348400,427054.72,Опубликован,False
405552,Охранные услуги,Заказчик_0007,329500167403,Электронный аукцион,2025-03-25,2025-04-04,10,3,Поставщик_0108,105450223327,2134079.5,Завершен,False
405553,Транспортные услуги,Заказчик_0171,919426295735,Открытый конкурс,2023-01-19,2023-02-03,15,3,Поставщик_0035,724810891836,1166608.61,Итоги подведены,False
405554,Охранные услуги,Заказчик_0136,789135342202,Открытый конкурс,2025-04-13,2025-05-05,22,3,Поставщик_0448,231433408630,2131335.14,Завершен,False
405555,Медицинское оборудование,Заказчик_0007,329500167403,Из одного источника,2023-07-21,2023-07-30,9,3,Поставщик_0228,414610415586,7535378.84,Итоги подведены,False
405556,Канцелярские товары,Заказчик_0140,572961937397,Из одного источника,2023-06-10,2023-06-24,14,2,Поставщик_0102,016171228627,263181.65,Итоги подведены,False
405557,Медицинское оборудование,Заказчик_0002,930086875935,Из одного источника по несостоявшимся закупкам,2023-01-30,2023-02-03,4,1,Поставщик_0591,682114187894,8720365.31,Завершен,False
405558,Ремонт зданий,Заказчик_0122,138783944958,Электронный аукцион,2025-04-08,2025-04-17,9,2,Поставщик_0225,750965040563,5717701.11,Завершен,False
405559,Продукты питания,Заказчик_0051,545473722111,Запрос ценовых предложений,2024-12-23,2024-12-28,5,5,Поставщик_0228,414610415586,484420.44,Завершен,False
405560,IT-услуги,Заказчик_0128,840683305887,Открытый конкурс,2023-10-20,2023-10-28,8,1,Поставщик_0384,084435553244,4962729.78,Завершен,False
405561,Охранные услуги,Заказчик_0000,602276804025,Электронный аукцион,2023-11-02,2023-11-10,8,4,Поставщик_0103,081878752772,1887226.34,Завершен,False
405562,Продукты питания,Заказчик_0088,446490060265,Электронный аукцион,2024-03-25,2024-04-11,17,3,Поставщик_0502,300791075489,472721.56,Итоги подведены,False
405563,Канцелярские товары,Заказчик_0150,560471705949,Электронный аукцион,2023-12-08,2023-12-16,8,5,Поставщик_0489,645009718055,286078.05,Опубликован,False
405564,IT-услуги,Заказчик_0100,825533331515,Из одного источника по несостоявшимся закупкам,2024-02-04,2024-02-08,4,1,Поставщик_0026,859743472035,7151961.03,Завершен,True
405565,Ремонт зданий,Заказчик_0064,196215509941,Запрос ценовых предложений,2023-10-01,2023-10-02,1,4,Поставщик_0005,294384972853,6030883.37,Завершен,False
405566,Транспортные услуги,Заказчик_0069,588454746149,Из одного источника,2023-10-25,2023-11-05,11,4,Поставщик_0562,307506639977,1094857.88,Завершен,False
405567,Охранные услуги,Заказчик_0191,742687446267,Из одного источника,2023-11-24,2023-12-10,16,4,Поставщик_0735,849125341936,1823730.0,Завершен,False
405568,Транспортные услуги,Заказчик_0132,113739882651,Из одного источника,2024-09-14,2024-09-27,13,2,Поставщик_0439,477268128749,1139783.89,Завершен,False
405569,Продукты питания,Заказчик_0041,403641416035,Электронный аукцион,2024-03-15,2024-03-29,14,6,Поставщик_0096,934771498574,492362.31,Завершен,False
405570,Мебель,Заказчик_0045,891036937066,Электронный аукцион,2025-01-20,2025-02-03,14,3,Поставщик_0429,862799779028,919363.96,Завершен,False
405571,IT-услуги,Заказчик_0126,693755362174,Из одного источника по несостоявшимся закупкам,2023-06-26,2023-07-07,11,2,Поставщик_0049,210379843514,4267030.0,Завершен,False
405572,Мебель,Заказчик_0083,349806593311,Электронный аукцион,2023-10-27,2023-10-31,4,2,Поставщик_0313,187275276446,978793.61,Опубликован,False
405573,Стройматериалы,Заказчик_0199,342856565386,Открытый конкурс,2025-06-14,2025-06-18,4,1,Поставщик_0259,469059047610,4225786.64,Завершен,True
405574,Охранные услуги,Заказчик_0196,444633818661,Запрос ценовых предложений,2025-01-23,2025-02-05,13,3,Поставщик_0041,628909287388,1842520.05,Опубликован,False
405575,Мебель,Заказчик_0171,919426295735,Открытый конкурс,2023-12-25,2024-01-08,14,6,Поставщик_0035,724810891836,1057259.72,Завершен,False
405576,Клининг,Заказчик_0129,967512170538,Из одного источника,2023-06-12,2023-06-23,11,5,Поставщик_0263,649071103741,745101.82,Завершен,False
405577,Канцелярские товары,Заказчик_0161,030990904779,Электронный аукцион,2023-01-10,2023-01-18,8,1,Поставщик_0508,813140511416,307080.56,Завершен,False
405578,Ремонт зданий,Заказчик_0192,709445965738,Запрос ценовых предложений,2025-01-31,2025-02-13,13,4,Поставщик_0587,992848906008,5652494.1,Завершен,False
405579,Продукты питания,Заказчик_0141,155013446536,Запрос ценовых предложений,2024-02-11,2024-02-28,17,2,Поставщик_0107,130966453732,485818.71,Завершен,False
405580,Мебель,Заказчик_0135,486200442637,Электронный аукцион,2023-06-03,2023-06-13,10,5,Поставщик_0589,136000136411,910691.63,Завершен,False
405581,Стройматериалы,Заказчик_0134,006567464629,Открытый конкурс,2024-04-21,2024-04-29,8,4,Поставщик_0111,815919500678,2628878.74,Завершен,False
405582,Продукты питания,Заказчик_0089,395460786772,Открытый конкурс,2024-07-30,2024-08-01,2,6,Поставщик_0676,607807975653,534711.7,Завершен,False
405583,IT-услуги,Заказчик_0167,098964499673,Из одного источника по несостоявшимся закупкам,2024-05-05,2024-05-13,8,1,Поставщик_0179,039907515261,4290472.43,Завершен,False
405584,Стройматериалы,Заказчик_0026,217846198988,Открытый конкурс,2023-01-19,2023-01-30,11,4,Поставщик_0596,872810642904,3098542.16,Завершен,False
405585,Канцелярские товары,Заказчик_0193,560763609637,Электронный аукцион,2024-12-02,2024-12-16,14,3,Поставщик_0307,993157250502,281122.9,Итоги подведены,False
405586,Продукты питания,Заказчик_0147,252922273397,Открытый конкурс,2023-11-18,2023-12-07,19,5,Поставщик_0677,115828932790,464227.2,Завершен,False
405587,Стройматериалы,Заказчик_0046,178619734353,Электронный аукцион,2024-10-28,2024-11-15,18,4,Поставщик_0459,105749993465,3124100.6,Завершен,False
405588,Мебель,Заказчик_0009,498251982661,Запрос ценовых предложений,2025-01-08,2025-01-12,4,1,Поставщик_0029,042388906871,1331849.57,Итоги подведены,True
405589,Канцелярские товары,Заказчик_0142,197238572836,Электронный аукцион,2023-03-21,2023-03-23,2,3,Поставщик_0458,517244360141,289201.45,Завершен,False
405590,Охранные услуги,Заказчик_0099,557410386890,Из одного источника по несостоявшимся закупкам,2023-03-27,2023-04-06,10,4,Поставщик_0037,041583061212,2004372.82,Отменен,False
405591,Ремонт зданий,Заказчик_0042,061403237378,Из одного источника по несостоявшимся закупкам,2023-03-02,2023-03-11,9,4,Поставщик_0536,969870091633,6508598.98,Завершен,False
405592,Транспортные услуги,Заказчик_0018,571295570558,Из одного источника по несостоявшимся закупкам,2025-01-04,2025-01-05,1,1,Поставщик_0799,593657951736,1178323.69,Итоги подведены,False
405593,IT-услуги,Заказчик_0004,633229661713,Запрос ценовых предложений,2023-09-12,2023-09-30,18,5,Поставщик_0577,090633981015,4721554.14,Завершен,False
405594,Охранные услуги,Заказчик_0140,572961937397,Открытый конкурс,2023-09-07,2023-09-21,14,3,Поставщик_0472,346460499989,2133498.13,Завершен,False
405595,Канцелярские товары,Заказчик_0005,965687203229,Электронный аукцион,2023-07-23,2023-08-04,12,6,Поставщик_0522,767368917374,264513.53,Завершен,False
405596,Канцелярские товары,Заказчик_0041,403641416035,Запрос ценовых предложений,2023-03-15,2023-03-26,11,3,Поставщик_0582,664536010552,272340.43,Завершен,False
405597,Мебель,Заказчик_0175,560089674827,Из одного источника по несостоявшимся закупкам,2024-12-14,2024-12-17,3,2,Поставщик_0722,214386232851,965208.23,Опубликован,False
405598,Ремонт зданий,Заказчик_0192,709445965738,Электронный аукцион,2024-09-05,2024-09-21,16,6,Поставщик_0522,767368917374,5960228.15,Завершен,False
405599,Продукты питания,Заказчик_0120,174668074201,Открытый конкурс,2024-11-26,2024-11-27,1,3,Поставщик_0316,642385904933,444000.04,Завершен,False
405600,Клининг,Заказчик_0083,349806593311,Открытый конкурс,2023-07-26,2023-08-03,8,1,Поставщик_0228,414610415586,664633.64,Итоги подведены,False
405601,Стройматериалы,Заказчик_0019,190156218256,Из одного источника по несостоявшимся закупкам,2023-03-04,2023-03-08,4,3,Поставщик_0521,790495056105,2786777.44,Завершен,False
405602,Транспортные услуги,Заказчик_0112,839942359881,Из одного источника по несостоявшимся закупкам,2023-07-15,2023-07-16,1,1,Поставщик_0336,874088944878,1460097.0,Завершен,True
405603,Стройматериалы,Заказчик_0151,841936905579,Открытый конкурс,2024-01-20,2024-02-03,14,3,Поставщик_0721,536139518740,2705422.55,Итоги подведены,False
405604,Клининг,Заказчик_0141,155013446536,Запрос ценовых предложений,2025-02-08,2025-02-17,9,2,Поставщик_0781,916367478121,742411.52,Опубликован,False
405605,Канцелярские товары,Заказчик_0015,769043821442,Из одного источника,2024-11-12,2024-11-21,9,2,Поставщик_0543,776243762180,317661.07,Отменен,False
405606,Охранные услуги,Заказчик_0081,893419340814,Из одного источника по несостоявшимся закупкам,2024-10-11,2024-10-19,8,3,Поставщик_0276,515090470547,1947076.34,Опубликован,False
405607,Клининг,Заказчик_0159,055513512505,Из одного источника по несостоявшимся закупкам,2024-09-20,2024-10-06,16,2,Поставщик_0190,906433503969,728424.05,Завершен,False
405608,Продукты питания,Заказчик_0053,105295618485,Электронный аукцион,2024-11-01,2024-11-18,17,1,Поставщик_0387,393471508828,509421.56,Завершен,False
405609,Клининг,Заказчик_0123,706853063646,Открытый конкурс,2023-09-21,2023-10-01,10,3,Поставщик_0658,678801259710,743556.03,Завершен,False
405610,Мебель,Заказчик_0120,174668074201,Запрос ценовых предложений,2023-01-01,2023-01-11,10,3,Поставщик_0179,039907515261,1028114.55,Завершен,False
405611,Транспортные услуги,Заказчик_0192,709445965738,Из одного источника по несостоявшимся закупкам,2023-05-14,2023-05-24,10,3,Поставщик_0065,561035185318,1260212.67,Завершен,False
405612,Ремонт зданий,Заказчик_0072,072315571086,Запрос ценовых предложений,2023-11-03,2023-11-18,15,4,Поставщик_0424,046057654433,5735505.8,Завершен,False
405613,IT-услуги,Заказчик_0178,823345926868,Электронный аукцион,2024-12-01,2024-12-10,9,8,Поставщик_0711,363987954794,5164477.98,Итоги подведены,False
405614,Транспортные услуги,Заказчик_0058,694569801375,Электронный аукцион,2023-11-17,2023-12-13,26,4,Поставщик_0783,655871465909,1198884.06,Завершен,False
405615,Охранные услуги,Заказчик_0184,660677017673,Электронный аукцион,2025-06-03,2025-06-14,11,5,Поставщик_0304,573708281211,1887611.37,Завершен,False
405616,Клининг,Заказчик_0136,789135342202,Открытый конкурс,2024-11-25,2024-12-06,11,4,Поставщик_0330,436097117958,630965.31,Завершен,False
405617,Ремонт зданий,Заказчик_0167,098964499673,Из одного источника по несостоявшимся закупкам,2025-01-19,2025-01-31,12,2,Поставщик_0618,401498858686,5883017.92,Завершен,False
405618,Продукты питания,Заказчик_0181,093957730128,Открытый конкурс,2023-02-16,2023-02-26,10,2,Поставщик_0533,258190416283,520211.81,Завершен,False
405619,Стройматериалы,Заказчик_0195,530149191342,Из одного источника,2023-02-20,2023-03-08,16,2,Поставщик_0114,566757091730,3103688.31,Завершен,False
405620,Ремонт зданий,Заказчик_0121,095952713783,Из одного источника по несостоявшимся закупкам,2023-02-24,2023-03-14,18,4,Поставщик_0237,009412350783,5676751.13,Завершен,False
405621,Транспортные услуги,Заказчик_0019,190156218256,Электронный аукцион,2025-04-18,2025-04-29,11,6,Поставщик_0438,103859845728,1307067.53,Завершен,False
405622,Ремонт зданий,Заказчик_0126,693755362174,Из одного источника,2023-10-31,2023-11-09,9,3,Поставщик_0664,021248299796,5758933.21,Завершен,False
405623,Ремонт зданий,Заказчик_0192,709445965738,Из одного источника по несостоявшимся закупкам,2023-08-28,2023-09-09,12,3,Поставщик_0544,750868589574,5579690.53,Опубликован,False
405624,Мебель,Заказчик_0139,584877345150,Открытый конкурс,2024-11-17,2024-11-18,1,2,Поставщик_0752,736110152455,1016046.13,Завершен,False
405625,Стройматериалы,Заказчик_0149,424259616526,Открытый конкурс,2023-06-16,2023-06-23,7,2,Поставщик_0444,253076132062,3114479.52,Завершен,False
405626,Продукты питания,Заказчик_0045,891036937066,Из одного источника по несостоявшимся закупкам,2023-01-06,2023-01-18,12,4,Поставщик_0327,343802486264,504504.28,Завершен,False
405627,Ремонт зданий,Заказчик_0013,352206298026,Открытый конкурс,2025-01-21,2025-01-25,4,2,Поставщик_0640,650976221927,6489055.0,Завершен,False
405628,Транспортные услуги,Заказчик_0096,626442714264,Открытый конкурс,2024-03-24,2024-04-04,11,1,Поставщик_0246,128011514827,1088914.69,Итоги подведены,False
405629,Клининг,Заказчик_0147,252922273397,Открытый конкурс,2023-04-01,2023-04-11,10,3,Поставщик_0307,993157250502,621889.76,Завершен,False
405630,Транспортные услуги,Заказчик_0035,461642607714,Открытый конкурс,2024-12-29,2025-01-14,16,1,Поставщик_0328,112845460112,1237984.6,Завершен,False
405631,Транспортные услуги,Заказчик_0019,190156218256,Электронный аукцион,2025-04-16,2025-05-01,15,1,Поставщик_0345,329999570263,1268886.29,Итоги подведены,False
405632,Клининг,Заказчик_0163,155720026558,Открытый конкурс,2024-04-20,2024-04-25,5,1,Поставщик_0196,533133629586,752656.05,Завершен,False
405633,Продукты питания,Заказчик_0163,155720026558,Открытый конкурс,2024-05-16,2024-05-27,11,5,Поставщик_0170,188216312170,470035.33,Отменен,False
405634,Медицинское оборудование,Заказчик_0118,609055953469,Открытый конкурс,2025-02-27,2025-03-08,9,3,Поставщик_0112,415797697143,7846940.77,Завершен,False
405635,Ремонт зданий,Заказчик_0197,921159241640,Открытый конкурс,2024-03-01,2024-03-20,19,2,Поставщик_0704,159772307286,5771812.95,Завершен,False
405636,Ремонт зданий,Заказчик_0148,216398982273,Из одного источника,2023-07-19,2023-07-24,5,4,Поставщик_0753,818718640764,5902902.32,Завершен,False
405637,Ремонт зданий,Заказчик_0185,103321145403,Из одного источника по несостоявшимся закупкам,2023-02-13,2023-03-02,17,4,Поставщик_0220,468537478273,6088200.12,Завершен,False
405638,Продукты питания,Заказчик_0053,105295618485,Запрос ценовых предложений,2023-05-06,2023-05-12,6,5,Поставщик_0352,598108649509,444887.2,Завершен,False
405639,IT-услуги,Заказчик_0120,174668074201,Запрос ценовых предложений,2024-03-18,2024-04-04,17,3,Поставщик_0454,962676334080,5064296.36,Итоги подведены,False
405640,Медицинское оборудование,Заказчик_0105,101837512445,Электронный аукцион,2023-01-27,2023-01-28,1,3,Поставщик_0584,713034785365,8241886.96,Отменен,False
405641,Канцелярские товары,Заказчик_0031,763063387334,Из одного источника по несостоявшимся закупкам,2024-11-10,2024-11-22,12,3,Поставщик_0158,941076970110,288838.74,Завершен,False
405642,Мебель,Заказчик_0071,069974068469,Открытый конкурс,2025-03-28,2025-04-05,8,2,Поставщик_0729,302785633903,1022372.01,Отменен,False
405643,Канцелярские товары,Заказчик_0035,461642607714,Электронный аукцион,2024-06-30,2024-07-13,13,1,Поставщик_0713,937841018302,303698.92,Опубликован,False
405644,Ремонт зданий,Заказчик_0047,881968747928,Электронный аукцион,2024-07-15,2024-07-31,16,3,Поставщик_0701,088379595948,5110558.81,Завершен,False
405645,Стройматериалы,Заказчик_0128,840683305887,Электронный аукцион,2025-02-09,2025-02-23,14,5,Поставщик_0349,202749903744,3142570.16,Завершен,False
405646,Стройматериалы,Заказчик_0138,309592304864,Запрос ценовых предложений,2024-06-30,2024-07-15,15,2,Поставщик_0325,647107852974,2654121.99,Завершен,False
405647,Клининг,Заказчик_0061,915640336836,Открытый конкурс,2024-03-08,2024-03-20,12,3,Поставщик_0784,301110713543,703363.58,Опубликован,False
405648,Канцелярские товары,Заказчик_0088,446490060265,Электронный аукцион,2025-01-24,2025-01-26,2,1,Поставщик_0024,820750434532,366932.7,Итоги подведены,True
405649,Медицинское оборудование,Заказчик_0129,967512170538,Открытый конкурс,2023-02-24,2023-03-03,7,4,Поставщик_0486,096596402469,8497030.35,Завершен,False
405650,IT-услуги,Заказчик_0156,370660134587,Открытый конкурс,2024-05-07,2024-05-25,18,5,Поставщик_0457,145778703879,4329489.63,Завершен,False
405651,Клининг,Заказчик_0097,603503212307,Электронный аукцион,2023-04-29,2023-05-17,18,1,Поставщик_0102,016171228627,645792.39,Завершен,False
405652,Клининг,Заказчик_0149,424259616526,Запрос ценовых предложений,2023-04-12,2023-04-26,14,3,Поставщик_0669,806013962187,767273.2,Завершен,False
405653,Канцелярские товары,Заказчик_0037,867585874226,Из одного источника по несостоявшимся закупкам,2025-05-25,2025-06-09,15,6,Поставщик_0375,617428444873,327305.25,Опубликован,False
405654,Ремонт зданий,Заказчик_0044,011652671671,Из одного источника по несостоявшимся закупкам,2023-01-03,2023-01-10,7,2,Поставщик_0417,669535964147,6512282.14,Итоги подведены,False
405655,Транспортные услуги,Заказчик_0098,137588080098,Открытый конкурс,2023-02-04,2023-02-14,10,3,Поставщик_0640,650976221927,1029083.37,Завершен,False
405656,Охранные услуги,Заказчик_0098,137588080098,Открытый конкурс,2023-03-25,2023-04-05,11,7,Поставщик_0696,543034672599,1721882.82,Завершен,False
405657,Клининг,Заказчик_0044,011652671671,Открытый конкурс,2025-04-04,2025-04-11,7,5,Поставщик_0590,939998271903,729836.8,Завершен,False
405658,Транспортные услуги,Заказчик_0139,584877345150,Электронный аукцион,2025-04-20,2025-04-30,10,3,Поставщик_0533,258190416283,1278170.9,Завершен,False
405659,IT-услуги,Заказчик_0101,937882116761,Электронный аукцион,2024-02-06,2024-02-07,1,3,Поставщик_0680,617716335022,4771572.72,Завершен,False
405660,Канцелярские товары,Заказчик_0019,190156218256,Электронный аукцион,2023-05-17,2023-06-06,20,5,Поставщик_0249,753741809469,271365.17,Опубликован,False
405661,Клининг,Заказчик_0075,929625670649,Электронный аукцион,2024-05-08,2024-05-27,19,5,Поставщик_0105,897675679216,752967.31,Завершен,False
405662,Ремонт зданий,Заказчик_0038,756202235126,Электронный аукцион,2024-04-30,2024-05-05,5,3,Поставщик_0014,068941037138,6531639.78,Завершен,False
405663,Канцелярские товары,Заказчик_0179,703500144758,Из одного источника по несостоявшимся закупкам,2023-08-21,2023-09-10,20,4,Поставщик_0319,930083708303,323828.47,Завершен,False
405664,Клининг,Заказчик_0072,072315571086,Из одного источника по несостоявшимся закупкам,2023-12-31,2024-01-01,1,3,Поставщик_0683,389018421647,667265.04,Завершен,False
405665,Мебель,Заказчик_0020,455927236237,Запрос ценовых предложений,2025-05-01,2025-05-11,10,2,Поставщик_0443,740529188101,884509.18,Итоги подведены,False
405666,Канцелярские товары,Заказчик_0065,847528925395,Из одного источника по несостоявшимся закупкам,2023-02-21,2023-03-08,15,5,Поставщик_0724,642962887540,300586.15,Завершен,False
405667,Продукты питания,Заказчик_0058,694569801375,Из одного источника,2025-02-01,2025-02-11,10,6,Поставщик_0062,246081948246,506434.79,Итоги подведены,False
405668,Стройматериалы,Заказчик_0099,557410386890,Электронный аукцион,2024-02-25,2024-02-28,3,3,Поставщик_0787,912415283490,2639982.01,Завершен,False
405669,Медицинское оборудование,Заказчик_0192,709445965738,Из одного источника,2025-01-09,2025-01-20,11,3,Поставщик_0536,969870091633,8286801.32,Завершен,False
405670,Транспортные услуги,Заказчик_0078,598284873191,Открытый конкурс,2024-02-17,2024-02-28,11,1,Поставщик_0768,424876063568,1045061.06,Опубликован,False
405671,Транспортные услуги,Заказчик_0116,028575123047,Запрос ценовых предложений,2024-01-06,2024-01-16,10,4,Поставщик_0387,393471508828,1175723.02,Завершен,False
405672,Мебель,Заказчик_0090,423440463190,Открытый конкурс,2025-06-12,2025-06-26,14,4,Поставщик_0106,115345152371,894816.99,Завершен,False
405673,Клининг,Заказчик_0079,987998370546,Электронный аукцион,2023-01-25,2023-02-11,17,2,Поставщик_0081,606435416636,737474.43,Опубликован,False
405674,Ремонт зданий,Заказчик_0191,742687446267,Открытый конкурс,2024-10-15,2024-10-20,5,3,Поставщик_0675,738345126963,5212185.33,Итоги подведены,False
405675,Медицинское оборудование,Заказчик_0099,557410386890,Из одного источника по несостоявшимся закупкам,2024-07-05,2024-07-13,8,4,Поставщик_0303,571408943388,8441791.38,Завершен,False
405676,Продукты питания,Заказчик_0163,155720026558,Открытый конкурс,2023-01-10,2023-01-18,8,6,Поставщик_0268,601496730215,506645.98,Завершен,False
405677,Транспортные услуги,Заказчик_0051,545473722111,Электронный аукцион,2023-09-03,2023-09-15,12,8,Поставщик_0649,160106850707,1197134.34,Завершен,False
405678,Ремонт зданий,Заказчик_0034,638762102480,Из одного источника,2024-01-21,2024-02-09,19,2,Поставщик_0284,829126485629,5693308.54,Опубликован,False
405679,Продукты питания,Заказчик_0106,132435760062,Электронный аукцион,2025-01-04,2025-01-12,8,3,Поставщик_0503,457459864697,460945.29,Завершен,False
405680,IT-услуги,Заказчик_0081,893419340814,Из одного источника,2024-08-19,2024-08-30,11,5,Поставщик_0226,538312341120,4569919.18,Итоги подведены,False
405681,Медицинское оборудование,Заказчик_0019,190156218256,Электронный аукцион,2025-04-20,2025-04-27,7,4,Поставщик_0057,866171998149,8265940.24,Итоги подведены,False
405682,IT-услуги,Заказчик_0039,704542495687,Из одного источника по несостоявшимся закупкам,2023-07-22,2023-07-25,3,3,Поставщик_0792,041878927631,4476132.18,Завершен,False
405683,Канцелярские товары,Заказчик_0088,446490060265,Открытый конкурс,2025-04-19,2025-04-22,3,1,Поставщик_0024,820750434532,348593.16,Итоги подведены,True
405684,Охранные услуги,Заказчик_0019,190156218256,Из одного источника по несостоявшимся закупкам,2024-02-28,2024-03-11,12,2,Поставщик_0657,574512230495,1708935.75,Итоги подведены,False
405685,Охранные услуги,Заказчик_0193,560763609637,Открытый конкурс,2024-08-28,2024-09-03,6,1,Поставщик_0528,871273901181,2183442.67,Завершен,False
405686,Медицинское оборудование,Заказчик_0062,298543394596,Запрос ценовых предложений,2023-05-17,2023-05-27,10,3,Поставщик_0026,859743472035,7861004.42,Отменен,False
405687,Продукты питания,Заказчик_0108,933786876564,Электронный аукцион,2024-09-12,2024-10-04,22,1,Поставщик_0096,934771498574,519082.47,Завершен,False
405688,Транспортные услуги,Заказчик_0059,216695400432,Из одного источника,2025-02-08,2025-02-19,11,4,Поставщик_0672,334018729361,1035269.3,Завершен,False
405689,Стройматериалы,Заказчик_0127,352249294184,Из одного источника по несостоявшимся закупкам,2024-04-17,2024-04-26,9,2,Поставщик_0260,316863067117,3031783.41,Завершен,False
405690,Транспортные услуги,Заказчик_0091,800785553136,Открытый конкурс,2024-11-17,2024-12-04,17,2,Поставщик_0067,077096602839,1136418.96,Завершен,False
405691,Клининг,Заказчик_0177,290868910115,Открытый конкурс,2023-11-05,2023-11-15,10,1,Поставщик_0771,687593322342,765658.83,Итоги подведены,False
405692,Медицинское оборудование,Заказчик_0040,303789475622,Открытый конкурс,2023-07-09,2023-07-21,12,6,Поставщик_0184,103135280397,7025777.74,Завершен,False
405693,Клининг,Заказчик_0018,571295570558,Электронный аукцион,2023-02-09,2023-02-26,17,3,Поставщик_0669,806013962187,704626.56,Завершен,False
405694,Клининг,Заказчик_0150,560471705949,Из одного источника по несостоявшимся закупкам,2024-05-28,2024-06-04,7,3,Поставщик_0696,543034672599,604307.95,Завершен,False
405695,Стройматериалы,Заказчик_0112,839942359881,Из одного источника по несостоявшимся закупкам,2025-04-08,2025-04-12,4,1,Поставщик_0336,874088944878,4066174.42,Завершен,True
405696,Медицинское оборудование,Заказчик_0106,132435760062,Запрос ценовых предложений,2023-11-25,2023-12-03,8,2,Поставщик_0170,188216312170,7839373.49,Завершен,False
405697,Продукты питания,Заказчик_0083,349806593311,Из одного источника по несостоявшимся закупкам,2023-09-27,2023-10-04,7,6,Поставщик_0488,046505527714,531394.57,Итоги подведены,False
405698,Медицинское оборудование,Заказчик_0071,069974068469,Запрос ценовых предложений,2024-07-30,2024-08-12,13,3,Поставщик_0614,251552734088,7785859.33,Опубликован,False
405699,Мебель,Заказчик_0075,929625670649,Открытый конкурс,2025-03-26,2025-03-29,3,6,Поставщик_0252,001422100968,1085981.12,Итоги подведены,False
405700,Медицинское оборудование,Заказчик_0093,375889866098,Открытый конкурс,2024-04-22,2024-05-02,10,1,Поставщик_0773,432380197171,7208188.93,Завершен,False
405701,IT-услуги,Заказчик_0153,051929549841,Электронный аукцион,2024-02-24,2024-03-04,9,3,Поставщик_0155,018915617364,4262216.49,Итоги подведены,False
405702,Канцелярские товары,Заказчик_0143,957760497757,Открытый конкурс,2025-01-13,2025-01-24,11,5,Поставщик_0288,661203121503,310600.36,Завершен,False
405703,Канцелярские товары,Заказчик_0123,706853063646,Запрос ценовых предложений,2023-06-24,2023-07-12,18,5,Поставщик_0363,826646713440,266654.39,Завершен,False
405704,Мебель,Заказчик_0149,424259616526,Запрос ценовых предложений,2023-11-26,2023-12-12,16,4,Поставщик_0158,941076970110,1066949.38,Итоги подведены,False
405705,Клининг,Заказчик_0193,560763609637,Электронный аукцион,2024-03-06,2024-03-15,9,2,Поставщик_0537,774059209133,630944.97,Опубликован,False
405706,Канцелярские товары,Заказчик_0006,836394225258,Электронный аукцион,2025-05-17,2025-05-26,9,2,Поставщик_0655,282227347127,287765.81,Завершен,False
405707,Стройматериалы,Заказчик_0073,291422089614,Запрос ценовых предложений,2023-04-17,2023-04-23,6,7,Поставщик_0671,235646132247,2717925.47,Завершен,False
405708,Медицинское оборудование,Заказчик_0151,841936905579,Запрос ценовых предложений,2023-05-03,2023-05-21,18,1,Поставщик_0527,717368658225,7194602.04,Завершен,False
405709,Продукты питания,Заказчик_0085,228319081121,Из одного источника,2025-04-29,2025-05-13,14,3,Поставщик_0772,923184834773,440211.02,Итоги подведены,False
405710,Клининг,Заказчик_0126,693755362174,Запрос ценовых предложений,2023-08-11,2023-09-02,22,3,Поставщик_0342,461718724186,653021.52,Завершен,False
405711,Транспортные услуги,Заказчик_0030,736535270957,Запрос ценовых предложений,2024-04-24,2024-05-04,10,4,Поставщик_0216,992635931556,1123040.1,Завершен,False
405712,Медицинское оборудование,Заказчик_0026,217846198988,Открытый конкурс,2023-06-18,2023-06-22,4,2,Поставщик_0053,134266101208,8361574.4,Завершен,False
405713,IT-услуги,Заказчик_0065,847528925395,Электронный аукцион,2023-09-24,2023-10-09,15,3,Поставщик_0707,835273872658,5484870.1,Завершен,False
405714,Стройматериалы,Заказчик_0177,290868910115,Открытый конкурс,2025-05-10,2025-05-30,20,1,Поставщик_0127,685395384465,2686282.49,Завершен,False
405715,IT-услуги,Заказчик_0182,383719759048,Открытый конкурс,2024-03-06,2024-03-13,7,3,Поставщик_0205,587548095375,5009212.98,Итоги подведены,False
405716,Транспортные услуги,Заказчик_0100,825533331515,Электронный аукцион,2023-08-30,2023-09-09,10,3,Поставщик_0704,159772307286,1021037.07,Завершен,False
405717,Клининг,Заказчик_0101,937882116761,Электронный аукцион,2023-09-26,2023-10-07,11,3,Поставщик_0498,173845785681,627124.83,Итоги подведены,False
405718,Охранные услуги,Заказчик_0075,929625670649,Из одного источника по несостоявшимся закупкам,2023-11-27,2023-12-07,10,8,Поставщик_0613,744440594763,2084531.88,Завершен,False
405719,Ремонт зданий,Заказчик_0001,016525808631,Электронный аукцион,2025-06-02,2025-06-24,22,4,Поставщик_0224,975718896174,6050301.46,Завершен,False
405720,Продукты питания,Заказчик_0196,444633818661,Открытый конкурс,2023-02-21,2023-03-03,10,2,Поставщик_0481,847393827870,498681.1,Завершен,False
405721,Медицинское оборудование,Заказчик_0001,016525808631,Запрос ценовых предложений,2025-04-04,2025-04-22,18,5,Поставщик_0556,667280821303,6867742.38,Опубликован,False
405722,Ремонт зданий,Заказчик_0132,113739882651,Запрос ценовых предложений,2024-10-20,2024-11-03,14,2,Поставщик_0513,247215278928,5339723.78,Завершен,False
405723,Транспортные услуги,Заказчик_0033,456442497105,Из одного источника по несостоявшимся закупкам,2023-02-24,2023-03-08,12,3,Поставщик_0694,546351533435,1272916.05,Итоги подведены,False
405724,IT-услуги,Заказчик_0001,016525808631,Электронный аукцион,2023-02-07,2023-02-14,7,3,Поставщик_0594,125587341592,4622644.13,Завершен,False
405725,Транспортные услуги,Заказчик_0029,639591919214,Электронный аукцион,2024-09-06,2024-09-20,14,2,Поставщик_0140,396575986426,1134950.04,Завершен,False
405726,Транспортные услуги,Заказчик_0123,706853063646,Из одного источника,2023-05-17,2023-05-24,7,3,Поставщик_0382,989586553277,1255121.45,Завершен,False
405727,Ремонт зданий,Заказчик_0107,769835139635,Запрос ценовых предложений,2025-01-04,2025-01-17,13,5,Поставщик_0052,121677222058,6464705.58,Завершен,False
405728,Стройматериалы,Заказчик_0109,331294210817,Открытый конкурс,2023-10-25,2023-11-11,17,3,Поставщик_0481,847393827870,2587525.0,Завершен,False
405729,Охранные услуги,Заказчик_0080,658912085920,Открытый конкурс,2023-09-25,2023-10-10,15,2,Поставщик_0663,433118792556,1711459.22,Завершен,False
405730,Канцелярские товары,Заказчик_0086,600723107574,Открытый конкурс,2024-11-30,2024-12-18,18,7,Поставщик_0394,416300334338,326080.36,Итоги подведены,False
405731,Медицинское оборудование,Заказчик_0156,370660134587,Из одного источника по несостоявшимся закупкам,2023-01-02,2023-01-12,10,5,Поставщик_0527,717368658225,7140242.26,Завершен,False
405732,Мебель,Заказчик_0056,936679226110,Открытый конкурс,2023-09-07,2023-09-12,5,3,Поставщик_0639,473927972652,933205.05,Итоги подведены,False
405733,Транспортные услуги,Заказчик_0061,915640336836,Запрос ценовых предложений,2024-02-13,2024-02-21,8,4,Поставщик_0138,786746124356,1288799.61,Итоги подведены,False
405734,Ремонт зданий,Заказчик_0010,757503098830,Электронный аукцион,2025-03-28,2025-03-31,3,1,Поставщик_0185,771865953750,7536742.29,Завершен,True
405735,Медицинское оборудование,Заказчик_0153,051929549841,Из одного источника по несостоявшимся закупкам,2025-03-14,2025-03-21,7,2,Поставщик_0479,756235419844,7601135.21,Итоги подведены,False
405736,IT-услуги,Заказчик_0180,050288400985,Из одного источника по несостоявшимся закупкам,2023-06-17,2023-07-05,18,3,Поставщик_0095,925701177161,5117997.27,Опубликован,False
405737,Мебель,Заказчик_0154,114217757188,Электронный аукцион,2023-10-18,2023-11-01,14,4,Поставщик_0466,194810172946,1046916.67,Отменен,False
405738,IT-услуги,Заказчик_0186,053323099951,Электронный аукцион,2023-08-08,2023-08-27,19,5,Поставщик_0688,615267524997,4700373.37,Итоги подведены,False
405739,Охранные услуги,Заказчик_0118,609055953469,Открытый конкурс,2023-03-05,2023-03-22,17,3,Поставщик_0779,380890355108,1830800.58,Завершен,False
405740,Мебель,Заказчик_0010,757503098830,Запрос ценовых предложений,2025-04-01,2025-04-03,2,1,Поставщик_0185,771865953750,1351435.03,Завершен,True
405741,Мебель,Заказчик_0079,987998370546,Электронный аукцион,2025-04-22,2025-05-04,12,4,Поставщик_0398,829094583365,933549.13,Отменен,False
405742,Транспортные услуги,Заказчик_0147,252922273397,Электронный аукцион,2025-03-30,2025-04-11,12,4,Поставщик_0461,666972086666,1182347.92,Завершен,False
405743,Ремонт зданий,Заказчик_0024,420762754008,Из одного источника по несостоявшимся закупкам,2023-11-29,2023-12-10,11,6,Поставщик_0032,877320275114,5397572.23,Завершен,False
405744,IT-услуги,Заказчик_0005,965687203229,Электронный аукцион,2023-10-09,2023-10-23,14,2,Поставщик_0210,181743746112,5077778.23,Итоги подведены,False
405745,Ремонт зданий,Заказчик_0138,309592304864,Из одного источника,2024-08-22,2024-09-02,11,2,Поставщик_0746,277946131833,5124304.22,Завершен,False
405746,Продукты питания,Заказчик_0132,113739882651,Из одного источника по несостоявшимся закупкам,2024-06-22,2024-06-29,7,1,Поставщик_0020,007565470562,445975.38,Завершен,False
405747,Стройматериалы,Заказчик_0180,050288400985,Запрос ценовых предложений,2023-09-18,2023-10-01,13,3,Поставщик_0321,485926593358,3210043.95,Завершен,False
405748,IT-услуги,Заказчик_0054,441094840601,Открытый конкурс,2023-08-11,2023-08-21,10,2,Поставщик_0730,344726620896,4673828.54,Итоги подведены,False
405749,Стройматериалы,Заказчик_0175,560089674827,Электронный аукцион,2023-04-27,2023-05-06,9,1,Поставщик_0518,373753623817,3193773.47,Завершен,False
405750,Охранные услуги,Заказчик_0017,424039274499,Запрос ценовых предложений,2024-11-18,2024-12-09,21,1,Поставщик_0434,689235115480,2101975.58,Отменен,False
405751,Мебель,Заказчик_0150,560471705949,Открытый конкурс,2023-06-01,2023-06-08,7,4,Поставщик_0327,343802486264,981747.23,Завершен,False
405752,Медицинское оборудование,Заказчик_0059,216695400432,Электронный аукцион,2025-06-03,2025-06-20,17,9,Поставщик_0315,693616007772,8097380.41,Итоги подведены,False
405753,Стройматериалы,Заказчик_0008,959807652614,Открытый конкурс,2024-03-05,2024-03-12,7,4,Поставщик_0339,867347268714,3088465.19,Завершен,False
405754,Клининг,Заказчик_0182,383719759048,Электронный аукцион,2023-02-01,2023-02-13,12,2,Поставщик_0113,007552236406,710390.57,Итоги подведены,False
405755,Ремонт зданий,Заказчик_0083,349806593311,Из одного источника по несостоявшимся закупкам,2025-01-24,2025-02-14,21,6,Поставщик_0710,341084543823,5863082.14,Завершен,False
405756,Стройматериалы,Заказчик_0141,155013446536,Из одного источника,2024-09-11,2024-09-13,2,3,Поставщик_0788,853991820736,2932914.91,Завершен,False
405757,Стройматериалы,Заказчик_0042,061403237378,Из одного источника по несостоявшимся закупкам,2024-03-29,2024-03-30,1,2,Поставщик_0776,349263125116,2997865.95,Завершен,False
405758,Клининг,Заказчик_0130,560397578096,Электронный аукцион,2023-04-01,2023-04-18,17,2,Поставщик_0664,021248299796,605289.87,Завершен,False
405759,Мебель,Заказчик_0172,325409489345,Запрос ценовых предложений,2023-08-20,2023-08-30,10,2,Поставщик_0639,473927972652,990291.3,Итоги подведены,False
405760,Продукты питания,Заказчик_0163,155720026558,Электронный аукцион,2024-01-22,2024-02-07,16,5,Поставщик_0102,016171228627,522285.2,Итоги подведены,False
405761,Транспортные услуги,Заказчик_0173,212954133846,Из одного источника,2024-06-22,2024-06-24,2,3,Поставщик_0797,468272254890,1232975.62,Завершен,False
405762,Транспортные услуги,Заказчик_0049,308127387209,Электронный аукцион,2023-06-02,2023-06-20,18,2,Поставщик_0232,187367544659,1199211.19,Опубликован,False
405763,IT-услуги,Заказчик_0054,441094840601,Электронный аукцион,2024-03-09,2024-03-13,4,6,Поставщик_0426,385935104354,4903426.12,Завершен,False
405764,Клининг,Заказчик_0082,679471404490,Электронный аукцион,2023-06-12,2023-06-18,6,4,Поставщик_0413,378639743115,654919.58,Отменен,False
405765,Продукты питания,Заказчик_0126,693755362174,Из одного источника по несостоявшимся закупкам,2023-12-06,2023-12-22,16,4,Поставщик_0445,688678330077,522098.95,Итоги подведены,False
405766,IT-услуги,Заказчик_0065,847528925395,Электронный аукцион,2023-09-04,2023-09-15,11,2,Поставщик_0097,691450984591,5043151.75,Завершен,False
405767,IT-услуги,Заказчик_0000,602276804025,Открытый конкурс,2023-11-10,2023-11-19,9,4,Поставщик_0764,707738948144,4520883.4,Итоги подведены,False
405768,Продукты питания,Заказчик_0113,268518827291,Электронный аукцион,2024-01-23,2024-02-11,19,1,Поставщик_0046,697251361799,520141.8,Завершен,False
405769,Стройматериалы,Заказчик_0013,352206298026,Запрос ценовых предложений,2024-12-30,2025-01-07,8,3,Поставщик_0319,930083708303,3120326.35,Отменен,False
405770,Продукты питания,Заказчик_0113,268518827291,Из одного источника по несостоявшимся закупкам,2025-02-18,2025-03-02,12,6,Поставщик_0621,686099472938,502507.21,Завершен,False
405771,Мебель,Заказчик_0105,101837512445,Электронный аукцион,2025-01-13,2025-01-17,4,5,Поставщик_0165,784812662610,859386.54,Завершен,False
405772,Клининг,Заказчик_0128,840683305887,Запрос ценовых предложений,2023-10-08,2023-10-24,16,4,Поставщик_0338,671463015987,617567.7,Итоги подведены,False
405773,IT-услуги,Заказчик_0039,704542495687,Электронный аукцион,2025-04-14,2025-05-01,17,2,Поставщик_0211,624850825440,4738064.86,Итоги подведены,False
405774,IT-услуги,Заказчик_0150,560471705949,Запрос ценовых предложений,2024-04-07,2024-04-21,14,2,Поставщик_0589,136000136411,5055987.08,Итоги подведены,False
405775,Мебель,Заказчик_0038,756202235126,Из одного источника по несостоявшимся закупкам,2024-05-31,2024-06-16,16,6,Поставщик_0383,675235830780,980483.61,Завершен,False
405776,Мебель,Заказчик_0122,138783944958,Запрос ценовых предложений,2024-12-20,2025-01-01,12,3,Поставщик_0420,118735108906,1026348.57,Завершен,False
405777,Транспортные услуги,Заказчик_0070,366888337780,Электронный аукцион,2024-01-22,2024-02-07,16,3,Поставщик_0375,617428444873,1193435.94,Завершен,False
405778,Охранные услуги,Заказчик_0143,957760497757,Запрос ценовых предложений,2024-05-20,2024-06-05,16,2,Поставщик_0683,389018421647,2094831.19,Отменен,False
405779,Канцелярские товары,Заказчик_0170,681775483909,Электронный аукцион,2023-02-19,2023-02-25,6,4,Поставщик_0068,643324683156,309523.75,Итоги подведены,False
405780,Транспортные услуги,Заказчик_0048,544728808246,Из одного источника,2024-09-09,2024-09-21,12,3,Поставщик_0762,316239117374,1234328.65,Завершен,False
405781,Транспортные услуги,Заказчик_0165,105707422805,Запрос ценовых предложений,2023-03-16,2023-03-19,3,1,Поставщик_0645,945551379107,1701878.18,Завершен,True
405782,Охранные услуги,Заказчик_0117,419505214624,Открытый конкурс,2024-09-25,2024-09-26,1,1,Поставщик_0101,134564782885,2619686.76,Итоги подведены,True
405783,Продукты питания,Заказчик_0196,444633818661,Запрос ценовых предложений,2024-07-20,2024-07-29,9,3,Поставщик_0486,096596402469,452352.77,Завершен,False
405784,Канцелярские товары,Заказчик_0179,703500144758,Открытый конкурс,2025-01-21,2025-02-08,18,3,Поставщик_0062,246081948246,299371.99,Отменен,False
405785,Медицинское оборудование,Заказчик_0089,395460786772,Электронный аукцион,2024-12-31,2025-01-07,7,2,Поставщик_0060,512534346021,7727816.34,Опубликован,False
405786,Стройматериалы,Заказчик_0051,545473722111,Из одного источника,2024-04-29,2024-05-07,8,1,Поставщик_0418,020226279372,3153861.55,Завершен,False
405787,Охранные услуги,Заказчик_0119,207376773058,Электронный аукцион,2023-07-09,2023-07-21,12,3,Поставщик_0491,158112158095,1897177.6,Итоги подведены,False
405788,Продукты питания,Заказчик_0112,839942359881,Открытый конкурс,2024-11-05,2024-11-09,4,1,Поставщик_0336,874088944878,692359.61,Завершен,True
405789,Охранные услуги,Заказчик_0026,217846198988,Электронный аукцион,2023-04-09,2023-04-18,9,2,Поставщик_0218,435602273530,2012313.05,Итоги подведены,False
405790,Транспортные услуги,Заказчик_0002,930086875935,Электронный аукцион,2024-06-27,2024-07-15,18,1,Поставщик_0779,380890355108,1175397.0,Завершен,False
405791,Охранные услуги,Заказчик_0040,303789475622,Запрос ценовых предложений,2023-03-26,2023-04-06,11,3,Поставщик_0622,537306373772,1862503.11,Итоги подведены,False
405792,IT-услуги,Заказчик_0053,105295618485,Электронный аукцион,2024-07-16,2024-07-19,3,6,Поставщик_0644,384477013768,4682761.82,Завершен,False
405793,Ремонт зданий,Заказчик_0118,609055953469,Электронный аукцион,2025-03-21,2025-04-03,13,4,Поставщик_0171,074530106996,5463633.01,Итоги подведены,False
405794,Охранные услуги,Заказчик_0008,959807652614,Открытый конкурс,2023-10-02,2023-10-15,13,1,Поставщик_0356,484547864403,2125229.69,Завершен,False
405795,Стройматериалы,Заказчик_0101,937882116761,Запрос ценовых предложений,2023-07-09,2023-07-21,12,5,Поставщик_0237,009412350783,2712505.06,Завершен,False
405796,Транспортные услуги,Заказчик_0130,560397578096,Электронный аукцион,2023-02-05,2023-02-23,18,2,Поставщик_0431,457774731762,1309221.46,Завершен,False
405797,Охранные услуги,Заказчик_0032,421496963502,Электронный аукцион,2024-02-05,2024-02-11,6,2,Поставщик_0055,220760359558,1741842.8,Итоги подведены,False
405798,Ремонт зданий,Заказчик_0119,207376773058,Из одного источника,2025-06-11,2025-06-25,14,1,Поставщик_0524,751020189276,6290872.37,Завершен,False
405799,Продукты питания,Заказчик_0174,628964171749,Открытый конкурс,2025-04-03,2025-04-16,13,3,Поставщик_0635,900785867507,443196.51,Опубликован,False
405800,Стройматериалы,Заказчик_0081,893419340814,Запрос ценовых предложений,2025-04-27,2025-05-05,8,4,Поставщик_0719,880353449473,2738259.5,Завершен,False
405801,Медицинское оборудование,Заказчик_0100,825533331515,Из одного источника,2025-03-19,2025-03-22,3,1,Поставщик_0026,859743472035,9631583.88,Опубликован,True
405802,Мебель,Заказчик_0120,174668074201,Открытый конкурс,2023-12-03,2023-12-11,8,1,Поставщик_0138,786746124356,925365.44,Завершен,False
405803,Продукты питания,Заказчик_0182,383719759048,Электронный аукцион,2023-02-26,2023-03-02,4,2,Поставщик_0449,235915981959,439052.81,Завершен,False
405804,Транспортные услуги,Заказчик_0073,291422089614,Запрос ценовых предложений,2025-06-14,2025-06-24,10,2,Поставщик_0332,411942543934,1237070.49,Завершен,False
405805,Медицинское оборудование,Заказчик_0071,069974068469,Открытый конкурс,2023-04-24,2023-05-08,14,5,Поставщик_0667,289713077352,7625705.46,Завершен,False
405806,Ремонт зданий,Заказчик_0144,516681609103,Открытый конкурс,2024-12-28,2025-01-02,5,6,Поставщик_0342,461718724186,5698954.24,Завершен,False
405807,Медицинское оборудование,Заказчик_0128,840683305887,Запрос ценовых предложений,2025-06-10,2025-06-29,19,4,Поставщик_0075,124594377461,8158492.98,Завершен,False
405808,Продукты питания,Заказчик_0093,375889866098,Запрос ценовых предложений,2023-07-29,2023-07-31,2,5,Поставщик_0069,836621096827,500086.64,Завершен,False
405809,Клининг,Заказчик_0008,959807652614,Из одного источника,2025-02-13,2025-03-01,16,1,Поставщик_0463,595148239633,655913.52,Завершен,False
405810,Стройматериалы,Заказчик_0057,045227746976,Электронный аукцион,2025-05-23,2025-06-09,17,2,Поставщик_0454,962676334080,3023528.96,Итоги подведены,False
405811,Клининг,Заказчик_0098,137588080098,Открытый конкурс,2023-03-30,2023-04-08,9,2,Поставщик_0340,189829966991,610194.19,Итоги подведены,False
405812,Медицинское оборудование,Заказчик_0104,865457848634,Открытый конкурс,2023-10-22,2023-10-27,5,1,Поставщик_0122,800050545955,7983216.58,Опубликован,False
405813,Продукты питания,Заказчик_0188,511393683388,Электронный аукцион,2024-11-04,2024-11-19,15,5,Поставщик_0374,844728350373,426606.04,Отменен,False
405814,Продукты питания,Заказчик_0093,375889866098,Из одного источника,2025-03-21,2025-04-11,21,3,Поставщик_0160,261806834952,468458.66,Завершен,False
405815,Транспортные услуги,Заказчик_0009,498251982661,Запрос ценовых предложений,2025-01-29,2025-02-01,3,1,Поставщик_0029,042388906871,1425198.03,Итоги подведены,True
405816,IT-услуги,Заказчик_0074,356428134255,Открытый конкурс,2023-06-20,2023-06-21,1,5,Поставщик_0790,687196829929,5448889.25,Завершен,False
405817,Мебель,Заказчик_0149,424259616526,Из одного источника по несостоявшимся закупкам,2023-03-07,2023-03-08,1,1,Поставщик_0715,687701717887,1044310.29,Завершен,False
405818,Ремонт зданий,Заказчик_0167,098964499673,Открытый конкурс,2025-03-23,2025-04-03,11,3,Поставщик_0325,647107852974,5519572.69,Завершен,False
405819,Мебель,Заказчик_0038,756202235126,Из одного источника по несостоявшимся закупкам,2023-09-06,2023-09-12,6,2,Поставщик_0252,001422100968,862527.44,Завершен,False
405820,Продукты питания,Заказчик_0008,959807652614,Электронный аукцион,2025-03-24,2025-04-07,14,1,Поставщик_0191,410813781099,513675.08,Завершен,False
405821,Транспортные услуги,Заказчик_0016,294850989981,Электронный аукцион,2023-05-31,2023-06-07,7,2,Поставщик_0494,962316023940,1167185.26,Итоги подведены,False
405822,Мебель,Заказчик_0193,560763609637,Электронный аукцион,2024-10-14,2024-10-26,12,3,Поставщик_0371,223308216567,1005013.51,Опубликован,False
405823,Мебель,Заказчик_0051,545473722111,Электронный аукцион,2024-07-03,2024-07-16,13,7,Поставщик_0533,258190416283,1024854.51,Завершен,False
405824,Транспортные услуги,Заказчик_0055,539176725448,Открытый конкурс,2023-09-19,2023-10-01,12,8,Поставщик_0176,636150818240,1223761.05,Завершен,False
405825,Канцелярские товары,Заказчик_0068,707783689405,Из одного источника по несостоявшимся закупкам,2023-08-07,2023-08-22,15,3,Поставщик_0257,169627955944,296045.89,Итоги подведены,False
405826,Транспортные услуги,Заказчик_0135,486200442637,Запрос ценовых предложений,2023-07-14,2023-07-24,10,1,Поставщик_0685,775363758901,1054296.57,Опубликован,False
405827,Охранные услуги,Заказчик_0108,933786876564,Запрос ценовых предложений,2024-09-26,2024-10-07,11,4,Поставщик_0114,566757091730,2067711.82,Завершен,False
405828,IT-услуги,Заказчик_0106,132435760062,Из одного источника по несостоявшимся закупкам,2024-07-13,2024-07-26,13,3,Поставщик_0406,252571696525,4459881.98,Завершен,False
405829,Ремонт зданий,Заказчик_0019,190156218256,Электронный аукцион,2024-10-01,2024-10-05,4,2,Поставщик_0716,430475267338,6412210.22,Итоги подведены,False
405830,Ремонт зданий,Заказчик_0197,921159241640,Электронный аукцион,2025-02-27,2025-03-02,3,4,Поставщик_0154,360846433592,5745437.01,Итоги подведены,False
405831,Медицинское оборудование,Заказчик_0172,325409489345,Из одного источника по несостоявшимся закупкам,2024-08-01,2024-08-17,16,5,Поставщик_0792,041878927631,8198137.44,Завершен,False
405832,Клининг,Заказчик_0024,420762754008,Из одного источника,2023-08-22,2023-09-07,16,2,Поставщик_0002,030189546484,655782.44,Завершен,False
405833,Клининг,Заказчик_0176,053666440505,Открытый конкурс,2025-05-11,2025-05-24,13,1,Поставщик_0596,872810642904,731113.71,Итоги подведены,False
405834,Стройматериалы,Заказчик_0157,319262117645,Запрос ценовых предложений,2024-05-12,2024-05-24,12,5,Поставщик_0279,680830429577,2653461.8,Опубликован,False
405835,Клининг,Заказчик_0153,051929549841,Из одного источника по несостоявшимся закупкам,2023-10-23,2023-11-05,13,6,Поставщик_0674,587072334392,687287.04,Завершен,False
405836,Охранные услуги,Заказчик_0196,444633818661,Из одного источника по несостоявшимся закупкам,2023-04-30,2023-05-08,8,3,Поставщик_0309,913322191117,1734238.14,Завершен,False
405837,Стройматериалы,Заказчик_0034,638762102480,Из одного источника по несостоявшимся закупкам,2024-05-25,2024-06-10,16,4,Поставщик_0527,717368658225,3103084.64,Завершен,False
405838,Мебель,Заказчик_0063,541376725946,Открытый конкурс,2024-11-27,2024-12-06,9,1,Поставщик_0014,068941037138,914176.06,Завершен,False
405839,Продукты питания,Заказчик_0082,679471404490,Электронный аукцион,2024-11-04,2024-11-19,15,6,Поставщик_0606,849526834930,460806.11,Завершен,False
405840,Продукты питания,Заказчик_0084,846650721507,Из одного источника по несостоявшимся закупкам,2024-01-31,2024-02-06,6,2,Поставщик_0520,270152889984,510159.13,Опубликован,False
405841,Стройматериалы,Заказчик_0068,707783689405,Открытый конкурс,2025-03-28,2025-04-11,14,1,Поставщик_0221,526783920968,3117134.05,Завершен,False
405842,Продукты питания,Заказчик_0087,751590785490,Из одного источника,2023-06-11,2023-06-19,8,2,Поставщик_0566,355711415538,544717.47,Итоги подведены,False
405843,Стройматериалы,Заказчик_0177,290868910115,Запрос ценовых предложений,2024-03-14,2024-03-22,8,4,Поставщик_0049,210379843514,2788712.96,Завершен,False
405844,Канцелярские товары,Заказчик_0087,751590785490,Из одного источника,2023-12-15,2023-12-27,12,3,Поставщик_0530,915786308760,304097.94,Итоги подведены,False
405845,Ремонт зданий,Заказчик_0151,841936905579,Запрос ценовых предложений,2023-08-02,2023-08-09,7,1,Поставщик_0649,160106850707,6560941.92,Завершен,False
405846,Стройматериалы,Заказчик_0199,342856565386,Открытый конкурс,2023-06-10,2023-06-15,5,1,Поставщик_0259,469059047610,3779613.13,Завершен,True
405847,Ремонт зданий,Заказчик_0145,164798701236,Электронный аукцион,2023-03-31,2023-04-15,15,2,Поставщик_0022,800446377177,6483252.45,Итоги подведены,False
405848,Стройматериалы,Заказчик_0041,403641416035,Из одного источника,2024-09-23,2024-10-02,9,4,Поставщик_0297,540029846844,2788464.54,Итоги подведены,False
405849,Охранные услуги,Заказчик_0108,933786876564,Из одного источника по несостоявшимся закупкам,2023-04-27,2023-05-06,9,2,Поставщик_0147,969417822261,2197947.81,Завершен,False
405850,Медицинское оборудование,Заказчик_0180,050288400985,Запрос ценовых предложений,2023-02-20,2023-03-02,10,4,Поставщик_0744,571223329164,8728585.49,Завершен,False
405851,Клининг,Заказчик_0048,544728808246,Электронный аукцион,2023-02-19,2023-03-06,15,3,Поставщик_0162,584323088340,618944.58,Опубликован,False
405852,IT-услуги,Заказчик_0159,055513512505,Электронный аукцион,2024-10-20,2024-10-31,11,5,Поставщик_0573,786259204650,4344472.38,Итоги подведены,False
405853,IT-услуги,Заказчик_0149,424259616526,Из одного источника,2023-10-21,2023-11-09,19,2,Поставщик_0741,047238737564,5304744.79,Завершен,False
405854,Стройматериалы,Заказчик_0044,011652671671,Электронный аукцион,2024-02-17,2024-03-04,16,1,Поставщик_0592,415569372220,2711307.43,Завершен,False
405855,Канцелярские товары,Заказчик_0057,045227746976,Открытый конкурс,2023-11-28,2023-12-12,14,2,Поставщик_0265,951877531146,268858.11,Итоги подведены,False
405856,Транспортные услуги,Заказчик_0106,132435760062,Из одного источника,2023-11-02,2023-11-17,15,7,Поставщик_0362,693663310109,1073400.42,Завершен,False
405857,Стройматериалы,Заказчик_0194,940255554375,Электронный аукцион,2024-12-26,2025-01-12,17,2,Поставщик_0362,693663310109,2930010.84,Завершен,False
405858,Клининг,Заказчик_0161,030990904779,Открытый конкурс,2023-10-17,2023-10-28,11,1,Поставщик_0023,195771172870,619200.81,Завершен,False
405859,Мебель,Заказчик_0159,055513512505,Электронный аукцион,2025-03-29,2025-04-17,19,3,Поставщик_0058,496829903332,942602.97,Завершен,False
405860,Клининг,Заказчик_0145,164798701236,Запрос ценовых предложений,2023-12-22,2024-01-05,14,2,Поставщик_0405,385456565010,685476.26,Завершен,False
405861,Стройматериалы,Заказчик_0101,937882116761,Открытый конкурс,2024-05-08,2024-05-14,6,2,Поставщик_0040,132870957991,2986095.49,Завершен,False
405862,Медицинское оборудование,Заказчик_0185,103321145403,Запрос ценовых предложений,2024-02-29,2024-03-10,10,8,Поставщик_0577,090633981015,7920660.96,Итоги подведены,False
405863,Канцелярские товары,Заказчик_0033,456442497105,Из одного источника по несостоявшимся закупкам,2024-03-23,2024-03-29,6,6,Поставщик_0231,678404341761,298026.01,Опубликован,False
405864,Медицинское оборудование,Заказчик_0069,588454746149,Из одного источника по несостоявшимся закупкам,2024-04-06,2024-04-21,15,3,Поставщик_0565,950808586644,7847155.26,Итоги подведены,False
405865,Ремонт зданий,Заказчик_0065,847528925395,Открытый конкурс,2023-02-09,2023-02-22,13,5,Поставщик_0190,906433503969,5509010.08,Завершен,False
405866,Канцелярские товары,Заказчик_0171,919426295735,Из одного источника по несостоявшимся закупкам,2024-04-05,2024-04-20,15,7,Поставщик_0372,944811679801,301997.44,Итоги подведены,False
405867,Транспортные услуги,Заказчик_0125,691670073356,Открытый конкурс,2023-01-03,2023-01-15,12,4,Поставщик_0557,404694079971,1256577.02,Завершен,False
405868,Клининг,Заказчик_0190,238315556594,Открытый конкурс,2023-09-04,2023-09-09,5,1,Поставщик_0580,935274531168,828498.77,Завершен,True
405869,Мебель,Заказчик_0062,298543394596,Электронный аукцион,2023-01-15,2023-01-27,12,3,Поставщик_0037,041583061212,877094.38,Завершен,False
405870,Транспортные услуги,Заказчик_0069,588454746149,Запрос ценовых предложений,2024-09-12,2024-09-27,15,6,Поставщик_0285,513462082964,1228707.5,Итоги подведены,False
405871,Охранные услуги,Заказчик_0131,463876194901,Электронный аукцион,2024-06-04,2024-06-08,4,3,Поставщик_0578,609946517910,2038474.5,Завершен,False
405872,Клининг,Заказчик_0031,763063387334,Запрос ценовых предложений,2023-05-12,2023-05-21,9,5,Поставщик_0015,177191506476,759594.71,Завершен,False
405873,Ремонт зданий,Заказчик_0095,724337750016,Электронный аукцион,2023-11-12,2023-11-21,9,2,Поставщик_0200,591387784449,6350039.34,Завершен,False
405874,Мебель,Заказчик_0106,132435760062,Из одного источника по несостоявшимся закупкам,2023-05-16,2023-06-02,17,5,Поставщик_0469,343898963033,937212.47,Завершен,False
405875,Медицинское оборудование,Заказчик_0035,461642607714,Открытый конкурс,2024-03-21,2024-04-08,18,2,Поставщик_0551,195769373384,7591489.76,Завершен,False
405876,Медицинское оборудование,Заказчик_0120,174668074201,Электронный аукцион,2024-04-20,2024-05-02,12,2,Поставщик_0260,316863067117,7064549.34,Завершен,False
405877,Канцелярские товары,Заказчик_0156,370660134587,Запрос ценовых предложений,2025-06-14,2025-06-29,15,5,Поставщик_0720,266843435379,263397.22,Итоги подведены,False
405878,Транспортные услуги,Заказчик_0086,600723107574,Запрос ценовых предложений,2024-05-18,2024-06-01,14,3,Поставщик_0481,847393827870,1291519.47,Итоги подведены,False
405879,Продукты питания,Заказчик_0041,403641416035,Из одного источника,2024-08-10,2024-08-24,14,1,Поставщик_0137,267474352337,537015.61,Итоги подведены,False
405880,Продукты питания,Заказчик_0022,876960826911,Из одного источника по несостоявшимся закупкам,2025-02-02,2025-02-09,7,4,Поставщик_0509,232418148134,543249.35,Опубликован,False
405881,Продукты питания,Заказчик_0107,769835139635,Открытый конкурс,2024-11-09,2024-11-15,6,1,Поставщик_0685,775363758901,648009.18,Итоги подведены,True
405882,Продукты питания,Заказчик_0034,638762102480,Запрос ценовых предложений,2025-04-22,2025-05-02,10,3,Поставщик_0676,607807975653,442482.29,Итоги подведены,False
405883,IT-услуги,Заказчик_0068,707783689405,Электронный аукцион,2025-04-07,2025-04-15,8,4,Поставщик_0795,993293814586,4884521.62,Завершен,False
405884,Канцелярские товары,Заказчик_0071,069974068469,Открытый конкурс,2023-05-06,2023-05-09,3,1,Поставщик_0657,574512230495,316235.73,Завершен,False
405885,Канцелярские товары,Заказчик_0159,055513512505,Открытый конкурс,2024-07-04,2024-07-09,5,4,Поставщик_0760,233735125812,308182.52,Завершен,False
405886,Канцелярские товары,Заказчик_0188,511393683388,Запрос ценовых предложений,2023-03-05,2023-03-25,20,2,Поставщик_0541,928019730937,302133.05,Завершен,False
405887,Ремонт зданий,Заказчик_0119,207376773058,Из одного источника по несостоявшимся закупкам,2025-01-17,2025-01-23,6,7,Поставщик_0652,496109906857,5404927.6,Опубликован,False
405888,Ремонт зданий,Заказчик_0108,933786876564,Запрос ценовых предложений,2025-02-07,2025-02-14,7,4,Поставщик_0762,316239117374,6201680.75,Завершен,False
405889,Охранные услуги,Заказчик_0165,105707422805,Запрос ценовых предложений,2024-10-03,2024-10-14,11,2,Поставщик_0729,302785633903,2167095.19,Итоги подведены,False
405890,Стройматериалы,Заказчик_0169,512269807126,Из одного источника по несостоявшимся закупкам,2024-05-24,2024-05-25,1,3,Поставщик_0302,439112186855,2561813.04,Опубликован,False
405891,Канцелярские товары,Заказчик_0130,560397578096,Открытый конкурс,2023-05-16,2023-05-30,14,1,Поставщик_0759,474938970727,257082.5,Завершен,False
405892,Клининг,Заказчик_0044,011652671671,Электронный аукцион,2024-07-06,2024-07-26,20,7,Поставщик_0086,613468081492,679032.94,Завершен,False
405893,Охранные услуги,Заказчик_0120,174668074201,Запрос ценовых предложений,2024-04-15,2024-04-23,8,1,Поставщик_0635,900785867507,1768121.86,Итоги подведены,False
405894,Канцелярские товары,Заказчик_0048,544728808246,Из одного источника по несостоявшимся закупкам,2024-06-06,2024-06-12,6,1,Поставщик_0764,707738948144,300182.08,Итоги подведены,False
405895,Медицинское оборудование,Заказчик_0034,638762102480,Электронный аукцион,2025-01-11,2025-01-27,16,2,Поставщик_0605,427937196986,7731665.55,Завершен,False
405896,Мебель,Заказчик_0033,456442497105,Открытый конкурс,2025-04-29,2025-05-23,24,6,Поставщик_0131,981867816273,992544.35,Завершен,False
405897,Охранные услуги,Заказчик_0122,138783944958,Электронный аукцион,2023-12-07,2023-12-20,13,2,Поставщик_0185,771865953750,2021526.08,Завершен,False
405898,IT-услуги,Заказчик_0092,787963526218,Электронный аукцион,2024-08-20,2024-08-28,8,3,Поставщик_0347,110188792867,4903444.13,Опубликован,False
405899,Стройматериалы,Заказчик_0168,413748378959,Из одного источника по несостоявшимся закупкам,2024-12-03,2024-12-26,23,3,Поставщик_0538,464738624455,2600225.6,Итоги подведены,False
405900,Медицинское оборудование,Заказчик_0023,152672624980,Открытый конкурс,2023-08-30,2023-09-15,16,2,Поставщик_0288,661203121503,8506921.66,Завершен,False
405901,Ремонт зданий,Заказчик_0008,959807652614,Открытый конкурс,2023-08-23,2023-08-27,4,3,Поставщик_0387,393471508828,5648348.57,Завершен,False
405902,Канцелярские товары,Заказчик_0149,424259616526,Из одного источника по несостоявшимся закупкам,2024-07-20,2024-08-04,15,3,Поставщик_0728,624041259320,257035.76,Итоги подведены,False
405903,Охранные услуги,Заказчик_0138,309592304864,Из одного источника по несостоявшимся закупкам,2024-01-03,2024-01-13,10,3,Поставщик_0304,573708281211,2095517.7,Завершен,False
405904,Продукты питания,Заказчик_0194,940255554375,Запрос ценовых предложений,2023-12-14,2023-12-25,11,3,Поставщик_0683,389018421647,514474.6,Завершен,False
405905,Транспортные услуги,Заказчик_0176,053666440505,Запрос ценовых предложений,2025-03-03,2025-03-09,6,1,Поставщик_0601,810431206859,1253154.96,Итоги подведены,False
405906,Канцелярские товары,Заказчик_0094,217330854160,Запрос ценовых предложений,2024-07-18,2024-07-28,10,3,Поставщик_0608,196632700250,320927.89,Завершен,False
405907,Охранные услуги,Заказчик_0014,219547810444,Из одного источника по несостоявшимся закупкам,2025-03-02,2025-03-07,5,3,Поставщик_0590,939998271903,2183976.54,Итоги подведены,False
405908,Канцелярские товары,Заказчик_0174,628964171749,Запрос ценовых предложений,2024-04-25,2024-05-07,12,3,Поставщик_0538,464738624455,271913.85,Завершен,False
405909,Медицинское оборудование,Заказчик_0165,105707422805,Запрос ценовых предложений,2025-01-31,2025-02-03,3,1,Поставщик_0645,945551379107,11184683.48,Отменен,True
405910,Транспортные услуги,Заказчик_0079,987998370546,Электронный аукцион,2024-02-18,2024-02-29,11,2,Поставщик_0429,862799779028,1108089.96,Итоги подведены,False
405911,Охранные услуги,Заказчик_0151,841936905579,Из одного источника,2024-06-16,2024-06-29,13,4,Поставщик_0421,371932869998,1734775.55,Итоги подведены,False
405912,Охранные услуги,Заказчик_0165,105707422805,Электронный аукцион,2023-02-06,2023-02-10,4,1,Поставщик_0645,945551379107,2797969.43,Опубликован,True
405913,Мебель,Заказчик_0132,113739882651,Из одного источника по несостоявшимся закупкам,2024-12-30,2025-01-14,15,2,Поставщик_0220,468537478273,995281.9,Итоги подведены,False
405914,Стройматериалы,Заказчик_0057,045227746976,Из одного источника по несостоявшимся закупкам,2024-11-28,2024-12-09,11,6,Поставщик_0333,698937809686,3129562.75,Завершен,False
405915,IT-услуги,Заказчик_0199,342856565386,Запрос ценовых предложений,2023-01-18,2023-02-05,18,4,Поставщик_0599,267317822732,4718303.69,Завершен,False
405916,Стройматериалы,Заказчик_0029,639591919214,Запрос ценовых предложений,2024-08-08,2024-08-21,13,5,Поставщик_0343,926441226936,3201459.82,Итоги подведены,False
405917,Медицинское оборудование,Заказчик_0058,694569801375,Из одного источника,2024-06-26,2024-07-02,6,2,Поставщик_0340,189829966991,8701560.51,Отменен,False
405918,Продукты питания,Заказчик_0022,876960826911,Запрос ценовых предложений,2024-03-20,2024-03-23,3,4,Поставщик_0471,664419980308,505351.87,Завершен,False
405919,Охранные услуги,Заказчик_0146,531933776661,Электронный аукцион,2023-05-15,2023-05-18,3,1,Поставщик_0299,615581038112,2811287.84,Завершен,True
405920,Мебель,Заказчик_0097,603503212307,Из одного источника по несостоявшимся закупкам,2024-04-23,2024-05-07,14,3,Поставщик_0361,815011468964,924939.74,Завершен,False
405921,Мебель,Заказчик_0159,055513512505,Из одного источника по несостоявшимся закупкам,2023-11-09,2023-11-25,16,3,Поставщик_0695,588998785476,1074016.7,Завершен,False
405922,Стройматериалы,Заказчик_0181,093957730128,Электронный аукцион,2024-09-18,2024-09-25,7,2,Поставщик_0642,380264830214,2807103.81,Завершен,False
405923,Медицинское оборудование,Заказчик_0005,965687203229,Открытый конкурс,2024-11-09,2024-11-21,12,4,Поставщик_0735,849125341936,6968469.74,Завершен,False
405924,Продукты питания,Заказчик_0007,329500167403,Открытый конкурс,2024-01-12,2024-01-27,15,4,Поставщик_0261,540535849007,446023.05,Завершен,False
405925,Ремонт зданий,Заказчик_0170,681775483909,Электронный аукцион,2024-09-19,2024-10-01,12,4,Поставщик_0059,487654415799,6431490.99,Завершен,False
405926,Транспортные услуги,Заказчик_0021,049902298831,Электронный аукцион,2023-12-13,2023-12-19,6,3,Поставщик_0331,992821835372,1183039.89,Завершен,False
405927,Стройматериалы,Заказчик_0064,196215509941,Из одного источника по несостоявшимся закупкам,2024-09-13,2024-09-21,8,2,Поставщик_0785,685426512793,2864898.83,Итоги подведены,False
405928,Продукты питания,Заказчик_0144,516681609103,Запрос ценовых предложений,2023-01-07,2023-01-22,15,2,Поставщик_0455,161205892073,537206.82,Опубликован,False
405929,Продукты питания,Заказчик_0169,512269807126,Электронный аукцион,2024-12-19,2024-12-23,4,2,Поставщик_0001,131666954134,546858.88,Итоги подведены,False
405930,Транспортные услуги,Заказчик_0131,463876194901,Запрос ценовых предложений,2025-03-20,2025-04-05,16,2,Поставщик_0187,330515207345,1307519.3,Завершен,False
405931,Медицинское оборудование,Заказчик_0123,706853063646,Из одного источника по несостоявшимся закупкам,2023-11-17,2023-12-07,20,1,Поставщик_0656,833596644581,7904475.13,Завершен,False
405932,Мебель,Заказчик_0100,825533331515,Электронный аукцион,2024-02-14,2024-02-24,10,4,Поставщик_0131,981867816273,1071040.14,Завершен,False
405933,Клининг,Заказчик_0050,074766470263,Из одного источника по несостоявшимся закупкам,2023-03-31,2023-04-10,10,1,Поставщик_0353,693779520630,759611.66,Завершен,False
405934,Стройматериалы,Заказчик_0150,560471705949,Электронный аукцион,2025-03-20,2025-04-01,12,3,Поставщик_0760,233735125812,2937719.77,Завершен,False
405935,Медицинское оборудование,Заказчик_0167,098964499673,Открытый конкурс,2023-07-17,2023-08-10,24,3,Поставщик_0262,018646815901,6939077.07,Завершен,False
405936,Канцелярские товары,Заказчик_0083,349806593311,Открытый конкурс,2024-12-20,2025-01-07,18,4,Поставщик_0442,406737830193,290600.79,Завершен,False
405937,Охранные услуги,Заказчик_0174,628964171749,Электронный аукцион,2024-11-04,2024-11-09,5,1,Поставщик_0454,962676334080,2185481.99,Завершен,False
405938,Медицинское оборудование,Заказчик_0099,557410386890,Из одного источника по несостоявшимся закупкам,2025-02-16,2025-02-25,9,2,Поставщик_0787,912415283490,6985309.28,Завершен,False
405939,Охранные услуги,Заказчик_0082,679471404490,Открытый конкурс,2024-11-07,2024-11-21,14,2,Поставщик_0681,264209549520,2027018.52,Опубликован,False
405940,IT-услуги,Заказчик_0181,093957730128,Запрос ценовых предложений,2023-04-22,2023-05-13,21,3,Поставщик_0448,231433408630,4935671.64,Завершен,False
405941,IT-услуги,Заказчик_0000,602276804025,Электронный аукцион,2025-01-05,2025-01-17,12,4,Поставщик_0488,046505527714,5291187.0,Опубликован,False
405942,Медицинское оборудование,Заказчик_0130,560397578096,Открытый конкурс,2024-10-24,2024-11-10,17,2,Поставщик_0422,801971335920,8799818.32,Опубликован,False
405943,Мебель,Заказчик_0152,918199349998,Открытый конкурс,2024-11-14,2024-11-21,7,2,Поставщик_0270,416062438707,954512.57,Отменен,False
405944,Ремонт зданий,Заказчик_0181,093957730128,Из одного источника,2023-09-08,2023-09-15,7,1,Поставщик_0618,401498858686,6456052.89,Итоги подведены,False
405945,IT-услуги,Заказчик_0121,095952713783,Открытый конкурс,2023-05-18,2023-05-19,1,6,Поставщик_0767,597578096977,4663341.1,Опубликован,False
405946,Стройматериалы,Заказчик_0192,709445965738,Из одного источника,2025-02-20,2025-03-06,14,1,Поставщик_0296,457711350883,3072312.12,Итоги подведены,False
405947,Транспортные услуги,Заказчик_0099,557410386890,Электронный аукцион,2023-04-11,2023-04-23,12,8,Поставщик_0672,334018729361,1238953.03,Итоги подведены,False
405948,Продукты питания,Заказчик_0055,539176725448,Открытый конкурс,2025-01-11,2025-01-18,7,4,Поставщик_0775,848398483906,476831.26,Завершен,False
405949,Мебель,Заказчик_0095,724337750016,Запрос ценовых предложений,2024-08-09,2024-08-19,10,5,Поставщик_0371,223308216567,920110.15,Завершен,False
405950,Охранные услуги,Заказчик_0186,053323099951,Запрос ценовых предложений,2023-11-07,2023-11-24,17,2,Поставщик_0388,413845597476,2014875.17,Завершен,False
405951,Транспортные услуги,Заказчик_0186,053323099951,Открытый конкурс,2024-12-22,2024-12-30,8,3,Поставщик_0573,786259204650,1238323.91,Итоги подведены,False
405952,Продукты питания,Заказчик_0169,512269807126,Электронный аукцион,2023-03-26,2023-04-05,10,2,Поставщик_0535,861556163831,435590.15,Завершен,False
405953,Мебель,Заказчик_0076,276366676869,Из одного источника по несостоявшимся закупкам,2024-07-29,2024-08-16,18,2,Поставщик_0395,127547310444,909240.13,Завершен,False
405954,Ремонт зданий,Заказчик_0191,742687446267,Запрос ценовых предложений,2023-12-20,2024-01-03,14,6,Поставщик_0073,163037373228,5511599.87,Завершен,False
405955,Ремонт зданий,Заказчик_0022,876960826911,Открытый конкурс,2025-03-13,2025-03-29,16,1,Поставщик_0714,202683434669,5853734.6,Завершен,False
405956,Мебель,Заказчик_0052,571247952112,Запрос ценовых предложений,2024-03-22,2024-04-05,14,2,Поставщик_0686,637171490418,912341.42,Итоги подведены,False
405957,Стройматериалы,Заказчик_0197,921159241640,Запрос ценовых предложений,2023-08-09,2023-08-16,7,3,Поставщик_0180,741634681143,2829439.81,Итоги подведены,False
405958,Охранные услуги,Заказчик_0085,228319081121,Электронный аукцион,2024-07-19,2024-07-23,4,6,Поставщик_0305,067077017501,1703284.61,Завершен,False
405959,Мебель,Заказчик_0195,530149191342,Открытый конкурс,2024-12-22,2024-12-28,6,2,Поставщик_0326,956745653116,998861.65,Опубликован,False
405960,Мебель,Заказчик_0086,600723107574,Электронный аукцион,2025-04-28,2025-05-10,12,2,Поставщик_0410,321230379767,993769.17,Завершен,False
405961,Продукты питания,Заказчик_0015,769043821442,Запрос ценовых предложений,2024-04-08,2024-04-23,15,2,Поставщик_0205,587548095375,492847.83,Завершен,False
405962,Стройматериалы,Заказчик_0013,352206298026,Электронный аукцион,2023-08-23,2023-09-01,9,3,Поставщик_0079,893931994271,2633382.66,Завершен,False
405963,Продукты питания,Заказчик_0114,492430052930,Электронный аукцион,2024-10-15,2024-10-21,6,1,Поставщик_0758,294831337443,456456.5,Отменен,False
405964,Продукты питания,Заказчик_0076,276366676869,Из одного источника по несостоявшимся закупкам,2024-08-24,2024-09-01,8,2,Поставщик_0513,247215278928,523575.99,Завершен,False
405965,Канцелярские товары,Заказчик_0189,913923992645,Запрос ценовых предложений,2024-01-01,2024-01-10,9,4,Поставщик_0783,655871465909,319469.77,Итоги подведены,False
405966,Канцелярские товары,Заказчик_0176,053666440505,Запрос ценовых предложений,2023-10-17,2023-10-23,6,1,Поставщик_0766,950405774567,297984.58,Завершен,False
405967,Канцелярские товары,Заказчик_0154,114217757188,Электронный аукцион,2023-06-06,2023-06-20,14,5,Поставщик_0494,962316023940,329857.35,Итоги подведены,False
405968,Медицинское оборудование,Заказчик_0195,530149191342,Из одного источника по несостоявшимся закупкам,2025-03-30,2025-04-12,13,3,Поставщик_0324,084276384524,6965198.65,Завершен,False
405969,Клининг,Заказчик_0100,825533331515,Электронный аукцион,2025-05-04,2025-05-05,1,1,Поставщик_0026,859743472035,882683.2,Опубликован,True
405970,Транспортные услуги,Заказчик_0076,276366676869,Электронный аукцион,2025-01-11,2025-01-25,14,3,Поставщик_0598,544669200201,1145566.07,Итоги подведены,False
405971,Продукты питания,Заказчик_0121,095952713783,Открытый конкурс,2024-07-17,2024-08-03,17,2,Поставщик_0186,073848826607,462609.54,Завершен,False
405972,Мебель,Заказчик_0098,137588080098,Запрос ценовых предложений,2023-11-29,2023-12-15,16,2,Поставщик_0615,400863024307,868777.05,Итоги подведены,False
405973,Транспортные услуги,Заказчик_0074,356428134255,Запрос ценовых предложений,2025-01-16,2025-01-20,4,5,Поставщик_0187,330515207345,1053615.75,Отменен,False
405974,Охранные услуги,Заказчик_0002,930086875935,Открытый конкурс,2023-02-13,2023-02-17,4,5,Поставщик_0130,021955076204,1862959.02,Завершен,False
405975,Канцелярские товары,Заказчик_0198,615372780181,Запрос ценовых предложений,2024-03-13,2024-03-23,10,3,Поставщик_0107,130966453732,317299.73,Завершен,False
405976,Медицинское оборудование,Заказчик_0100,825533331515,Электронный аукцион,2024-11-30,2024-12-03,3,1,Поставщик_0026,859743472035,9996010.67,Итоги подведены,True
405977,Ремонт зданий,Заказчик_0005,965687203229,Открытый конкурс,2024-11-07,2024-11-09,2,1,Поставщик_0255,733092449614,5678769.64,Завершен,False
405978,Клининг,Заказчик_0137,362813537454,Открытый конкурс,2024-02-28,2024-03-20,21,1,Поставщик_0368,861279867778,751924.68,Завершен,False
405979,Стройматериалы,Заказчик_0177,290868910115,Открытый конкурс,2024-02-22,2024-03-06,13,3,Поставщик_0622,537306373772,2866040.39,Отменен,False
405980,Клининг,Заказчик_0068,707783689405,Открытый конкурс,2023-09-04,2023-09-14,10,3,Поставщик_0640,650976221927,740791.69,Завершен,False
405981,Стройматериалы,Заказчик_0184,660677017673,Запрос ценовых предложений,2023-04-12,2023-04-29,17,5,Поставщик_0423,615730788982,2922132.74,Итоги подведены,False
405982,Охранные услуги,Заказчик_0111,446242745384,Запрос ценовых предложений,2023-09-28,2023-10-15,17,2,Поставщик_0373,689124570631,1811062.78,Завершен,False
405983,Мебель,Заказчик_0040,303789475622,Открытый конкурс,2024-11-28,2024-12-08,10,2,Поставщик_0709,350768043619,1044489.85,Завершен,False
405984,Медицинское оборудование,Заказчик_0176,053666440505,Электронный аукцион,2023-11-10,2023-11-14,4,2,Поставщик_0569,141994877032,7899288.09,Завершен,False
405985,Продукты питания,Заказчик_0111,446242745384,Открытый конкурс,2024-03-14,2024-03-19,5,8,Поставщик_0682,433512932356,526237.79,Завершен,False
405986,Медицинское оборудование,Заказчик_0140,572961937397,Из одного источника по несостоявшимся закупкам,2023-01-07,2023-01-23,16,5,Поставщик_0730,344726620896,7040300.57,Завершен,False
405987,Канцелярские товары,Заказчик_0060,098599620746,Электронный аукцион,2023-11-22,2023-11-28,6,4,Поставщик_0147,969417822261,306280.97,Завершен,False
405988,Охранные услуги,Заказчик_0134,006567464629,Запрос ценовых предложений,2024-12-28,2025-01-08,11,1,Поставщик_0106,115345152371,2139365.25,Завершен,False
405989,Канцелярские товары,Заказчик_0089,395460786772,Из одного источника по несостоявшимся закупкам,2024-10-31,2024-11-03,3,4,Поставщик_0612,305653841439,259746.6,Завершен,False
405990,IT-услуги,Заказчик_0124,308392990638,Из одного источника,2024-05-04,2024-05-17,13,2,Поставщик_0420,118735108906,5040966.07,Завершен,False
405991,IT-услуги,Заказчик_0188,511393683388,Электронный аукцион,2024-09-04,2024-09-15,11,3,Поставщик_0422,801971335920,4969169.09,Завершен,False
405992,Транспортные услуги,Заказчик_0082,679471404490,Открытый конкурс,2023-09-07,2023-09-27,20,6,Поставщик_0700,814806005916,1118557.71,Завершен,False
405993,Клининг,Заказчик_0062,298543394596,Открытый конкурс,2025-04-09,2025-04-15,6,4,Поставщик_0010,463052422835,609465.72,Итоги подведены,False
405994,Стройматериалы,Заказчик_0140,572961937397,Из одного источника,2024-12-03,2024-12-12,9,5,Поставщик_0743,060842224765,2603796.84,Завершен,False
405995,Клининг,Заказчик_0139,584877345150,Открытый конкурс,2024-12-08,2024-12-19,11,5,Поставщик_0552,873260164818,751454.09,Завершен,False
405996,Ремонт зданий,Заказчик_0189,913923992645,Электронный аукцион,2023-04-24,2023-05-15,21,2,Поставщик_0359,522051611308,5844532.48,Итоги подведены,False
405997,Транспортные услуги,Заказчик_0138,309592304864,Открытый конкурс,2024-10-16,2024-11-04,19,2,Поставщик_0012,926161926239,1146530.24,Завершен,False
405998,Продукты питания,Заказчик_0027,073988827188,Открытый конкурс,2025-01-22,2025-02-05,14,2,Поставщик_0657,574512230495,538816.36,Завершен,False
405999,Ремонт зданий,Заказчик_0124,308392990638,Запрос ценовых предложений,2024-06-03,2024-06-11,8,1,Поставщик_0266,549008670401,5471052.78,Завершен,False
